description                                                  |annotation_id|genes_found|input_size|term_genes|genes_universe|relative_enrichment|pval                   |pval_adj               |genes
Pathways in cancer                                           |hsa05200     |186        |1134      |405       |61686         |24.982245737801293 |6.074039999999996e-212 |1.8404299999999992e-209|CHUK,CEBPA,CDKN2B,CDKN2A,CDKN1B,CDKN1A,CDK6,CDK4,TXNRD2,CDH1,CDC42,RASGRP1,BCL2L11,AKT3,KEAP1,ROCK2,CCNE1,CCND3,CCND2,RPS6KA5,CCNE2,RUNX1,CASP8,CASP7,CAMK2D,IKBKG,CUL2,FZD6,AXIN2,NCOA3,WNT10B,WNT7A,WNT1,VHL,VEGFC,VEGFA,TRAF3,TP53,TGFBR2,TGFBR1,TGFB3,TGFB2,TGFB1,BRCA2,BRAF,TCF7,STAT5B,STAT5A,STAT4,STAT3,STAT1,BMP4,SPI1,SP1,BMP2,SMO,SKP2,CXCL12,RXRA,RPS6KB1,BCL2,CCND1,ROCK1,BAX,RET,RELA,BAK1,RB1,RARB,RARA,RALA,RAF1,RAD51,RAC1,PTGS2,PTGER4,PTEN,MAP2K1,MAPK9,PRKACB,PPARG,PIK3R2,PIK3R1,PIK3CD,PIM1,PIK3CB,PIK3CA,PDGFRB,PDGFRA,PDGFB,PDGFA,NOTCH2,NOTCH1,NFKB2,NFE2L2,MYC,MSH2,MMP9,MMP2,MITF,MET,MDM2,SMAD4,SMAD3,SMAD2,LRP6,RHOA,LAMC2,LAMC1,KRAS,KIT,AR,JUN,JAK2,JAK1,ITGB1,FASLG,ITGA3,ITGA6,IL13RA1,IL13,IL12RB2,IL12B,IL12A,CXCL8,IL6R,IL2,IKBKB,IGF2,IGF1R,IGF1,IFNG,BIRC5,XIAP,APC,HRAS,APAF1,HIF1A,HGF,HDAC1,MSH6,GSK3B,GRB2,GLI1,MTOR,ABL1,FOS,FN1,FOXO1,FGFR2,FGFR1,FGF9,FGF7,FGF2,AKT2,AKT1,EGLN2,ETS1,ESR2,ESR1,ERBB2,EPOR,EPO,WNT3A,EPAS1,EP300,AGTR1,EGFR,JAG1,TCF7L1,E2F3,E2F2,E2F1,DAPK3,EGLN1,CTNNB1,CTBP2,WNT4,CSF1R,LEF1,CRKL,CRK,DLL1,COL4A2,COL4A1,BBC3
MicroRNAs in cancer                                          |hsa05206     |109        |1134      |149       |61686         |39.79365079365079  |5.686279999999999e-156 |8.614719999999998e-154 |ZFPM2,SIRT1,DICER1,CDKN2A,CDKN1B,CDKN1A,CDK6,CDC25C,CDC25B,CDC25A,SPRY2,CD44,BCL2L11,ZEB2,HDAC4,CCNG1,CCNE1,CCND2,RPS6KA5,CCNE2,SOCS1,TP63,RECK,HMGA2,VIM,EZR,VEGFA,TPM1,TP53,TIMP3,THBS1,TGFB2,ZEB1,BRCA1,STAT3,BMPR2,SOX4,BMI1,FSCN1,SHC1,BCL2L2,BCL2,CCND1,ROCK1,BAK1,RAF1,PTGS2,PTEN,MAP2K1,MAPK7,PLAU,PIK3R2,PIK3R1,PIK3CD,PIM1,PIK3CB,PIK3CA,SERPINB5,ABCB1,PDGFRB,PDGFRA,PDGFB,PDGFA,ATM,NOTCH2,NOTCH1,MYC,MMP16,MMP9,MET,MDM4,MDM2,MCL1,MARCKS,RHOA,STMN1,KRAS,ITGB3,ITGA5,IRS1,IKBKB,APC,HRAS,HOXD10,HNRNPK,HDAC1,GRB2,MTOR,ABL1,EZH2,ERBB3,ERBB2,BMF,WNT3A,SLC45A3,EP300,EGFR,E2F3,E2F2,E2F1,DNMT3B,DNMT3A,DNMT1,CYP24A1,CRKL,CRK,PDCD4,GLS2,FOXP1
PI3K-Akt signaling pathway                                   |hsa04151     |110        |1134      |251       |61686         |23.8392461898438   |1.4685799999999998e-121|1.4832599999999996e-119|CHUK,PHLPP1,PHLPP2,CDKN1B,CDKN1A,CDK6,CDK4,BCL2L11,AKT3,CCNE1,CCND3,CCND2,CCNE2,IKBKG,TCL1A,YWHAZ,YWHAG,VEGFC,VEGFA,TSC1,TP53,TLR4,TLR2,THBS1,BRCA1,STK11,BDNF,RXRA,RPS6KB1,BCL2,CCND1,RELA,RBL2,RAF1,RAC1,PTEN,MAP2K1,PRKAA2,PRKAA1,PPP2R5E,PPP2R2A,PIK3R2,PIK3R1,PIK3CG,PIK3CD,PIK3CB,PIK3CA,PDGFRB,PDGFRA,PDGFB,PDGFA,NTF3,MYC,MYB,MET,MDM2,MCL1,LAMC2,LAMC1,KRAS,KIT,KDR,JAK2,JAK1,ITGB8,ITGB4,ITGB3,ITGB1,FASLG,ITGA5,ITGA3,IRS1,ITGA6,INSR,IL6R,IL2,IKBKB,IGF2,IGF1R,IGF1,IFNB1,HRAS,HGF,ANGPT2,GSK3B,GRB2,MTOR,FN1,FLT1,FOXO3,FGFR2,FGFR1,FGF9,FGF7,FGF2,AKT2,AKT1,ERBB3,ERBB2,EPOR,EPO,EIF4EBP1,EIF4E,EGFR,PDGFC,CSF1R,CREB1,COL4A2,COL4A1,COL1A1
MAPK signaling pathway                                       |hsa04010     |103        |1134      |214       |61686         |26.18164960688325  |3.0407999999999997e-119|2.303409999999999e-117 |CHUK,TAB2,RRAS2,DUSP10,MAP3K2,CDC42,CDC25B,RASGRP1,AKT3,MAP4K4,RPS6KA5,RPS6KA4,TRADD,IKBKG,CACNB3,MAP3K12,VEGFC,VEGFA,TP53,TNF,TGFBR2,TGFBR1,TGFB3,TGFB2,TGFB1,BRAF,STK3,SRF,BDNF,MAP2K4,RPS6KA3,RPS6KA1,RELA,RASA1,RAP1B,RAP1A,RAF1,RAC1,PTPN7,MAP2K3,MAP2K1,MAPK9,MAPK7,PRKACB,PPM1B,PDGFRB,PDGFRA,PDGFB,PDGFA,NTF3,NFKB2,NFATC3,NFATC1,NF1,MYD88,MYC,MAP3K11,MET,MAP3K4,MEF2C,STMN1,KRAS,KIT,KDR,JUN,FASLG,IRAK1,INSR,IL1B,IL1A,IKBKB,IGF2,IGF1R,IGF1,HSPA1B,HRAS,HGF,ANGPT2,GRB2,FOS,FLT1,FGFR2,FGFR1,FGF9,FGF7,FGF2,AKT2,AKT1,ERBB3,ERBB2,EGFR,DUSP6,DUSP4,DUSP2,DUSP1,PDGFC,DAXX,NLK,CSF1R,MAPK14,CRKL,CRK,MAP3K8
Proteoglycans in cancer                                      |hsa05205     |90         |1134      |165       |61686         |29.67099567099567  |7.372179999999998e-111 |4.4675399999999985e-109|RRAS2,CDKN1A,CDC42,CD44,AKT3,ROCK2,CAMK2D,FZD6,WNT10B,WNT7A,WNT1,EZR,VEGFA,VAV2,TWIST1,TP53,TNF,TLR4,TLR2,TIMP3,TIAM1,THBS1,TGFB2,TGFB1,BRAF,STAT3,SRC,SMO,SLC9A1,SDC1,RPS6KB1,CCND1,ROCK1,RAF1,RAC1,MAP2K1,PRKACB,PPP1CC,PPP1CA,PLAU,PIK3R2,PIK3R1,PIK3CD,PIK3CB,PIK3CA,MYC,MSN,MMP9,MMP2,MET,MDM2,SMAD2,RHOA,KRAS,KDR,ITGB3,ITGB1,FASLG,ITGA5,IL12B,IGF2,IGF1R,IGF1,HSPB2,HRAS,HOXD10,HIF1A,HGF,ANK3,GRB2,GPC1,MTOR,FN1,FGFR1,FGF2,AKT2,AKT1,ESR1,ERBB3,ERBB2,WNT3A,EGFR,NANOG,DDX5,CTNNB1,WNT4,MAPK14,PLCE1,PDCD4,COL1A1
Human papillomavirus infection                               |hsa05165     |93         |1134      |204       |61686         |24.798552754435107 |8.639719999999998e-105 |4.363059999999999e-103 |CHUK,CDKN1B,CDKN1A,CDK6,CDK4,CDC42,AKT3,CCNE1,CCND3,CCND2,CCNE2,CASP8,TRADD,IKBKG,FZD6,AXIN2,WNT10B,WNT7A,WNT1,VEGFA,TSC1,TRAF3,TP53,TNF,TLR3,THBS1,TCF7,STAT1,RPS6KB1,CCND1,BAX,RELA,BAK1,RBL2,RBL1,RB1,RAF1,PTGS2,PTGER4,PTEN,ATR,MAP2K1,PRKACB,PPP2R5E,PPP2R2A,PIK3R2,PIK3R1,PIK3CD,PIK3CB,PIK3CA,PDGFRB,ATM,NOTCH2,NOTCH1,MDM2,LAMC2,LAMC1,KRAS,JAK1,ITGB8,ITGB4,ITGB3,ITGB1,FASLG,ITGA5,ITGA3,ITGA6,IKBKB,IFNB1,APC,HRAS,HLA-G,HDAC1,GSK3B,GRB2,MTOR,FN1,FOXO1,AKT2,AKT1,WNT3A,EP300,EIF4EBP1,EGFR,JAG1,TCF7L1,E2F1,CTNNB1,WNT4,CREB1,COL4A2,COL4A1,COL1A1
Hepatitis B                                                  |hsa05161     |74         |1134      |139       |61686         |28.959461002626472 |3.9143199999999993e-90 |1.6943400000000002e-88 |DDX58,CHUK,TAB2,CDKN1A,AKT3,CCNE1,CCNE2,CASP8,IKBKG,YWHAZ,TRAF3,TP53,TNF,TLR4,TLR3,TLR2,TGFBR2,TGFBR1,TGFB3,TGFB2,TGFB1,BRAF,STAT5B,STAT5A,STAT4,STAT3,STAT1,SRC,MAP2K4,BCL2,BAX,RELA,RB1,RAF1,MAP2K3,MAP2K1,MAPK9,PIK3R2,PIK3R1,PIK3CD,PIK3CB,PIK3CA,NFATC3,NFATC1,MYD88,MYC,MMP9,SMAD4,SMAD3,KRAS,JUN,JAK2,JAK1,FASLG,IRAK1,CXCL8,IKBKB,IFNB1,BIRC5,HRAS,APAF1,GRB2,TICAM2,FOS,AKT2,PTK2B,AKT1,EP300,EGR2,E2F3,E2F2,E2F1,MAPK14,CREB1
Breast cancer                                                |hsa05224     |67         |1134      |105       |61686         |34.7103552532124   |2.1766199999999994e-89 |8.243949999999998e-88  |CDKN1A,CDK6,CDK4,AKT3,TNFSF11,FZD6,AXIN2,NCOA3,WNT10B,WNT7A,WNT1,TP53,BRCA2,BRAF,TCF7,BRCA1,SP1,SHC1,RPS6KB1,CCND1,BAX,BAK1,RB1,RAF1,PTEN,MAP2K1,PIK3R2,PIK3R1,PIK3CD,PIK3CB,PIK3CA,NOTCH2,NOTCH1,NFKB2,MYC,LRP6,KRAS,KIT,JUN,IGF1R,IGF1,APC,HRAS,GSK3B,GRB2,MTOR,FOS,FGFR1,FGF9,FGF7,FGF2,AKT2,AKT1,ESR2,ESR1,ERBB2,WNT3A,EGFR,JAG1,TCF7L1,E2F3,E2F2,E2F1,CTNNB1,WNT4,LEF1,DLL1
Cellular senescence                                          |hsa04218     |70         |1134      |121       |61686         |31.469237832874192 |6.936689999999999e-89  |2.33535e-87            |SIRT1,CHEK1,RRAS2,CDKN2B,CDKN2A,CDKN1A,CDK6,TRAF3IP2,CDK4,CDC25A,HIPK3,AKT3,CCNE1,CCND3,CCND2,CCNE2,BTRC,TSC1,TP53,TGFBR2,TGFBR1,TGFB3,TGFB2,TGFB1,CCND1,RELA,RBL2,RBL1,RB1,RAF1,PTEN,ATR,MAP2K3,MAP2K1,PPP1CC,PPP1CA,PIK3R2,PIK3R1,PIK3CD,PIK3CB,PIK3CA,SERPINE1,ATM,NFATC3,NFATC1,MYC,MDM2,SMAD3,SMAD2,KRAS,CXCL8,IL1A,IGFBP3,HRAS,HLA-G,GATA4,MTOR,HIPK1,FOXO3,FOXO1,AKT2,AKT1,ETS1,EIF4EBP1,E2F5,E2F3,E2F2,E2F1,MAPK14,HIPK2
Gastric cancer                                               |hsa05226     |66         |1134      |107       |61686         |33.55318202047174  |1.4162599999999997e-86 |4.2912599999999993e-85 |CDKN2B,CDKN1B,CDKN1A,CDH1,AKT3,CCNE1,CCNE2,FZD6,AXIN2,WNT10B,WNT7A,WNT1,TP53,TGFBR2,TGFBR1,TGFB3,TGFB2,TGFB1,BRAF,TCF7,SHC1,RXRA,RPS6KB1,BCL2,CCND1,BAX,BAK1,RB1,RARB,RAF1,MAP2K1,PIK3R2,PIK3R1,PIK3CD,PIK3CB,PIK3CA,ABCB1,MYC,MET,SMAD4,SMAD3,SMAD2,LRP6,KRAS,APC,HRAS,HGF,GSK3B,GRB2,MTOR,FGFR2,FGF9,FGF7,FGF2,AKT2,AKT1,ERBB2,WNT3A,EGFR,TCF7L1,E2F3,E2F2,E2F1,CTNNB1,WNT4,LEF1
Human T-cell leukemia virus 1 infection                      |hsa05166     |75         |1134      |169       |61686         |24.140602986756832 |1.8416899999999994e-83 |5.0730199999999987e-82 |CHUK,CHEK1,CDKN2C,CDKN2B,CDKN2A,CDKN1A,CDK4,CDC27,AKT3,CCNE1,CCND3,CCND2,PTTG1,CCNE2,KAT2B,NRP1,IKBKG,FOSL1,TP53,TNF,TGFBR2,TGFBR1,TGFB3,TGFB2,TGFB1,TCF3,STAT5B,STAT5A,SRF,SPI1,MAP2K4,CCND1,BAX,RELA,RB1,PTEN,ATR,MAP2K1,MAPK9,PRKACB,PIK3R2,PIK3R1,PIK3CD,PIK3CB,PIK3CA,ATM,NFKB2,NFATC3,NFATC1,MYC,MMP7,SMAD4,SMAD3,SMAD2,KRAS,JUN,JAK1,IL2,IKBKB,XIAP,ICAM1,HRAS,HLA-G,FOS,AKT2,AKT1,ETS1,EP300,EGR2,EGR1,E2F3,E2F2,E2F1,VAC14,CREB1
Signaling pathways regulating pluripotency of stem cells     |hsa04550     |60         |1134      |89        |61686         |36.672017121455326 |2.0950099999999993e-82 |5.289899999999999e-81  |AKT3,ACVR2B,ACVR2A,ACVR1,KLF4,FZD6,AXIN2,PCGF2,WNT10B,WNT7A,WNT1,TCF7,TCF3,STAT3,BMPR2,BMPR1B,BMP4,SOX2,BMI1,REST,RAF1,MAP2K1,POU5F1,PIK3R2,PIK3R1,PIK3CD,PIK3CB,PIK3CA,PAX6,NEUROG1,MYC,MEIS1,SMAD5,SMAD4,SMAD3,SMAD2,SMAD1,LIFR,KRAS,JAK2,JAK1,INHBB,IGF1R,IGF1,ID4,APC,HRAS,GSK3B,GRB2,FGFR2,FGFR1,FGF2,AKT2,AKT1,WNT3A,NANOG,DLX5,CTNNB1,WNT4,MAPK14
Human cytomegalovirus infection                              |hsa05163     |74         |1134      |174       |61686         |23.134282065316548 |1.26877e-80            |2.9572199999999995e-79 |CHUK,CDKN2A,CDKN1A,CDK6,CDK4,AKT3,ROCK2,CASP8,TRADD,IKBKG,VEGFA,TSC1,TP53,TNF,TAP1,STAT3,SRC,SP1,CXCL12,CCL4,RPS6KB1,CCND1,ROCK1,BAX,RELA,BAK1,RB1,RAF1,RAC1,PTGS2,PTGER4,MAP2K1,PRKACB,PIK3R2,PIK3R1,PIK3CD,PIK3CB,PIK3CA,PDGFRA,NFATC3,NFATC1,MYC,MDM2,RHOA,KRAS,JAK1,ITGB3,FASLG,IL10RA,CXCL8,IL6R,IL1B,IKBKB,IFNB1,HRAS,HLA-G,GSK3B,PDIA3,GRB2,MTOR,AKT2,PTK2B,AKT1,EIF4EBP1,EGFR,E2F3,E2F2,E2F1,CTNNB1,MAPK14,CRKL,CRK,CREB1,CCR1
Hepatocellular carcinoma                                     |hsa05225     |63         |1134      |108       |61686         |31.731481481481477 |2.090509999999999e-80  |4.524469999999999e-79  |CDKN2A,CDKN1A,CDK6,CDK4,TXNRD2,AKT3,KEAP1,FZD6,AXIN2,ARID1A,WNT10B,WNT7A,WNT1,TP53,TGFBR2,TGFBR1,TGFB3,TGFB2,TGFB1,BRAF,TCF7,SMARCA4,SHC1,RPS6KB1,CCND1,BAX,BAK1,RB1,RAF1,PTEN,MAP2K1,PIK3R2,PIK3R1,PIK3CD,PIK3CB,PIK3CA,NFE2L2,MYC,MET,SMAD4,SMAD3,SMAD2,LRP6,KRAS,IGF2,IGF1R,APC,HRAS,HGF,GSK3B,GRB2,MTOR,AKT2,AKT1,WNT3A,EGFR,TCF7L1,E2F3,E2F2,E2F1,CTNNB1,WNT4,LEF1
Prostate cancer                                              |hsa05215     |59         |1134      |89        |61686         |36.060816836097736 |2.3600599999999997e-80 |4.767309999999999e-79  |CHUK,CDKN1B,CDKN1A,AKT3,CCNE1,CCNE2,IKBKG,TP53,ZEB1,BRAF,TCF7,BCL2,CCND1,RELA,RB1,RAF1,PTEN,MAP2K1,PLAU,PLAT,PIK3R2,PIK3R1,PIK3CD,PIK3CB,PIK3CA,PDGFRB,PDGFRA,PDGFB,PDGFA,MMP9,MMP3,MDM2,KRAS,AR,IKBKB,IGF1R,IGF1,HRAS,GSK3B,GRB2,MTOR,FOXO1,FGFR2,FGFR1,AKT2,AKT1,ETV5,ERG,ERBB2,EP300,EGFR,TCF7L1,E2F3,E2F2,E2F1,PDGFC,CTNNB1,LEF1,CREB1
Focal adhesion                                               |hsa04510     |70         |1134      |149       |61686         |25.555555555555554 |3.49785e-80            |6.624059999999999e-79  |CDC42,AKT3,ROCK2,CCND3,CCND2,ZYX,VEGFC,VEGFA,VAV2,THBS1,BRAF,SRC,SHC1,BCL2,CCND1,ROCK1,RAP1B,RAP1A,RAF1,RAC1,PTEN,MAP2K1,MAPK9,PPP1CC,PPP1CA,PIK3R2,PIK3R1,PIK3CD,PIK3CB,PIK3CA,PDGFRB,PDGFRA,PDGFB,PDGFA,MET,ARHGAP5,RHOA,LAMC2,LAMC1,KDR,JUN,ITGB8,ITGB4,ITGB3,ITGB1,ITGA5,ITGA3,ITGA6,IGF1R,IGF1,XIAP,HRAS,HGF,GSK3B,GRB2,FYN,FN1,FLT1,AKT2,AKT1,ERBB2,EGFR,PAK5,PDGFC,CTNNB1,CRKL,CRK,COL4A2,COL4A1,COL1A1
Kaposi sarcoma-associated herpesvirus infection              |hsa05167     |69         |1134      |146       |61686         |25.70808871493803  |2.7843399999999994e-79 |4.96267e-78            |GABARAPL1,CHUK,ATG14,CDKN1A,CDK6,CDK4,AKT3,CASP8,TRADD,BECN1,IKBKG,VEGFA,TRAF3,TP53,TLR3,TCF7,STAT3,STAT1,SRC,MAP2K4,CCND1,BAX,RELA,BAK1,RB1,RAF1,RAC1,PTGS2,MAP2K1,MAPK9,PIK3R2,PIK3R1,PIK3CG,PIK3CD,PIK3CB,PIK3CA,PDGFB,NFATC3,NFATC1,MYC,KRAS,JUN,JAK2,JAK1,CXCL8,IKBKB,IFNB1,ICAM1,HRAS,HLA-G,HIF1A,ANGPT2,GSK3B,MTOR,FOS,FGF2,AKT2,AKT1,EP300,TCF7L1,E2F3,E2F2,E2F1,RCAN1,CTNNB1,MAPK14,LEF1,CREB1,CCR1
FoxO signaling pathway                                       |hsa04068     |61         |1134      |108       |61686         |30.724132863021747 |1.2033099999999998e-76 |2.0255699999999995e-75 |GABARAPL1,CHUK,SIRT1,CDKN2D,CDKN2B,CDKN1B,CDKN1A,BCL2L11,AKT3,CCND2,ATG12,TNFSF10,TGFBR2,TGFBR1,TGFB3,TGFB2,TGFB1,BRAF,STK11,STAT3,SOD2,SLC2A4,SKP2,BCL6,CCND1,RBL2,RAF1,PTEN,MAP2K1,MAPK9,PRKAB1,PRKAA2,PRKAA1,PIK3R2,PIK3R1,PIK3CD,PIK3CB,PIK3CA,ATM,MDM2,SMAD4,SMAD3,KRAS,FASLG,IRS1,INSR,IKBKB,IGF1R,IGF1,HRAS,GRB2,FOXO3,FOXO1,FOXG1,AKT2,AKT1,EP300,EGFR,S1PR1,NLK,MAPK14
AGE-RAGE signaling pathway in diabetic complications         |hsa04933     |56         |1134      |88        |61686         |34.61616161616162  |9.427679999999998e-75  |1.50347e-73            |CDKN1B,CDK4,CDC42,AKT3,VEGFC,VEGFA,TNF,TGFBR2,TGFBR1,TGFB3,TGFB2,TGFB1,STAT5B,STAT5A,STAT3,STAT1,SELE,BCL2,CCND1,BAX,RELA,RAC1,MAPK9,PIK3R2,PIK3R1,PIK3CD,PIM1,PIK3CB,PIK3CA,SERPINE1,NFATC1,MMP2,SMAD4,SMAD3,SMAD2,KRAS,JUN,JAK2,CXCL8,IL1B,IL1A,ICAM1,HRAS,FN1,FOXO1,AKT2,AKT1,AGTR1,EGR1,CYBB,MAPK14,PLCE1,COL4A2,COL4A1,COL3A1,COL1A1
Transcriptional misregulation in cancer                      |hsa05202     |62         |1134      |125       |61686         |26.980825396825395 |4.754479999999999e-73  |7.203039999999999e-72  |CEBPB,CEBPA,CDKN2C,CDKN1B,CDKN1A,CDK9,CCNT2,CCND2,RUNX1,RUNX2,HMGA2,NR4A3,TP53,TGFBR2,ZEB1,TCF3,SPI1,SP1,BMI1,SIX1,RXRA,BCL6,BAX,RELA,BAK1,RARA,PPARG,PLAU,PLAT,PDGFA,PAX3,ATM,ATF1,MYCN,MYC,MMP9,MMP3,MITF,MET,MEN1,MEIS1,MEF2C,MDM2,SMAD1,CXCL8,IGFBP3,IGF1R,IGF1,HPGD,HOXA10,HDAC1,FUT8,FLT1,FOXO1,EYA1,ETV5,ETV1,ERG,SLC45A3,DUSP6,DDX5,CSF1R
Epstein-Barr virus infection                                 |hsa05169     |65         |1134      |145       |61686         |24.3847837985769   |8.430329999999999e-73  |1.2163799999999996e-71 |DDX58,CHUK,TAB2,CDKN1B,CDKN1A,CDK6,CDK4,CD44,BCL2L11,AKT3,NCOR2,CCNE1,CCND3,CCND2,CCNE2,RUNX3,CASP8,TRADD,IKBKG,VIM,TRAF3,TP53,TNFAIP3,TNF,TLR2,TAP1,STAT3,STAT1,SKP2,MAP2K4,BCL2,CCND1,BAX,RELA,BAK1,RB1,RAC1,MAP2K3,MAPK9,PIK3R2,PIK3R1,PIK3CD,PIK3CB,PIK3CA,NFKB2,MYD88,MYC,MDM2,JUN,JAK1,IRAK1,CXCL10,IKBKB,IFNB1,ICAM1,APAF1,HLA-G,HDAC1,PDIA3,AKT2,AKT1,E2F3,E2F2,E2F1,MAPK14
Pancreatic cancer                                            |hsa05212     |50         |1134      |71        |61686         |38.30762351889112  |2.1549199999999997e-70 |2.967909999999999e-69  |CHUK,CDKN2A,CDKN1A,CDK6,CDK4,CDC42,AKT3,IKBKG,VEGFA,TP53,TGFBR2,TGFBR1,TGFB3,TGFB2,TGFB1,BRCA2,BRAF,STAT3,STAT1,RPS6KB1,CCND1,BAX,RELA,BAK1,RB1,RALA,RAF1,RAD51,RAC1,MAP2K1,MAPK9,PIK3R2,PIK3R1,PIK3CD,PIK3CB,PIK3CA,SMAD4,SMAD3,SMAD2,KRAS,JAK1,IKBKB,MTOR,AKT2,AKT1,ERBB2,EGFR,E2F3,E2F2,E2F1
Chronic myeloid leukemia                                     |hsa05220     |50         |1134      |72        |61686         |37.77557319223986  |6.93083e-70            |9.130609999999999e-69  |CHUK,CDKN2A,CDKN1B,CDKN1A,CDK6,CDK4,AKT3,GAB2,RUNX1,IKBKG,TP53,TGFBR2,TGFBR1,TGFB3,TGFB2,TGFB1,BRAF,STAT5B,STAT5A,SHC1,CCND1,BAX,RELA,BAK1,RB1,RAF1,MAP2K1,PIK3R2,PIK3R1,PIK3CD,PIK3CB,PIK3CA,MYC,MDM2,SMAD4,SMAD3,KRAS,IKBKB,HRAS,HDAC1,GRB2,ABL1,AKT2,AKT1,E2F3,E2F2,E2F1,CTBP2,CRKL,CRK
Ras signaling pathway                                        |hsa04014     |66         |1134      |165       |61686         |21.75873015873016  |8.261589999999998e-70  |1.0430299999999997e-68 |CHUK,RRAS2,CDC42,RASGRP1,AKT3,GAB2,IKBKG,ZAP70,VEGFC,VEGFA,TIAM1,SHC1,BDNF,RELA,RASA1,RAP1B,RAP1A,RALA,RAF1,RAC1,RAB5A,MAP2K1,MAPK9,PRKACB,PIK3R2,PIK3R1,PIK3CD,PIK3CB,PIK3CA,PDGFRB,PDGFRA,PDGFB,PDGFA,NTF3,NF1,MET,RHOA,KRAS,KIT,KDR,FASLG,INSR,IKBKB,IGF2,IGF1R,IGF1,HRAS,HGF,ANGPT2,GRIN2A,GRB2,ABL1,FLT1,FGFR2,FGFR1,FGF9,FGF7,FGF2,AKT2,AKT1,ETS1,EGFR,PAK5,PDGFC,CSF1R,PLCE1
Measles                                                      |hsa05162     |58         |1134      |113       |61686         |27.920494451467903 |1.4600399999999998e-69 |1.76957e-68            |DDX58,CHUK,TAB2,CDKN1B,ADAR,CDK6,CDK4,AKT3,CCNE1,CCND3,CCND2,CCNE2,CASP8,TRADD,IKBKG,TRAF3,TP73,TP53,TNFAIP3,TLR4,TLR2,STAT5B,STAT5A,STAT3,STAT1,BCL2,CCND1,BAX,RELA,BAK1,MAPK9,PIK3R2,PIK3R1,PIK3CD,PIK3CB,PIK3CA,MYD88,MSN,JUN,JAK1,FASLG,IRAK1,IL12B,IL12A,IL2,IL1B,IL1A,IKBKB,IFNB1,HSPA1B,APAF1,GSK3B,FOS,AKT2,AKT1,CSNK2A1,TLR7,BBC3
Endocrine resistance                                         |hsa01522     |53         |1134      |87        |61686         |33.13829593139938  |2.8478299999999995e-69 |3.3188199999999993e-68 |CDKN2C,CDKN2A,CDKN1B,CDKN1A,CDK4,CARM1,AKT3,NCOA3,TP53,BRAF,SRC,SP1,SHC1,RPS6KB1,BCL2,CCND1,BAX,RB1,RAF1,MAP2K1,MAPK9,PRKACB,MED1,PIK3R2,PIK3R1,PIK3CD,PIK3CB,PIK3CA,NOTCH2,NOTCH1,MMP9,MMP2,MDM2,KRAS,JUN,IGF1R,IGF1,HRAS,GRB2,MTOR,FOS,AKT2,AKT1,ESR2,ESR1,ERBB2,EGFR,JAG1,E2F3,E2F2,E2F1,MAPK14,DLL1
Hepatitis C                                                  |hsa05160     |57         |1134      |113       |61686         |27.439106616097767 |8.499469999999998e-68  |9.538289999999998e-67  |DDX58,CHUK,CDKN1A,CDK6,CDK4,AKT3,SCARB1,CLDN2,CLDN10,SOCS3,CASP8,TRADD,IKBKG,YWHAZ,YWHAG,TRAF3,TP53,TNF,TLR3,BRAF,STAT3,STAT1,RXRA,CCND1,BAX,RELA,BAK1,RB1,RAF1,MAP2K1,PPP2R2A,PPARA,PIK3R2,PIK3R1,PIK3CD,PIK3CB,PIK3CA,MYC,LDLR,KRAS,JAK1,FASLG,CXCL10,IKBKB,IFNG,IFNB1,HRAS,APAF1,GSK3B,GRB2,AKT2,AKT1,EGFR,E2F3,E2F2,E2F1,CTNNB1
Colorectal cancer                                            |hsa05210     |50         |1134      |81        |61686         |33.57828728199099  |7.669179999999999e-66  |8.299149999999998e-65  |CDKN1A,BCL2L11,AKT3,AXIN2,TP53,TGFBR2,TGFBR1,TGFB3,TGFB2,TGFB1,BRAF,TCF7,RPS6KB1,BCL2,CCND1,BAX,BAK1,RALA,RAF1,RAC1,MAP2K1,MAPK9,PIK3R2,PIK3R1,PIK3CD,PIK3CB,PIK3CA,MYC,MSH2,SMAD4,SMAD3,SMAD2,RHOA,KRAS,JUN,BIRC5,APC,HRAS,MSH6,GSK3B,GRB2,MTOR,FOS,AKT2,AKT1,EGFR,TCF7L1,CTNNB1,LEF1,BBC3
EGFR tyrosine kinase inhibitor resistance                    |hsa01521     |48         |1134      |75        |61686         |34.81396825396825  |2.0979799999999995e-64 |2.1920299999999997e-63 |BCL2L11,AKT3,VEGFA,BRAF,STAT3,SRC,SHC1,RPS6KB1,BCL2,BAX,RAF1,AXL,PTEN,MAP2K1,PIK3R2,PIK3R1,PIK3CD,PIK3CB,PIK3CA,PDGFRB,PDGFRA,PDGFB,PDGFA,NF1,MET,KRAS,KDR,JAK2,JAK1,IL6R,IGF1R,IGF1,HRAS,HGF,GSK3B,GRB2,MTOR,FOXO3,FGFR2,FGF2,AKT2,AKT1,ERBB3,ERBB2,EIF4EBP1,EIF4E,EGFR,PDGFC
Fluid shear stress and atherosclerosis                       |hsa05418     |54         |1134      |107       |61686         |27.452603471295056 |2.6736699999999997e-64 |2.70041e-63            |TXN2,CHUK,CDH5,AKT3,ACVR2B,KEAP1,ACVR2A,ACVR1,IKBKG,VEGFA,TP53,TNF,BMPR2,BMPR1B,SRC,BMP4,MAP2K4,SELE,SDC1,BCL2,RELA,RAC1,MAPK9,MAPK7,PRKAA2,PRKAA1,PLAT,PIK3R2,PIK3R1,PIK3CD,PIK3CB,PIK3CA,PDGFB,PDGFA,NFE2L2,MMP9,MMP2,MEF2C,RHOA,KDR,JUN,ITGB3,IL1B,IL1A,IKBKB,IFNG,ICAM1,GPC1,FOS,AKT2,AKT1,DUSP1,CTNNB1,MAPK14
Shigellosis                                                  |hsa05131     |62         |1134      |169       |61686         |19.95623180238565  |8.145689999999999e-63  |7.961749999999998e-62  |GABARAPL1,CHUK,TAB2,ATG14,CBX3,CDC42,SEPTIN7,CD44,AKT3,ROCK2,ATG5,RPS6KA5,ATG12,BTRC,BCL10,TRADD,BECN1,IKBKG,UBE2N,TP53,TNF,TLR4,SRC,RPS6KB1,BCL2,ROCK1,BAX,RELA,RAC1,MAPK9,PIK3R2,PIK3R1,PIK3CD,PIK3CB,PIK3CA,ATM,SEPTIN2,MYD88,MDM2,RHOA,JUN,ITGB1,ITGA5,CXCL8,IL1B,IKBKB,IFNB1,HK2,GSK3B,TAB3,MTOR,FOXO3,FOXO1,AKT2,AKT1,EGFR,ELMO2,ATG16L1,MAPK14,PLCE1,CRKL,CRK
Viral carcinogenesis                                         |hsa05203     |57         |1134      |133       |61686         |23.312925170068027 |1.5104699999999996e-62 |1.4302299999999998e-61 |CHEK1,CDKN2B,CDKN2A,CDKN1B,CDKN1A,CDK6,CDK4,CDC42,HDAC4,CCNE1,CCND3,CCND2,CCNE2,CASP8,KAT2B,TRADD,IKBKG,YWHAZ,YWHAG,TRAF3,TP53,STAT5B,STAT5A,STAT3,SRF,SRC,SKP2,CCND1,BAX,RELA,BAK1,RBL2,RBL1,RB1,RAC1,PRKACB,PIK3R2,PIK3R1,PIK3CD,PIK3CB,PIK3CA,NFKB2,MDM2,RHOA,KRAS,JUN,JAK1,HRAS,HNRNPK,HLA-G,HDAC1,GRB2,EP300,EGR2,VAC14,HDAC7,CREB1
Melanoma                                                     |hsa05218     |43         |1134      |58        |61686         |40.32868089764641  |2.43402e-62            |2.2348699999999996e-61 |CDKN2A,CDKN1A,CDK6,CDK4,CDH1,AKT3,TP53,BRAF,CCND1,BAX,BAK1,RB1,RAF1,PTEN,MAP2K1,PIK3R2,PIK3R1,PIK3CD,PIK3CB,PIK3CA,PDGFRB,PDGFRA,PDGFB,PDGFA,MITF,MET,MDM2,KRAS,IGF1R,IGF1,HRAS,HGF,FGFR1,FGF9,FGF7,FGF2,AKT2,AKT1,EGFR,E2F3,E2F2,E2F1,PDGFC
Hippo signaling pathway                                      |hsa04390     |51         |1134      |100       |61686         |27.742380952380948 |4.2098e-61             |3.751669999999999e-60  |CDH1,YAP1,CCND3,CCND2,BTRC,FZD6,AXIN2,GDF5,YWHAZ,YWHAG,WNT10B,WNT7A,WNT1,TP73,TP53BP2,TGFBR2,TGFBR1,TGFB3,TGFB2,TGFB1,TCF7,STK3,BMPR2,BMPR1B,BMP7,BMP4,BMP2,SOX2,CCND1,PPP2R2A,PPP1CC,PPP1CA,SERPINE1,MYC,SMAD7,SMAD4,SMAD3,SMAD2,SMAD1,BIRC5,APC,GSK3B,WNT3A,NKD1,TCF7L1,CTNNB1,CCN2,WNT4,LEF1,BBC3,LATS2
JAK-STAT signaling pathway                                   |hsa04630     |53         |1134      |116       |61686         |24.85372194854953  |4.1249499999999996e-60 |3.5710299999999996e-59 |IL24,CDKN1A,PIAS3,AKT3,CCND3,CCND2,SOCS6,SOCS3,SOCS1,STAT5B,STAT5A,STAT4,STAT3,STAT1,BCL2,CCND1,RAF1,PIK3R2,PIK3R1,PIK3CD,PIM1,PIK3CB,PIK3CA,PDGFRB,PDGFRA,PDGFB,PDGFA,MYC,MPL,MCL1,LIFR,JAK2,JAK1,IL13RA1,IL13,IL12RB2,IL12B,IL12A,IL10RA,IL6R,IL2,IFNG,IFNB1,HRAS,GRB2,MTOR,AKT2,AKT1,EPOR,EPO,EP300,EGFR,IL21R
Cell cycle                                                   |hsa04110     |48         |1134      |87        |61686         |30.01204159824849  |7.720589999999999e-60  |6.498159999999999e-59  |CHEK1,CDKN2D,CDKN2C,CDKN2B,CDKN2A,CDKN1C,CDKN1B,CDKN1A,CDK6,CDK4,CDC27,CDC25C,CDC25B,CDC25A,CCNE1,CCND3,CCND2,PTTG1,CCNE2,YWHAZ,YWHAG,WEE1,TP53,TGFB3,TGFB2,TGFB1,TFDP2,SKP2,CCND1,RBL2,RBL1,RB1,RAD21,ATR,ATM,MYC,MDM2,SMAD4,SMAD3,SMAD2,HDAC1,GSK3B,ABL1,EP300,E2F5,E2F3,E2F2,E2F1
Small cell lung cancer                                       |hsa05222     |46         |1134      |77        |61686         |32.496804782519064 |1.0984999999999997e-59 |8.995809999999998e-59  |CHUK,CDKN2B,CDKN1B,CDKN1A,CDK6,CDK4,AKT3,CCNE1,CCNE2,IKBKG,TRAF3,TP53,SKP2,RXRA,BCL2,CCND1,BAX,RELA,BAK1,RB1,RARB,PTGS2,PTEN,PIK3R2,PIK3R1,PIK3CD,PIK3CB,PIK3CA,MYC,LAMC2,LAMC1,ITGB1,ITGA3,ITGA6,IKBKB,XIAP,APAF1,FN1,FHIT,AKT2,AKT1,E2F3,E2F2,E2F1,COL4A2,COL4A1
Rap1 signaling pathway                                       |hsa04015     |59         |1134      |162       |61686         |19.81118949637468  |1.3304399999999997e-59 |1.06085e-58            |CDH1,CDC42,AKT3,DOCK4,VEGFC,VEGFA,VAV2,TIAM1,THBS1,BRAF,SRC,RAP1B,RAP1A,RALA,RAF1,RAC1,MAP2K3,MAP2K1,PRKD1,PIK3R2,PIK3R1,PIK3CD,PIK3CB,PIK3CA,PDGFRB,PDGFRA,PDGFB,PDGFA,MET,RHOA,KRAS,KIT,KDR,ITGB3,ITGB1,INSR,IGF1R,IGF1,HRAS,HGF,ANGPT2,GRIN2A,FLT1,FGFR2,FGFR1,FGF9,FGF7,FGF2,AKT2,AKT1,EGFR,PDGFC,CTNNB1,CSF1R,MAPK14,PLCE1,ADORA2A,CRKL,CRK
Salmonella infection                                         |hsa05132     |57         |1134      |149       |61686         |20.80952380952381  |4.4432599999999995e-59 |3.45207e-58            |TXN2,CHUK,TAB2,WASF3,CDC42,TUBB4B,AKT3,ROCK2,CASP8,CASP7,TNFRSF10A,TNFRSF10B,TNFSF10,TRADD,IKBKG,TNF,TLR4,TLR2,TCF7,MAP2K4,BCL2,BAX,RELA,BAK1,RALA,RAF1,RAC1,RAB5A,MAP2K3,MAP2K1,MAPK9,PODXL,PIK3CG,PIK3CD,PIK3CB,PIK3CA,MYO6,MYD88,MYC,RHOB,RHOA,JUN,IRAK1,CXCL8,IL1B,IKBKB,HRAS,TAB3,FOS,AKT2,AKT1,TCF7L1,KLC2,ELMO2,CTNNB1,MAPK14,LEF1
Neurotrophin signaling pathway                               |hsa04722     |49         |1134      |98        |61686         |27.198412698412696 |3.4994800000000005e-58 |2.6508599999999995e-57 |PRDM4,CDC42,AKT3,RPS6KA5,CAMK2D,CAMK4,TP73,TP53,BRAF,SHC1,BDNF,RPS6KA3,RPS6KA1,BCL2,BAX,RELA,RAP1B,RAP1A,RAF1,RAC1,MAP2K1,MAPK9,MAPK7,PIK3R2,PIK3R1,PIK3CD,PIK3CB,PIK3CA,NTRK3,NTF3,ARHGDIB,ARHGDIA,RHOA,KRAS,JUN,FASLG,IRS1,IRAK1,IKBKB,HRAS,GSK3B,GRB2,ABL1,FOXO3,AKT2,AKT1,MAPK14,CRKL,CRK
Pathways of neurodegeneration - multiple diseases            |hsa05022     |64         |1134      |227       |61686         |15.33654989161597  |2.15549e-56            |1.5929599999999998e-55 |GABARAPL1,ATG14,TUBB4B,SIGMAR1,PPIF,MFN2,CASP8,CASP7,BECN1,CAMK2D,FZD6,AXIN2,XBP1,WNT10B,WNT7A,WNT1,TNF,BRAF,STX1A,BDNF,ATXN1,BCL2,BAX,RELA,BAK1,RAF1,RAC1,RAB5A,RAB1A,PTGS2,PSMD9,MAP2K3,MAP2K1,MAPK9,ATP5F1B,ATP2A2,CYTB,COX2,LRP6,KRAS,FASLG,APP,IL1B,IL1A,HSPA5,APC,HRAS,APAF1,GSK3B,GRIN2A,GPX2,MTOR,LRRK2,WNT3A,DERL1,PINK1,KLC2,DAXX,CYBB,CTNNB1,WNT4,CSNK2A1,MAPK14,DKK2
Osteoclast differentiation                                   |hsa04380     |49         |1134      |105       |61686         |25.385185185185186 |3.0403999999999997e-56 |2.19343e-55            |CHUK,TAB2,AKT3,GAB2,SOCS3,SOCS1,TNFSF11,CAMK4,IKBKG,FOSL1,TNF,TGFBR2,TGFBR1,TGFB2,TGFB1,STAT1,SPI1,RELA,RAC1,MAP2K1,MAPK9,PPARG,PIK3R2,PIK3R1,PIK3CD,PIK3CB,PIK3CA,NFKB2,NFATC1,MITF,JUN,JAK1,ITGB3,IL1B,IL1A,IKBKB,IFNG,IFNB1,GRB2,FYN,FOS,SIRPA,AKT2,AKT1,CYLD,TREM2,CSF1R,MAPK14,CREB1
TNF signaling pathway                                        |hsa04668     |48         |1134      |100       |61686         |26.110476190476188 |6.893469999999999e-56  |4.8574900000000006e-55 |CHUK,TAB2,CEBPB,DNM1L,AKT3,RPS6KA5,SOCS3,RPS6KA4,CASP8,CASP7,TRADD,IKBKG,VEGFC,TRAF3,TNFAIP3,TNF,MAP2K4,SELE,CCL20,BCL3,RELA,PTGS2,MAP2K3,MAP2K1,MAPK9,PIK3R2,PIK3R1,PIK3CD,PIK3CB,PIK3CA,MMP14,MMP9,MMP3,JUN,CXCL10,IL1B,IKBKB,IFNB1,ICAM1,TAB3,FOS,AKT2,AKT1,ITCH,JAG1,MAPK14,CREB1,MAP3K8
Herpes simplex virus 1 infection                             |hsa05168     |52         |1134      |128       |61686         |22.098710317460316 |1.1864299999999998e-55 |8.17022e-55            |DDX58,CHUK,TAB2,AKT3,SOCS3,CASP8,TRADD,IKBKG,TSC1,TRAF3,TP53,TNF,TLR3,TLR2,TAP1,STAT1,SRC,SRSF1,BCL2,BAX,RELA,BAK1,PPP1CC,PPP1CA,PIK3R2,PIK3R1,PIK3CD,PIK3CB,PIK3CA,MYD88,JAK2,JAK1,ITGB3,FASLG,ITGA5,IRAK1,IL12B,IL12A,IL1B,IKBKB,IFNG,IFNB1,APAF1,HLA-G,PDIA3,ZNF763,MTOR,AKT2,AKT1,EIF4EBP1,ZNF350,DAXX
Human immunodeficiency virus 1 infection                     |hsa05170     |55         |1134      |151       |61686         |19.81341322400925  |1.2251699999999996e-55 |8.249479999999999e-55  |CHUK,CHEK1,TAB2,CDC25C,AKT3,BTRC,CASP8,TRADD,IKBKG,CUL5,WEE1,TNF,TLR4,TLR2,TAP1,RPS6KB1,BCL2,BAX,RELA,BAK1,RAF1,RAC1,ATR,MAP2K3,MAP2K1,MAPK9,PIK3R2,PIK3R1,PIK3CD,PIK3CB,PIK3CA,ATM,NFATC3,NFATC1,MYD88,LIMK1,KRAS,JUN,FASLG,IRAK1,IKBKB,IFNB1,HRAS,HLA-G,PDIA3,MTOR,APOBEC3A,FOS,AKT2,PTK2B,AKT1,PAK5,MAPK14,CRKL,CRK
Alzheimer disease                                            |hsa05010     |58         |1134      |177       |61686         |17.824948435117925 |1.72213e-55            |1.13436e-54            |BACE1,CHUK,NCSTN,ATG14,TUBB4B,PPIF,AKT3,CASP8,CASP7,BECN1,FZD6,AXIN2,XBP1,WNT10B,WNT7A,WNT1,TNF,BRAF,RELA,RAF1,PTGS2,PSMD9,MAP2K1,MAPK9,ATP5F1B,PIK3R2,PIK3R1,PIK3CD,PIK3CB,PIK3CA,ATP2A2,CYTB,COX2,LRP6,LRP1,KRAS,IRS1,INSR,APP,IL1B,IL1A,IKBKB,APC,HRAS,APAF1,GSK3B,GRIN2A,MTOR,AKT2,AKT1,WNT3A,KLC2,RTN4,CYBB,CTNNB1,WNT4,CSNK2A1,DKK2
Yersinia infection                                           |hsa05135     |49         |1134      |113       |61686         |23.588003933136676 |3.0580400000000006e-54 |1.9714599999999998e-53 |CHUK,TAB2,CDC42,AKT3,ROCK2,IKBKG,ZAP70,VAV2,TNF,TLR4,SRC,MAP2K4,RPS6KA3,RPS6KA1,ROCK1,RELA,RAC1,MAP2K3,MAP2K1,MAPK9,PIK3R2,PIK3R1,PIK3CD,PIK3CB,PIK3CA,NFATC3,NFATC1,MYD88,RHOA,LIMK1,JUN,ITGB1,ITGA5,IRAK1,CXCL8,IL2,IL1B,IKBKB,IFNB1,GSK3B,FOS,FN1,AKT2,PTK2B,AKT1,ELMO2,MAPK14,CRKL,CRK
Non-alcoholic fatty liver disease                            |hsa04932     |42         |1134      |72        |61686         |31.73148148148148  |5.839349999999999e-54  |3.68609e-53            |CEBPA,CDC42,BCL2L11,AKT3,SOCS3,CASP8,CASP7,XBP1,TNF,TGFB1,SREBF1,RXRA,BAX,RELA,RAC1,MAPK9,PRKAB1,PRKAA2,PRKAA1,PPARA,PIK3R2,PIK3R1,PIK3CD,PIK3CB,PIK3CA,CYTB,COX2,MAP3K11,JUN,FASLG,IRS1,INSR,CXCL8,IL6R,IL1B,IL1A,IKBKB,GSK3B,FOS,AKT2,AKT1,ITCH
TGF-beta signaling pathway                                   |hsa04350     |41         |1134      |69        |61686         |32.32275132275132  |3.48189e-53            |2.15309e-52            |CDKN2B,ACVR2B,ACVR2A,ACVR1,ZFYVE9,GDF5,TNF,THBS1,TGIF1,TGFBR2,TGFBR1,TGFB3,TGFB2,TGFB1,BMPR2,BMPR1B,BMP7,BMP4,SP1,BMP2,RPS6KB1,ROCK1,RBL1,MYC,SMAD7,SMAD5,SMAD4,SMAD3,SMAD2,SMAD1,RHOA,INHBB,IFNG,ID4,FMOD,FBN1,EP300,E2F5,TGIF2,SMURF1,GREM1
Glioma                                                       |hsa05214     |39         |1134      |61        |61686         |34.77829820452771  |1.6181699999999998e-52 |9.806110000000001e-52  |CDKN2A,CDKN1A,CDK6,CDK4,AKT3,CAMK2D,CAMK4,TP53,BRAF,SHC1,CCND1,BAX,BAK1,RB1,RAF1,PTEN,MAP2K1,PIK3R2,PIK3R1,PIK3CD,PIK3CB,PIK3CA,PDGFRB,PDGFRA,PDGFB,PDGFA,MDM2,KRAS,IGF1R,IGF1,HRAS,GRB2,MTOR,AKT2,AKT1,EGFR,E2F3,E2F2,E2F1
Wnt signaling pathway                                        |hsa04310     |44         |1134      |89        |61686         |26.892812555733904 |4.454319999999999e-52  |2.6463899999999998e-51 |ROCK2,CCND3,CCND2,BTRC,CAMK2D,FZD6,AXIN2,FOSL1,WNT10B,WNT7A,WNT1,TP53,TCF7,SFRP5,SFRP1,CCND1,RAC1,MAPK9,PRKACB,NFATC3,NFATC1,MYC,MMP7,SMAD4,SMAD3,LRP6,RHOA,JUN,APC,GSK3B,WNT3A,NKD1,EP300,ZNRF3,TCF7L1,SOX17,CTNNBIP1,CTNNB1,CTBP2,WNT4,NLK,CSNK2A1,LEF1,DKK2
Influenza A                                                  |hsa05164     |48         |1134      |117       |61686         |22.316646316646317 |1.0279099999999999e-51 |5.989549999999999e-51  |DDX58,CHUK,ADAR,CDK6,CDK4,AKT3,CCND3,SOCS3,CASP8,TNFRSF10A,TNFRSF10B,TNFSF10,TRADD,IKBKG,TRAF3,TNF,TLR4,TLR3,STAT1,BAX,RELA,BAK1,RAF1,MAP2K1,PIK3R2,PIK3R1,PIK3CD,PIK3CB,PIK3CA,MYD88,JAK2,JAK1,FASLG,CXCL10,IL12B,IL12A,CXCL8,IL1B,IL1A,IKBKB,IFNG,IFNB1,ICAM1,APAF1,AKT2,AKT1,EP300,TLR7
mTOR signaling pathway                                       |hsa04150     |44         |1134      |91        |61686         |26.301761730333155 |1.6295e-51             |9.31585e-51            |CHUK,AKT3,FZD6,WNT10B,WNT7A,WNT1,TSC1,TNF,BRAF,STK11,SKP2,RPS6KB1,RPS6KA3,RPS6KA1,RAF1,PTEN,MAP2K1,PRKAA2,PRKAA1,PIK3R2,PIK3R1,PIK3CD,PIK3CB,PIK3CA,LRP6,RHOA,KRAS,IRS1,INSR,IKBKB,IGF1R,IGF1,HRAS,GSK3B,GRB2,RICTOR,MTOR,AKT2,AKT1,WNT3A,EIF4EBP1,EIF4E,WNT4,CAB39
Thyroid hormone signaling pathway                            |hsa04919     |43         |1134      |86        |61686         |27.198412698412696 |3.33117e-51            |1.8691599999999998e-50 |AKT3,KAT2B,NCOA3,TP53,THRB,STAT1,SRC,BMP4,SLC16A2,SLC9A1,RXRA,CCND1,RAF1,MAP2K1,PRKACB,MED1,PIK3R2,PIK3R1,PIK3CD,PIK3CB,PIK3CA,ATP2A2,NOTCH2,NOTCH1,MYC,MDM2,KRAS,ITGB3,HRAS,HIF1A,HDAC1,GSK3B,GATA4,MTOR,FOXO1,AKT2,AKT1,ESR1,EP300,RCAN1,CTNNB1,WNT4,PLCE1
Chemokine signaling pathway                                  |hsa04062     |49         |1134      |131       |61686         |20.34690415606446  |2.2653799999999997e-50 |1.2480199999999998e-49 |CHUK,CDC42,CCL26,AKT3,ROCK2,IKBKG,VAV2,TIAM1,BRAF,STAT5B,STAT3,STAT1,SRC,SHC1,CXCL12,CCL22,CCL20,CCL4,CCL1,ROCK1,RELA,RAP1B,RAP1A,RAF1,RAC1,MAP2K1,PRKACB,PIK3R2,PIK3R1,PIK3CG,PIK3CD,PIK3CB,PIK3CA,RHOA,KRAS,JAK2,CXCL10,CXCL8,IKBKB,HRAS,GSK3B,GRB2,FOXO3,AKT2,PTK2B,AKT1,CRKL,CRK,CCR1
Non-small cell lung cancer                                   |hsa05223     |38         |1134      |64        |61686         |32.29811507936508  |2.3059999999999997e-49 |1.2477100000000002e-48 |CDKN2A,CDKN1A,CDK6,CDK4,AKT3,TP53,BRAF,STAT5B,STAT5A,STAT3,RXRA,CCND1,BAX,RET,BAK1,RB1,RARB,RAF1,MAP2K1,PIK3R2,PIK3R1,PIK3CD,PIK3CB,PIK3CA,MET,KRAS,HRAS,HGF,GRB2,FOXO3,FHIT,AKT2,AKT1,ERBB2,EGFR,E2F3,E2F2,E2F1
Renal cell carcinoma                                         |hsa05211     |38         |1134      |65        |61686         |31.801221001221    |5.4553000000000006e-49 |2.89992e-48            |CDKN1A,CDC42,AKT3,CUL2,VHL,VEGFA,TGFB3,TGFB2,TGFB1,BRAF,RAP1B,RAP1A,RAF1,RAC1,MAP2K1,PIK3R2,PIK3R1,PIK3CD,PIK3CB,PIK3CA,PDGFB,MET,KRAS,JUN,HRAS,HIF1A,HGF,GRB2,AKT2,AKT1,EGLN2,ETS1,EPAS1,EP300,PAK5,EGLN1,CRKL,CRK
Cytokine-cytokine receptor interaction                       |hsa04060     |51         |1134      |157       |61686         |17.670306339096147 |1.04164e-48            |5.4416899999999996e-48 |IL24,CCL26,ACVR2B,ACVR2A,ACVR1,IL32,TNFRSF10A,TNFRSF10B,TNFSF10,TNFSF12,TNFSF11,GDF5,TNF,TGFBR2,TGFBR1,TGFB3,TGFB2,TGFB1,BMPR2,BMPR1B,BMP7,BMP4,BMP2,CXCL12,CCL22,CCL20,CCL4,CCL1,MPL,LIFR,FASLG,CXCL10,INHBB,IL13RA1,IL13,IL12RB2,IL12B,IL12A,IL10RA,CXCL8,IL6R,IL2,IL1B,IL1A,IFNG,IFNB1,EPOR,EPO,CSF1R,IL21R,CCR1
PD-L1 expression and PD-1 checkpoint pathway in cancer       |hsa05235     |40         |1134      |77        |61686         |28.25809111523397  |1.2916899999999999e-48 |6.6336e-48             |CHUK,RASGRP1,AKT3,IKBKG,ZAP70,TLR4,TLR2,STAT3,STAT1,RPS6KB1,RELA,RAF1,PTEN,MAP2K3,MAP2K1,PIK3R2,PIK3R1,PIK3CD,PIK3CB,PIK3CA,NFATC3,NFATC1,MYD88,KRAS,JUN,JAK2,JAK1,IKBKB,IFNG,HRAS,HIF1A,TICAM2,MTOR,FOS,AKT2,AKT1,EGFR,CSNK2A1,MAPK14,CD274
Acute myeloid leukemia                                       |hsa05221     |37         |1134      |63        |61686         |31.947341899722847 |7.693839999999999e-48  |3.8853900000000005e-47 |CHUK,CEBPA,AKT3,RUNX1,IKBKG,BRAF,TCF7,STAT5B,STAT5A,STAT3,SPI1,RPS6KB1,CCND1,RELA,RARA,RAF1,MAP2K1,PIK3R2,PIK3R1,PIK3CD,PIM1,PIK3CB,PIK3CA,MYC,KRAS,KIT,IKBKB,HRAS,GRB2,MTOR,AKT2,AKT1,EIF4EBP1,TCF7L1,DUSP6,CSF1R,LEF1
Toxoplasmosis                                                |hsa05145     |40         |1134      |80        |61686         |27.1984126984127   |1.0192999999999999e-47 |5.063089999999999e-47  |CHUK,TAB2,PPIF,AKT3,CASP8,SOCS1,IKBKG,TNF,TLR4,TLR2,TGFB3,TGFB2,TGFB1,STAT3,STAT1,BCL2,RELA,MAP2K3,MAPK9,PIK3CG,MYD88,LDLR,LAMC2,LAMC1,JAK2,JAK1,ITGB1,ITGA6,IRAK1,IL12B,IL12A,IL10RA,IKBKB,IFNG,XIAP,HSPA1B,ALOX5,AKT2,AKT1,MAPK14
HIF-1 signaling pathway                                      |hsa04066     |41         |1134      |87        |61686         |25.635285531837255 |1.73533e-47            |8.480719999999998e-47  |CDKN1B,CDKN1A,AKT3,CAMK2D,CUL2,VHL,VEGFA,TLR4,STAT3,RPS6KB1,BCL2,RELA,MAP2K1,PIK3R2,PIK3R1,PIK3CD,PIK3CB,PIK3CA,SERPINE1,LDHA,INSR,IL6R,IGF1R,IGF1,IFNG,HK2,HIF1A,ANGPT2,MTOR,FLT1,AKT2,AKT1,EGLN2,ERBB2,EPO,EP300,EIF4EBP1,EIF4E,EGFR,CYBB,EGLN1
Regulation of actin cytoskeleton                             |hsa04810     |49         |1134      |150       |61686         |17.769629629629627 |5.53437e-47            |2.66177e-46            |RRAS2,CDC42,ROCK2,EZR,VAV2,TIAM1,BRAF,SRC,SLC9A1,CXCL12,ROCK1,RAF1,RAC1,MAP2K1,PPP1CC,PPP1CA,PIK3R2,PIK3R1,PIK3CD,PIK3CB,PIK3CA,PDGFRB,PDGFRA,PDGFB,PDGFA,MSN,RHOA,LIMK1,KRAS,ITGB8,ITGB4,ITGB3,ITGB1,ITGA5,ITGA3,ITGA6,APC,HRAS,FN1,FGFR2,FGFR1,FGF9,FGF7,FGF2,EGFR,PAK5,PDGFC,CRKL,CRK
Toll-like receptor signaling pathway                         |hsa04620     |40         |1134      |83        |61686         |26.215337540638743 |7.20142e-47            |3.4094199999999998e-46 |CHUK,TAB2,AKT3,CASP8,IKBKG,TRAF3,TNF,TLR4,TLR3,TLR2,STAT1,MAP2K4,CCL4,RELA,RAC1,MAP2K3,MAP2K1,MAPK9,PIK3R2,PIK3R1,PIK3CD,PIK3CB,PIK3CA,MYD88,JUN,IRAK1,CXCL10,IL12B,IL12A,CXCL8,IL1B,IKBKB,IFNB1,TICAM2,FOS,AKT2,AKT1,TLR7,MAPK14,MAP3K8
Insulin signaling pathway                                    |hsa04910     |42         |1134      |98        |61686         |23.312925170068027 |2.1300499999999998e-46 |9.929329999999998e-46  |AKT3,SOCS3,SOCS1,TSC1,BRAF,SREBF1,SLC2A4,SHC1,RPS6KB1,RAF1,MAP2K1,MAPK9,PRKACB,PRKAB1,PRKAA2,PRKAA1,PPP1CC,PPP1CA,PIK3R2,PIK3R1,PIK3CD,PIK3CB,PIK3CA,KRAS,IRS1,INSR,INPPL1,IKBKB,HRAS,HK2,GSK3B,GRB2,MTOR,FLOT2,FOXO1,FASN,AKT2,AKT1,EIF4EBP1,EIF4E,CRKL,CRK
Coronavirus disease - COVID-19                               |hsa05171     |44         |1134      |114       |61686         |20.99526594263436  |4.43096e-46            |2.03421e-45            |DDX58,CHUK,TAB2,ADAR,NRP1,IKBKG,TRAF3,TNF,TLR4,TLR3,TLR2,STAT3,STAT1,RPS7,RELA,MAPK9,PIK3R2,PIK3R1,PIK3CD,PIK3CB,PIK3CA,MYD88,MMP3,JUN,JAK1,IRAK1,CXCL10,IL12B,IL12A,CXCL8,IL6R,IL2,IL1B,IKBKB,IFNB1,FOS,FGG,FGB,FGA,AGTR1,EGFR,CYBB,TLR7,MAPK14
Autophagy - animal                                           |hsa04140     |43         |1134      |112       |61686         |20.884495464852606 |6.08845e-45            |2.7534399999999996e-44 |GABARAPL1,ATG4B,ATG14,RRAS2,ATG7,AKT3,ATG5,ATG12,BECN1,UVRAG,TSC1,STK11,RPS6KB1,BCL2,RAF1,RAB1A,PTEN,MAP2K1,MAPK9,PRKACB,PRKAA2,PRKAA1,PIK3R2,PIK3R1,PIK3CD,PIK3CB,PIK3CA,LAMP2,KRAS,IRS1,IGF1R,HRAS,HMGB1,HIF1A,MTOR,AKT2,AKT1,PRAP1,ATG4A,ATG4D,ATG4C,DAPK3,ATG16L1
Chagas disease                                               |hsa05142     |39         |1134      |84        |61686         |25.25566893424036  |6.64243e-45            |2.95979e-44            |CHUK,AKT3,CASP8,IKBKG,TNF,TLR4,TLR2,TGFBR2,TGFBR1,TGFB3,TGFB2,TGFB1,MAP2K4,RELA,MAPK9,PPP2R2A,PIK3R2,PIK3R1,PIK3CD,PIK3CB,PIK3CA,SERPINE1,MYD88,SMAD2,JUN,FASLG,IRAK1,IL12B,IL12A,CXCL8,IL2,IL1B,IKBKB,IFNG,IFNB1,FOS,AKT2,AKT1,MAPK14
ErbB signaling pathway                                       |hsa04012     |37         |1134      |76        |61686         |26.48266499582289  |1.1525999999999999e-43 |5.06141e-43            |CDKN1B,CDKN1A,AKT3,CAMK2D,BTC,BRAF,STAT5B,STAT5A,SRC,SHC1,MAP2K4,RPS6KB1,RAF1,MAP2K1,MAPK9,PIK3R2,PIK3R1,PIK3CD,PIK3CB,PIK3CA,MYC,KRAS,JUN,HRAS,GSK3B,GRB2,MTOR,ABL1,AKT2,AKT1,ERBB3,ERBB2,EIF4EBP1,EGFR,PAK5,CRKL,CRK
Axon guidance                                                |hsa04360     |40         |1134      |96        |61686         |22.66534391534391  |1.22555e-43            |5.30488e-43            |CDC42,ROCK2,NRP1,CAMK2D,SEMA7A,BMPR2,BMPR1B,BMP7,SRC,SMO,CXCL12,ROCK1,RGS3,RASA1,RAF1,RAC1,PIK3R2,PIK3R1,PIK3CD,PIK3CB,PIK3CA,NFATC3,MET,RHOA,LIMK1,L1CAM,KRAS,ITGB1,HRAS,GSK3B,FYN,ABL1,FES,EPHB2,EPHA5,DPYSL2,SEMA6A,PAK5,SEMA4C,WNT4
Prolactin signaling pathway                                  |hsa04917     |34         |1134      |61        |61686         |30.319542024460056 |5.89912e-43            |2.51751e-42            |AKT3,CCND2,SOCS6,SOCS3,SOCS1,TNFSF11,STAT5B,STAT5A,STAT3,STAT1,SRC,SHC1,CCND1,RELA,RAF1,MAP2K1,MAPK9,PIK3R2,PIK3R1,PIK3CD,PIK3CB,PIK3CA,KRAS,JAK2,HRAS,GSK3B,GRB2,FOS,FOXO3,AKT2,AKT1,ESR2,ESR1,MAPK14
Endometrial cancer                                           |hsa05213     |32         |1134      |52        |61686         |33.47496947496947  |1.6668099999999995e-42 |7.014479999999999e-42  |CDKN1A,CDH1,AKT3,AXIN2,TP53,BRAF,TCF7,CCND1,BAX,BAK1,RAF1,PTEN,MAP2K1,PIK3R2,PIK3R1,PIK3CD,PIK3CB,PIK3CA,MYC,KRAS,APC,HRAS,GSK3B,GRB2,FOXO3,AKT2,AKT1,ERBB2,EGFR,TCF7L1,CTNNB1,LEF1
C-type lectin receptor signaling pathway                     |hsa04625     |38         |1134      |87        |61686         |23.759532931946723 |1.6990400000000003e-42 |7.052189999999999e-42  |CHUK,RRAS2,AKT3,BCL10,CASP8,IKBKG,TNF,STAT1,SRC,CCL22,BCL3,RELA,RAF1,PTGS2,MAPK9,PIK3R2,PIK3R1,PIK3CD,PIK3CB,PIK3CA,NFKB2,NFATC3,NFATC1,MDM2,RHOA,KRAS,JUN,IL12B,IL12A,IL2,IL1B,IKBKB,HRAS,AKT2,AKT1,EGR2,CYLD,MAPK14
Cushing syndrome                                             |hsa04934     |41         |1134      |110       |61686         |20.275180375180373 |2.8137299999999998e-42 |1.1521099999999997e-41 |CDKN2C,CDKN2B,CDKN2A,CDKN1B,CDKN1A,CDK6,CDK4,SCARB1,CCNE1,CCNE2,AIP,CAMK2D,FZD6,AXIN2,WNT10B,WNT7A,WNT1,BRAF,TCF7,SP1,CCND1,RB1,RAP1B,RAP1A,MAP2K1,PRKACB,MEN1,LDLR,APC,GSK3B,WNT3A,AGTR1,EGFR,TCF7L1,E2F3,E2F2,E2F1,CTNNB1,WNT4,LEF1,CREB1
Apoptosis                                                    |hsa04210     |40         |1134      |103       |61686         |21.12498073663122  |3.8836800000000006e-42 |1.569e-41              |CHUK,BCL2L11,AKT3,CASP8,CASP7,TNFRSF10A,TNFRSF10B,TNFSF10,TRADD,IKBKG,TP53,TNF,BCL2,BAX,RELA,BAK1,RAF1,MAP2K1,MAPK9,PIK3R2,PIK3R1,PIK3CD,PIK3CB,PIK3CA,ATM,MCL1,LMNA,KRAS,JUN,FASLG,IKBKB,BIRC5,XIAP,HRAS,APAF1,FOS,AKT2,AKT1,DAXX,BBC3
Longevity regulating pathway                                 |hsa04211     |36         |1134      |76        |61686         |25.76691729323308  |5.881829999999999e-42  |2.3449899999999995e-41 |SIRT1,AKT3,ATG5,KL,CAMK4,TSC1,TP53,STK11,SOD2,RPS6KB1,BAX,RELA,PRKACB,PRKAB1,PRKAA2,PRKAA1,PPARG,PIK3R2,PIK3R1,PIK3CD,PIK3CB,PIK3CA,KRAS,IRS1,INSR,IGF1R,IGF1,HRAS,MTOR,FOXO3,FOXO1,AKT2,AKT1,EIF4EBP1,EIF4E,CREB1
Pathogenic Escherichia coli infection                        |hsa05130     |41         |1134      |113       |61686         |19.736901250175585 |1.04823e-41            |4.1248399999999996e-41 |CHUK,TAB2,WASF3,CDC42,TUBB4B,ROCK2,CLDN2,CLDN10,CASP8,CASP7,TNFRSF10A,TNFRSF10B,TNFSF10,TRADD,IKBKG,EZR,TNF,TLR4,SRC,ROCK1,BAX,RELA,BAK1,RAC1,RAB1A,MAPK9,MYO6,MYD88,RHOA,JUN,ITGB1,FASLG,IRAK1,CXCL8,IL1B,IKBKB,FYN,TAB3,ABL1,FOS,MAPK14
Tuberculosis                                                 |hsa05152     |42         |1134      |126       |61686         |18.13227513227513  |7.052079999999999e-41  |2.7394599999999993e-40 |CEBPB,AKT3,BCL10,CASP8,SPHK1,TRADD,CAMK2D,VDR,TNF,TLR4,TLR2,TGFB3,TGFB2,TGFB1,STAT1,SRC,BCL2,BAX,RELA,RAF1,RAB5A,MAPK9,MYD88,MRC1,RHOA,LAMP2,JAK2,JAK1,IRAK1,IL12B,IL12A,IL10RA,IL1B,IL1A,IFNG,IFNB1,APAF1,AKT2,AKT1,EP300,MAPK14,CREB1
AMPK signaling pathway                                       |hsa04152     |37         |1134      |88        |61686         |22.871392496392495 |1.2089099999999997e-40 |4.636719999999999e-40  |SIRT1,TBC1D1,CFTR,AKT3,TSC1,STK11,SREBF1,SLC2A4,RPS6KB1,CCND1,PRKAB1,PRKAA2,PRKAA1,PPP2R5E,PPP2R2A,PPARG,PIK3R2,PIK3R1,PIK3CD,PIK3CB,PIK3CA,IRS1,INSR,IGF1R,IGF1,HNF4A,HMGCR,MTOR,FOXO3,FOXO1,FASN,AKT2,AKT1,ELAVL1,EIF4EBP1,CAB39,CREB1
T cell receptor signaling pathway                            |hsa04660     |37         |1134      |90        |61686         |22.363139329805996 |3.3928499999999997e-40 |1.28504e-39            |CHUK,CDK4,CDC42,RASGRP1,AKT3,BCL10,IKBKG,ZAP70,VAV2,TNF,RELA,RAF1,MAP2K1,MAPK9,PIK3R2,PIK3R1,PIK3CD,PIK3CB,PIK3CA,NFATC3,NFATC1,RHOA,KRAS,JUN,IL2,IKBKB,IFNG,HRAS,GSK3B,GRB2,FYN,FOS,AKT2,AKT1,PAK5,MAPK14,MAP3K8
Th17 cell differentiation                                    |hsa04659     |36         |1134      |83        |61686         |23.593803786574867 |3.4357400000000003e-40 |1.2852199999999999e-39 |CHUK,RUNX1,IKBKG,ZAP70,TGFBR2,TGFBR1,TGFB1,STAT5B,STAT5A,STAT3,STAT1,RXRA,RELA,RARA,MAPK9,NFATC3,NFATC1,SMAD4,SMAD3,SMAD2,JUN,JAK2,JAK1,IRF4,IL6R,IL2,IL1B,IKBKB,IFNG,HIF1A,GATA3,MTOR,FOS,MAPK14,IL21R,TBX21
Relaxin signaling pathway                                    |hsa04926     |37         |1134      |92        |61686         |21.876984126984127 |9.235369999999999e-40  |3.4125799999999993e-39 |AKT3,VEGFC,VEGFA,TGFBR2,TGFBR1,TGFB1,SRC,SHC1,MAP2K4,RELA,RAF1,MAP2K1,MAPK9,PRKACB,PIK3R2,PIK3R1,PIK3CD,PIK3CB,PIK3CA,MMP13,MMP9,MMP2,SMAD2,KRAS,JUN,HRAS,GRB2,FOS,AKT2,AKT1,EGFR,MAPK14,CREB1,COL4A2,COL4A1,COL3A1,COL1A1
Central carbon metabolism in cancer                          |hsa05230     |31         |1134      |56        |61686         |30.112528344671198 |3.77729e-39            |1.37894e-38            |AKT3,TP53,RET,RAF1,PTEN,MAP2K1,PIK3R2,PIK3R1,PIK3CD,PIK3CB,PIK3CA,PDGFRB,PDGFRA,NTRK3,MYC,MET,LDHA,KRAS,KIT,HRAS,HK2,HIF1A,MTOR,FGFR2,FGFR1,AKT2,AKT1,ERBB2,EGFR,SIRT6,GLS2
p53 signaling pathway                                        |hsa04115     |31         |1134      |58        |61686         |29.074165298303228 |1.7177599999999997e-38 |6.19619e-38            |CHEK1,CDKN2A,CDKN1A,CDK6,CDK4,CCNG1,CCNE1,CCND3,CCND2,CCNE2,CASP8,TNFRSF10A,TNFRSF10B,PPM1D,TP73,TP53,THBS1,BCL2,CCND1,BAX,PTEN,ATR,SERPINB5,SERPINE1,ATM,MDM4,MDM2,IGFBP3,IGF1,APAF1,BBC3
Bladder cancer                                               |hsa05219     |27         |1134      |39        |61686         |37.65934065934066  |3.2192599999999996e-38 |1.1475699999999998e-37 |CDKN2A,CDKN1A,CDK4,CDH1,RPS6KA5,VEGFA,TP53,THBS1,BRAF,SRC,CCND1,RB1,RAF1,MAP2K1,MYC,MMP9,MMP2,MDM2,KRAS,CXCL8,HRAS,ERBB2,EGFR,E2F3,E2F2,E2F1,DAPK3
Growth hormone synthesis, secretion and action               |hsa04935     |36         |1134      |92        |61686         |21.285714285714285 |3.36624e-38            |1.1860099999999999e-37 |AKT3,SOCS3,SOCS1,STAT5B,STAT5A,STAT3,STAT1,SHC1,MAP2K4,RAF1,MAP2K3,MAP2K1,MAPK9,PRKACB,PIK3R2,PIK3R1,PIK3CD,PIK3CB,PIK3CA,KRAS,JAK2,IRS1,IGFBP3,IGF1,HRAS,GSK3B,GRB2,MTOR,FOS,AKT2,AKT1,EP300,MAPK14,CRKL,CRK,CREB1
cAMP signaling pathway                                       |hsa04024     |43         |1134      |154       |61686         |15.18872397443826  |4.4422399999999997e-38 |1.5471300000000002e-37 |RRAS2,CFTR,AKT3,ROCK2,CAMK2D,CAMK4,VAV2,TIAM1,BRAF,SOX9,SLC9A1,BDNF,ROCK1,RELA,RAP1B,RAP1A,RAF1,RAC1,MAP2K1,MAPK9,PRKACB,PPP1CC,PPP1CA,PPARA,PIK3R2,PIK3R1,PIK3CD,PIK3CB,PIK3CA,ATP2A2,OXTR,NFATC1,RHOA,JUN,GRIN2A,GLI1,FOS,AKT2,AKT1,EP300,PLCE1,ADORA2A,CREB1
Apelin signaling pathway                                     |hsa04371     |37         |1134      |103       |61686         |19.54060718138388  |1.41497e-37            |4.871979999999999e-37  |GABARAPL1,RRAS2,CDH1,AKT3,HDAC4,SPHK1,APLN,BECN1,CAMK4,TGFBR1,SLC9A1,SLC8A1,RPS6KB1,CCND1,RAF1,MAP2K1,PRKACB,PRKAB1,PRKAA2,PRKAA1,PLAT,PIK3CG,SERPINE1,MEF2D,MEF2C,SMAD4,SMAD3,SMAD2,KRAS,HRAS,MTOR,AKT2,AKT1,AGTR1,EGR1,JAG1,CCN2
IL-17 signaling pathway                                      |hsa04657     |32         |1134      |70        |61686         |24.867120181405895 |8.40561e-37            |2.86169e-36            |CHUK,TAB2,CEBPB,TRAF3IP2,CASP8,TRADD,IKBKG,FOSL1,TRAF3,TNFAIP3,TNF,SRSF1,CCL20,RELA,PTGS2,MAPK9,MAPK7,MMP13,MMP9,MMP3,JUN,CXCL10,IL13,CXCL8,IL1B,IKBKB,IFNG,GSK3B,TAB3,FOS,ELAVL1,MAPK14
Sphingolipid signaling pathway                               |hsa04071     |33         |1134      |79        |61686         |22.722724532851114 |2.80994e-36            |9.460139999999999e-36  |AKT3,GAB2,ROCK2,SGPL1,SPHK1,TRADD,TP53,TNF,BCL2,ROCK1,BAX,RELA,RAF1,RAC1,PTEN,MAP2K1,MAPK9,PPP2R5E,PPP2R2A,PIK3R2,PIK3R1,PIK3CD,PIK3CB,PIK3CA,RHOA,KRAS,HRAS,FYN,AKT2,AKT1,S1PR1,MAPK14,CERS2
Metabolic pathways                                           |hsa01100     |70         |1134      |576       |61686         |6.6107253086419755 |1.12059e-35            |3.7311999999999994e-35 |SIRT1,SIRT4,SIRT2,MAN1B1,ADA,NAMPT,CD38,KL,PLOD3,SGPL1,SPHK1,CDS2,DGAT1,CA2,SUV39H1,PTGS2,PTEN,ATP5F1B,PIK3CG,PIK3CD,PIK3CB,PIK3CA,PIGF,NT5E,NEU1,CYTB,COX2,MTAP,MAT2A,LDHA,INPPL1,IMPDH2,IMPDH1,IMPA1,NDST1,HMGCR,HK2,GSS,GPX2,GALC,FUT8,FUT2,ALOX5,ALOX12,FHIT,ALDH1A1,FASN,ACSL4,ACSL1,EZH2,DPYD,DNMT3B,DNMT3A,DNMT1,DHFR,DGUOK,GALNT16,CYP24A1,CYP19A1,QRSL1,CYP2C9,CYP2B6,GALNT7,SIRT6,SIRT7,PLCE1,CERS2,SETD2,MAT2B,GLS2
Choline metabolism in cancer                                 |hsa05231     |30         |1134      |64        |61686         |25.498511904761905 |5.23952e-35            |1.7256299999999997e-34 |WASF3,AKT3,TSC1,SP1,RPS6KB1,RAF1,RAC1,MAP2K1,MAPK9,PIK3R2,PIK3R1,PIK3CD,PIK3CB,PIK3CA,PDGFRB,PDGFRA,PDGFB,PDGFA,KRAS,JUN,HRAS,HIF1A,GRB2,MTOR,FOS,AKT2,AKT1,EIF4EBP1,EGFR,PDGFC
Insulin resistance                                           |hsa04931     |32         |1134      |79        |61686         |22.034157122764714 |1.0847200000000001e-34 |3.53409e-34            |AKT3,SOCS3,TNF,STAT3,SREBF1,SLC2A4,RPS6KB1,RPS6KA3,RPS6KA1,RELA,PTEN,MAPK9,PRKAB1,PRKAA2,PRKAA1,PPP1CC,PPP1CA,PPARA,PIK3R2,PIK3R1,PIK3CD,PIK3CB,PIK3CA,IRS1,INSR,IKBKB,GSK3B,MTOR,FOXO1,AKT2,AKT1,CREB1
Th1 and Th2 cell differentiation                             |hsa04658     |30         |1134      |66        |61686         |24.725829725829723 |1.7226499999999998e-34 |5.552799999999999e-34  |CHUK,RUNX3,IKBKG,ZAP70,STAT5B,STAT5A,STAT4,STAT1,RELA,MAPK9,NOTCH2,NOTCH1,NFATC3,NFATC1,JUN,JAK2,JAK1,IL13,IL12RB2,IL12B,IL12A,IL2,IKBKB,IFNG,GATA3,FOS,JAG1,MAPK14,TBX21,DLL1
Parathyroid hormone synthesis, secretion and action          |hsa04928     |32         |1134      |82        |61686         |21.228029423151373 |4.650719999999999e-34  |1.4833299999999998e-33 |MMP24,CDKN1A,MAFB,KL,RUNX2,TNFSF11,GCM1,VDR,BRAF,SP1,RXRA,BCL2,RAF1,PTH1R,MAP2K1,PRKACB,NR4A2,MMP16,MMP15,MMP14,MMP13,MEF2D,MEF2C,LRP6,RHOA,GATA3,FOS,FGFR1,EGR1,EGFR,CYP24A1,CREB1
Platinum drug resistance                                     |hsa01524     |27         |1134      |51        |61686         |28.79831932773109  |1.53266e-33            |4.837439999999999e-33  |CDKN2A,CDKN1A,AKT3,CASP8,TP53,BRCA1,BCL2,BAX,REV3L,BAK1,PIK3R2,PIK3R1,PIK3CD,PIK3CB,PIK3CA,ATM,MSH2,MDM2,FASLG,BIRC5,XIAP,APAF1,MSH6,AKT2,AKT1,ERBB2,BBC3
Phospholipase D signaling pathway                            |hsa04072     |35         |1134      |110       |61686         |17.308080808080806 |1.7843399999999998e-33 |5.57376e-33            |RRAS2,AKT3,GAB2,SPHK1,TSC1,SHC1,RALA,RAF1,MAP2K1,PIK3R2,PIK3R1,PIK3CG,PIK3CD,PIK3CB,PIK3CA,PDGFRB,PDGFRA,PDGFB,PDGFA,RHOA,KRAS,KIT,INSR,CXCL8,HRAS,GRM7,GRB2,FYN,MTOR,AKT2,PTK2B,AKT1,AGTR1,EGFR,PDGFC
Necroptosis                                                  |hsa04217     |32         |1134      |87        |61686         |20.00802773216566  |4.5263e-33             |1.39946e-32            |DNM1L,VPS4B,CASP8,TNFRSF10A,TNFRSF10B,TNFSF10,TRADD,CAMK2D,TNFAIP3,TNF,TLR4,TLR3,STAT5B,STAT5A,STAT4,STAT3,STAT1,BCL2,BAX,MAPK9,JAK2,JAK1,FASLG,IL1B,IL1A,IFNG,IFNB1,XIAP,HMGB1,TICAM2,CYLD,CYBB
Longevity regulating pathway - multiple species              |hsa04213     |27         |1134      |54        |61686         |27.198412698412696 |1.23336e-32            |3.77484e-32            |SIRT1,AKT3,ATG5,SOD2,RPS6KB1,PRKACB,PRKAB1,PRKAA2,PRKAA1,PIK3R2,PIK3R1,PIK3CD,PIK3CB,PIK3CA,KRAS,IRS1,INSR,IGF1R,IGF1,HSPA1B,HRAS,HDAC1,MTOR,FOXO3,FOXO1,AKT2,AKT1
Estrogen signaling pathway                                   |hsa04915     |31         |1134      |84        |61686         |20.075018896447467 |3.9159599999999993e-32 |1.1865399999999998e-31 |AKT3,NCOA3,TFF1,SRC,SP1,SHC1,BCL2,RARA,RAF1,MAP2K1,PRKACB,PIK3R2,PIK3R1,PIK3CD,PIK3CB,PIK3CA,OPRM1,MMP9,MMP2,KRAS,JUN,HSPA1B,HRAS,GRB2,FOS,AKT2,AKT1,ESR2,ESR1,EGFR,CREB1
Adherens junction                                            |hsa04520     |27         |1134      |58        |61686         |25.322660098522164 |1.5508599999999998e-31 |4.6525899999999996e-31 |WASF3,CDH1,CDC42,YES1,TGFBR2,TGFBR1,TCF7,SRC,SNAI1,RAC1,PTPRM,MET,SMAD4,SMAD3,RHOA,INSR,IGF1R,FYN,FGFR1,ERBB2,EP300,EGFR,TCF7L1,CTNNB1,NLK,CSNK2A1,LEF1
Prion disease                                                |hsa05020     |33         |1134      |105       |61686         |17.096145124716553 |1.9372599999999998e-31 |5.754789999999999e-31  |TUBB4B,PPIF,TNF,BAX,RAC1,PSMD9,MAPK9,PRKACB,ATP5F1B,PIK3R2,PIK3R1,PIK3CD,PIK3CB,PIK3CA,NOTCH1,NCAM1,CYTB,COX2,LAMC1,IL1B,IL1A,HSPA5,HSPA1B,APAF1,GSK3B,GRIN2A,FYN,EGR1,KLC2,CYBB,CSNK2A1,MAPK14,CREB1
Calcium signaling pathway                                    |hsa04020     |38         |1134      |157       |61686         |13.166110605601052 |3.03502e-31            |8.928249999999999e-31  |PPIF,CD38,CCKBR,SPHK1,CAMK2D,CAMK4,VEGFC,VEGFA,STIM1,SLC8A1,RET,PRKACB,ATP2A2,PDGFRB,PDGFRA,PDGFB,PDGFA,P2RX7,OXTR,NTRK3,MET,KDR,HGF,GRIN2A,FLT1,FGFR2,FGFR1,FGF9,FGF7,FGF2,PTK2B,ERBB3,ERBB2,AGTR1,EGFR,PDGFC,PLCE1,ADORA2A
NF-kappa B signaling pathway                                 |hsa04064     |31         |1134      |89        |61686         |18.94720884608525  |3.25043e-31            |9.47001e-31            |DDX58,CHUK,TAB2,BCL10,TRADD,TNFSF11,IKBKG,ZAP70,TRAF3,TNFAIP3,TNF,TLR4,CXCL12,CCL4,BCL2,RELA,PTGS2,PLAU,ATM,NFKB2,MYD88,IRAK1,CXCL8,IL1B,IKBKB,XIAP,ICAM1,TICAM2,TAB3,CYLD,CSNK2A1
NOD-like receptor signaling pathway                          |hsa04621     |34         |1134      |117       |61686         |15.80762447429114  |4.78296e-31            |1.38022e-30            |TXN2,GABARAPL1,CHUK,TAB2,NAMPT,DNM1L,MFN2,ATG5,ATG12,CASP8,IKBKG,TRAF3,TNFAIP3,TNF,TLR4,STAT1,BCL2,RELA,MAPK9,P2RX7,MYD88,RHOA,JUN,JAK1,CXCL8,IL1B,IKBKB,IFNB1,XIAP,TAB3,ERBIN,ATG16L1,CYBB,MAPK14
Tight junction                                               |hsa04530     |30         |1134      |82        |61686         |19.90127758420441  |5.24552e-31            |1.4994299999999997e-30 |NEDD4L,CFTR,CDK4,CDC42,ROCK2,CLDN2,RUNX1,CLDN10,YBX3,EZR,TIAM1,STK11,SRC,CCND1,ROCK1,RAP1A,RAC1,MAPK9,PRKACB,PRKAB1,PRKAA2,PRKAA1,PPP2R2A,MSN,RHOA,JUN,ITGB1,GATA4,ERBB2,CGN
Neutrophil extracellular trap formation                      |hsa04613     |31         |1134      |92        |61686         |18.32936507936508  |1.0762299999999999e-30 |3.04764e-30            |CLCN3,ATG7,PPIF,AKT3,HDAC4,TLR4,TLR2,SRC,RELA,RAF1,RAC1,MAP2K1,PIK3R2,PIK3R1,PIK3CD,PIK3CB,PIK3CA,ITGB3,HMGB1,HDAC1,GP1BA,MTOR,FGG,FGB,FGA,AKT2,AKT1,CYBB,HDAC7,TLR7,MAPK14
Leukocyte transendothelial migration                         |hsa04670     |29         |1134      |77        |61686         |20.48711605854463  |1.86902e-30            |5.2436300000000004e-30 |CDH5,CDC42,ROCK2,CLDN2,CLDN10,EZR,VAV2,CXCL12,ROCK1,RAP1B,RAP1A,RAC1,PIK3R2,PIK3R1,PIK3CD,PIK3CB,PIK3CA,MSN,MMP9,MMP2,CD99,ARHGAP5,RHOA,ITGB1,ICAM1,PTK2B,CYBB,CTNNB1,MAPK14
Inflammatory bowel disease                                   |hsa05321     |25         |1134      |51        |61686         |26.6651104886399   |4.94844e-30            |1.3755799999999998e-29 |TNF,TLR4,TLR2,TGFB3,TGFB2,TGFB1,STAT4,STAT3,STAT1,RELA,NFATC1,SMAD3,SMAD2,JUN,IL13,IL12RB2,IL12B,IL12A,IL2,IL1B,IL1A,IFNG,GATA3,IL21R,TBX21
Natural killer cell mediated cytotoxicity                    |hsa04650     |29         |1134      |80        |61686         |19.718849206349205 |6.9972e-30             |1.92741e-29            |TNFRSF10A,TNFRSF10B,TNFSF10,ZAP70,VAV2,TNF,BRAF,SHC1,RAF1,RAC1,MAP2K1,PIK3R2,PIK3R1,PIK3CD,PIK3CB,PIK3CA,NFATC1,KRAS,FASLG,IFNG,IFNB1,ICAM2,ICAM1,HRAS,HLA-G,GRB2,FYN,PTK2B,ULBP2
Oxytocin signaling pathway                                   |hsa04921     |31         |1134      |97        |61686         |17.384552446408115 |7.111389999999999e-30  |1.9412199999999998e-29 |CDKN1A,CD38,ROCK2,CAMK2D,CAMK4,CACNB3,SRC,CCND1,ROCK1,RAF1,PTGS2,MAP2K1,MAPK7,PRKACB,PRKAB1,PRKAA2,PRKAA1,PPP1CC,PPP1CA,PIK3CG,OXTR,NFATC3,NFATC1,MEF2C,RHOA,KRAS,JUN,HRAS,FOS,EGFR,RCAN1
B cell receptor signaling pathway                            |hsa04662     |26         |1134      |62        |61686         |22.811571940604196 |6.32181e-29            |1.7102799999999998e-28 |CHUK,AKT3,BCL10,IKBKG,VAV2,RELA,RAF1,RAC1,MAP2K1,PIK3R2,PIK3R1,PIK3CD,PIK3CB,PIK3CA,NFATC3,NFATC1,KRAS,JUN,INPPL1,IKBKB,HRAS,GSK3B,GRB2,FOS,AKT2,AKT1
Platelet activation                                          |hsa04611     |30         |1134      |96        |61686         |16.999007936507933 |1.26954e-28            |3.4041699999999995e-28 |RASGRP1,AKT3,ROCK2,STIM1,SRC,ROCK1,RAP1B,RAP1A,PRKACB,PPP1CC,PPP1CA,PIK3R2,PIK3R1,PIK3CG,PIK3CD,PIK3CB,PIK3CA,RHOA,ITGB3,ITGB1,GP1BA,FYN,FGG,FGB,FGA,AKT2,AKT1,MAPK14,COL3A1,COL1A1
Leishmaniasis                                                |hsa05140     |25         |1134      |58        |61686         |23.446907498631635 |3.0825599999999997e-28 |8.19312e-28            |TAB2,TNF,TLR4,TLR2,TGFB3,TGFB2,TGFB1,STAT1,RELA,PTGS2,MYD88,JUN,JAK2,JAK1,ITGB1,IRAK1,IL12B,IL12A,IL1B,IL1A,IFNG,FOS,MARCKSL1,CYBB,MAPK14
Fc epsilon RI signaling pathway                              |hsa04664     |24         |1134      |55        |61686         |23.736796536796536 |2.52955e-27            |6.607369999999999e-27  |AKT3,GAB2,VAV2,TNF,MAP2K4,RAF1,RAC1,MAP2K3,MAP2K1,MAPK9,PIK3R2,PIK3R1,PIK3CD,PIK3CB,PIK3CA,KRAS,IL13,HRAS,GRB2,FYN,ALOX5,AKT2,AKT1,MAPK14
Adipocytokine signaling pathway                              |hsa04920     |24         |1134      |55        |61686         |23.736796536796536 |2.52955e-27            |6.607369999999999e-27  |CHUK,AKT3,SOCS3,TRADD,IKBKG,TNF,STK11,STAT3,SLC2A4,RXRA,RELA,MAPK9,PRKAB1,PRKAA2,PRKAA1,PPARA,JAK2,IRS1,IKBKB,MTOR,AKT2,ACSL4,ACSL1,AKT1
Amoebiasis                                                   |hsa05146     |26         |1134      |71        |61686         |19.919964229823382 |4.5407699999999996e-27 |1.1759399999999999e-26 |TNF,TLR4,TLR2,TGFB3,TGFB2,TGFB1,RELA,RAB5A,PRKACB,PIK3R2,PIK3R1,PIK3CD,PIK3CB,PIK3CA,LAMC2,LAMC1,IL12B,IL12A,CXCL8,IL1B,IFNG,FN1,COL4A2,COL4A1,COL3A1,COL1A1
Progesterone-mediated oocyte maturation                      |hsa04914     |25         |1134      |64        |61686         |21.24875992063492  |6.3799599999999995e-27 |1.62448e-26            |CDC27,CDC25C,CDC25B,CDC25A,AKT3,BRAF,AURKA,RPS6KA3,RPS6KA1,RAF1,MAP2K1,MAPK9,PRKACB,PIK3R2,PIK3R1,PIK3CD,PIK3CB,PIK3CA,KRAS,IGF1R,IGF1,AKT2,AKT1,CPEB1,MAPK14
Basal cell carcinoma                                         |hsa05217     |21         |1134      |38        |61686         |30.06140350877193  |6.3729699999999996e-27 |1.63645e-26            |CDKN1A,FZD6,AXIN2,WNT10B,WNT7A,WNT1,TP53,TCF7,BMP4,BMP2,SMO,BAX,BAK1,APC,GSK3B,GLI1,WNT3A,TCF7L1,CTNNB1,WNT4,LEF1
Amyotrophic lateral sclerosis                                |hsa05014     |31         |1134      |131       |61686         |12.872531200775477 |2.0162599999999998e-25 |5.09105e-25            |GABARAPL1,ATG14,TUBB4B,SIGMAR1,MATR3,BECN1,XBP1,TP53,TNF,BCL2,BAX,RAC1,RAB5A,RAB1A,PSMD9,MAP2K3,ATP5F1B,CYTB,COX2,HSPA5,APAF1,ANG,GRIN2A,GPX2,MTOR,HNRNPA3,DERL1,PINK1,KLC2,DAXX,MAPK14
Huntington disease                                           |hsa05016     |28         |1134      |100       |61686         |15.23111111111111  |2.5902099999999997e-25 |6.48624e-25            |CLTC,ATG14,TUBB4B,PPIF,CASP8,BECN1,TP53,STX1A,SP1,SOD2,BDNF,BAX,REST,PSMD9,MAPK9,PPARG,ATP5F1B,CYTB,COX2,KCNJ10,APAF1,HDAC1,GPX2,MTOR,EP300,KLC2,CREB1,BBC3
Thermogenesis                                                |hsa04714     |26         |1134      |86        |61686         |16.445551864156513 |1.43136e-24            |3.55493e-24            |ARID1A,TSC1,SMARCA4,RPS6KB1,RPS6KA3,RPS6KA1,MAP2K3,PRKACB,PRKAB1,PRKAA2,PRKAA1,PPARG,ATP5F1B,CYTB,COX2,KRAS,HRAS,GRB2,MTOR,KLB,FGFR1,ACSL4,ACSL1,SIRT6,MAPK14,CREB1
Endocytosis                                                  |hsa04144     |26         |1134      |93        |61686         |15.207714627069466 |1.38003e-23            |3.39958e-23            |CLTC,NEDD4L,WWP1,CDC42,VPS4B,ZFYVE9,TGFBR2,TGFBR1,SRC,RAB5A,PDGFRA,MDM2,SMAD3,SMAD2,RHOA,LDLR,IGF1R,HSPA1B,HRAS,HLA-G,FGFR2,ITCH,EGFR,RAB11FIP1,SMURF1,DAB2
Thyroid cancer                                               |hsa05216     |18         |1134      |32        |61686         |30.598214285714285 |1.8627500000000002e-23 |4.55173e-23            |CDKN1A,CDH1,TP53,BRAF,TCF7,RXRA,CCND1,BAX,RET,BAK1,MAP2K1,PPARG,MYC,KRAS,HRAS,TCF7L1,CTNNB1,LEF1
Bacterial invasion of epithelial cells                       |hsa05100     |21         |1134      |51        |61686         |22.398692810457515 |2.02211e-23            |4.9016000000000007e-23 |CLTC,CDH1,CDC42,SRC,SHC1,RAC1,PIK3R2,PIK3R1,PIK3CD,PIK3CB,PIK3CA,SEPTIN2,MET,RHOA,ITGB1,ITGA5,FN1,ELMO2,CTNNB1,CRKL,CRK
Fc gamma R-mediated phagocytosis                             |hsa04666     |23         |1134      |67        |61686         |18.67353707652215  |2.3888500000000002e-23 |5.74462e-23            |WASF3,CDC42,AKT3,GAB2,SPHK1,VAV2,RPS6KB1,RAF1,RAC1,MAP2K1,PIK3R2,PIK3R1,PIK3CD,PIK3CB,PIK3CA,MARCKS,LIMK1,INPPL1,AKT2,AKT1,MARCKSL1,CRKL,CRK
Ubiquitin mediated proteolysis                               |hsa04120     |23         |1134      |70        |61686         |17.873242630385487 |7.65422e-23            |1.82616e-22            |NEDD4L,UBE2C,WWP1,CDC27,PIAS3,STUB1,KEAP1,UBE3C,SOCS3,BTRC,SOCS1,CUL2,CUL5,VHL,UBE2N,BRCA1,SKP2,MDM2,XIAP,ITCH,BIRC6,SMURF1,FBXW7
VEGF signaling pathway                                       |hsa04370     |20         |1134      |47        |61686         |23.147585275244847 |1.0064899999999999e-22 |2.38255e-22            |CDC42,AKT3,SPHK1,VEGFA,SRC,RAF1,RAC1,PTGS2,MAP2K1,PIK3R2,PIK3R1,PIK3CD,PIK3CB,PIK3CA,KRAS,KDR,HRAS,AKT2,AKT1,MAPK14
RIG-I-like receptor signaling pathway                        |hsa04622     |20         |1134      |48        |61686         |22.66534391534391  |1.6957400000000001e-22 |3.9830199999999995e-22 |DDX58,CHUK,ATG5,ATG12,CASP8,TRADD,IKBKG,TRAF3,TNF,RELA,MAPK9,PIN1,CXCL10,IL12B,IL12A,CXCL8,IKBKB,IFNB1,CYLD,MAPK14
Cell adhesion molecules                                      |hsa04514     |22         |1134      |64        |61686         |18.69890873015873  |2.07823e-22            |4.843869999999999e-22  |CADM1,ICOSLG,CDH5,CDH1,CLDN2,CLDN10,SIGLEC1,SELE,SDC1,PTPRM,NCAM1,CD99,L1CAM,ITGB8,ITGB1,ITGA6,ICAM2,ICAM1,HLA-G,ALCAM,VCAN,CD274
GnRH signaling pathway                                       |hsa04912     |22         |1134      |67        |61686         |17.86164416015162  |6.65947e-22            |1.54032e-21            |MAP3K2,CDC42,CAMK2D,SRC,MAP2K4,RAF1,MAP2K3,MAP2K1,MAPK9,MAPK7,PRKACB,MMP14,MMP2,MAP3K4,KRAS,JUN,HRAS,GRB2,PTK2B,EGR1,EGFR,MAPK14
Melanogenesis                                                |hsa04916     |21         |1134      |60        |61686         |19.038888888888888 |1.2065199999999999e-21 |2.7695e-21             |CAMK2D,FZD6,WNT10B,WNT7A,WNT1,TCF7,RAF1,MAP2K1,PRKACB,MITF,KRAS,KIT,HRAS,GSK3B,WNT3A,EP300,TCF7L1,CTNNB1,WNT4,LEF1,CREB1
Hypertrophic cardiomyopathy                                  |hsa05410     |20         |1134      |54        |61686         |20.14697236919459  |2.9346700000000003e-21 |6.6857400000000004e-21 |CACNB3,TPM1,TNF,TGFB3,TGFB2,TGFB1,SLC8A1,PRKAB1,PRKAA2,PRKAA1,ATP2A2,LMNA,ITGB8,ITGB4,ITGB3,ITGB1,ITGA5,ITGA3,ITGA6,IGF1
Malaria                                                      |hsa05144     |18         |1134      |40        |61686         |24.478571428571428 |3.90143e-21            |8.82189e-21            |TNF,TLR4,TLR2,THBS1,TGFB3,TGFB2,TGFB1,SELE,SDC1,MYD88,MET,LRP1,IL12A,CXCL8,IL1B,IFNG,ICAM1,HGF
Parkinson disease                                            |hsa05012     |23         |1134      |83        |61686         |15.073819085867276 |6.2494600000000005e-21 |1.40266e-20            |TXN2,TUBB4B,PPIF,MFN2,CAMK2D,XBP1,TP53,BAX,PSMD9,MAPK9,PRKACB,ATP5F1B,NFE2L2,CYTB,COX2,HSPA5,APAF1,LRRK2,DUSP1,PINK1,KLC2,DAXX,ADORA2A
Oocyte meiosis                                               |hsa04114     |22         |1134      |74        |61686         |16.17202917202917  |7.93153e-21            |1.7671e-20             |CDC27,CDC25C,CCNE1,PTTG1,CCNE2,BTRC,CAMK2D,YWHAZ,YWHAG,AURKA,RPS6KA3,RPS6KA1,MAP2K1,PRKACB,PPP2R5E,PPP1CC,PPP1CA,AR,IGF1R,IGF1,CPEB1,MAPK14
Mitophagy - animal                                           |hsa04137     |19         |1134      |49        |61686         |21.092646582442498 |1.0213299999999999e-20 |2.25885e-20            |GABARAPL1,RRAS2,MFN2,ATG5,BECN1,TP53,SRC,SP1,RELA,MAPK9,MITF,KRAS,JUN,HRAS,HIF1A,FOXO3,E2F1,PINK1,CSNK2A1
Pertussis                                                    |hsa05133     |19         |1134      |54        |61686         |19.13962375073486  |9.124680000000001e-20  |2.0034599999999999e-19 |CASP7,TNF,TLR4,RELA,MAPK9,MYD88,RHOA,JUN,ITGB1,ITGA5,IRAK1,IL12B,IL12A,CXCL8,IL1B,IL1A,TICAM2,FOS,MAPK14
Rheumatoid arthritis                                         |hsa05323     |19         |1134      |57        |61686         |18.132275132275133 |3.00473e-19            |6.54989e-19            |TNFSF11,VEGFA,TNF,TLR4,TLR2,TGFB3,TGFB2,TGFB1,CXCL12,CCL20,MMP3,JUN,CXCL8,IL1B,IL1A,IFNG,ICAM1,FOS,FLT1
Arrhythmogenic right ventricular cardiomyopathy              |hsa05412     |17         |1134      |43        |61686         |21.505721668512365 |7.47465e-19            |1.6177299999999999e-18 |CACNB3,TCF7,SLC8A1,ATP2A2,LMNA,ITGB8,ITGB4,ITGB3,ITGB1,ITGA5,ITGA3,ITGA6,GJA1,TCF7L1,DSC2,CTNNB1,LEF1
cGMP-PKG signaling pathway                                   |hsa04022     |24         |1134      |115       |61686         |11.352380952380951 |1.24648e-18            |2.6786e-18             |PPIF,AKT3,ROCK2,SRF,SLC8A1,ROCK1,RAF1,MAP2K1,PPP1CC,PPP1CA,PIK3CG,ATP2A2,NFATC3,NFATC1,MEF2D,MEF2C,RHOA,IRS1,INSR,GATA4,AKT2,AKT1,AGTR1,CREB1
ECM-receptor interaction                                     |hsa04512     |17         |1134      |46        |61686         |20.103174603174605 |2.94875e-18            |6.29205e-18            |CD44,THBS1,SDC1,LAMC2,LAMC1,ITGB8,ITGB4,ITGB3,ITGB1,ITGA5,ITGA3,ITGA6,GP1BA,FN1,COL4A2,COL4A1,COL1A1
Viral protein interaction with cytokine and cytokine receptor|hsa04061     |18         |1134      |57        |61686         |17.17794486215539  |7.960880000000001e-18  |1.68682e-17            |IL24,CCL26,TNFRSF10A,TNFRSF10B,TNFSF10,TNF,CXCL12,CCL22,CCL20,CCL4,CCL1,CXCL10,IL10RA,CXCL8,IL6R,IL2,CSF1R,CCR1
Cholinergic synapse                                          |hsa04725     |20         |1134      |78        |61686         |13.947903947903947 |1.19281e-17            |2.50987e-17            |AKT3,CAMK2D,CAMK4,BCL2,MAP2K1,PRKACB,PIK3R2,PIK3R1,PIK3CG,PIK3CD,PIK3CB,PIK3CA,KRAS,JAK2,HRAS,FYN,FOS,AKT2,AKT1,CREB1
Adrenergic signaling in cardiomyocytes                       |hsa04261     |20         |1134      |81        |61686         |13.431314912796394 |2.6845000000000002e-17 |5.57126e-17            |AKT3,RPS6KA5,CAMK2D,CACNB3,TPM1,SLC9A1,SLC8A1,BCL2,PRKACB,PPP2R5E,PPP2R2A,PPP1CC,PPP1CA,PIK3CG,ATP2A2,AKT2,AKT1,AGTR1,MAPK14,CREB1
Spinocerebellar ataxia                                       |hsa05017     |20         |1134      |81        |61686         |13.431314912796394 |2.6845000000000002e-17 |5.57126e-17            |ATG14,PPIF,AKT3,BECN1,XBP1,VLDLR,SP1,ATXN1,PSMD9,MAPK9,PIK3R2,PIK3R1,PIK3CD,PIK3CB,PIK3CA,ATP2A2,GRIN2A,MTOR,AKT2,AKT1
Dilated cardiomyopathy                                       |hsa05414     |18         |1134      |62        |61686         |15.792626728110598 |4.3511300000000004e-17 |8.968659999999999e-17  |CACNB3,TPM1,TNF,TGFB3,TGFB2,TGFB1,SLC8A1,PRKACB,ATP2A2,LMNA,ITGB8,ITGB4,ITGB3,ITGB1,ITGA5,ITGA3,ITGA6,IGF1
Long-term potentiation                                       |hsa04720     |16         |1134      |49        |61686         |17.76222870100421  |2.90965e-16            |5.956909999999999e-16  |CAMK2D,CAMK4,BRAF,RPS6KA3,RPS6KA1,RAP1B,RAP1A,RAF1,MAP2K1,PRKACB,PPP1CC,PPP1CA,KRAS,HRAS,GRIN2A,EP300
Type II diabetes mellitus                                    |hsa04930     |15         |1134      |42        |61686         |19.427437641723355 |5.24695e-16            |1.067e-15              |SOCS3,SOCS1,TNF,SLC2A4,MAPK9,PIK3R2,PIK3R1,PIK3CD,PIK3CB,PIK3CA,IRS1,INSR,IKBKB,HK2,MTOR
Gap junction                                                 |hsa04540     |17         |1134      |61        |61686         |15.159771012230028 |6.98672e-16            |1.41132e-15            |MAP3K2,TUBB4B,SRC,RAF1,MAP2K1,MAPK7,PRKACB,PDGFRB,PDGFRA,PDGFB,PDGFA,KRAS,HRAS,GRB2,GJA1,EGFR,PDGFC
Alcoholism                                                   |hsa05034     |18         |1134      |73        |61686         |13.412915851272015 |1.0702199999999999e-15 |2.14753e-15            |HDAC4,CAMK4,BRAF,SHC1,BDNF,RAF1,MAP2K1,PRKACB,PPP1CC,PPP1CA,KRAS,HRAS,HDAC1,GRIN2A,GRB2,HDAC7,ADORA2A,CREB1
Legionellosis                                                |hsa05134     |15         |1134      |44        |61686         |18.544372294372295 |1.18139e-15            |2.3550000000000002e-15 |CASP8,CASP7,TNF,TLR4,TLR2,RELA,RAB1A,NFKB2,MYD88,IL12B,IL12A,CXCL8,IL1B,HSPA1B,APAF1
Apoptosis - multiple species                                 |hsa04215     |13         |1134      |29        |61686         |24.3847837985769   |1.32292e-15            |2.6199000000000002e-15 |BCL2L11,CASP8,CASP7,BECN1,BCL2,BAX,BAK1,MAPK9,BIRC5,XIAP,APAF1,BIRC6,BBC3
Inflammatory mediator regulation of TRP channels             |hsa04750     |17         |1134      |68        |61686         |13.59920634920635  |5.1859299999999994e-15 |1.02035e-14            |CAMK2D,SRC,PTGER4,MAP2K3,MAPK9,PRKACB,PPP1CC,PPP1CA,PIK3R2,PIK3R1,PIK3CD,PIK3CB,PIK3CA,IL1B,IGF1,ALOX12,MAPK14
Epithelial cell signaling in Helicobacter pylori infection   |hsa05120     |14         |1134      |45        |61686         |16.923456790123456 |4.5716e-14             |8.93675e-14            |CHUK,CDC42,IKBKG,SRC,MAP2K4,RELA,RAC1,MAPK9,MET,JUN,CXCL8,IKBKB,EGFR,MAPK14
Hematopoietic cell lineage                                   |hsa04640     |16         |1134      |66        |61686         |13.187109187109186 |5.5515e-14             |1.07827e-13            |CD44,CD38,TNF,KIT,CD24,ITGB3,ITGA5,ITGA3,ITGA6,IL6R,IL1B,IL1A,GP1BA,EPOR,EPO,CSF1R
Autophagy - other                                            |hsa04136     |11         |1134      |25        |61686         |23.934603174603172 |2.7212100000000003e-13 |5.21851e-13            |GABARAPL1,ATG4B,ATG7,ATG5,ATG12,BECN1,MTOR,ATG4A,ATG4D,ATG4C,ATG16L1
Protein processing in endoplasmic reticulum                  |hsa04141     |15         |1134      |61        |61686         |13.376268540202966 |2.7093000000000004e-13 |5.228770000000001e-13  |MAN1B1,SEC23A,STUB1,XBP1,BCL2,BAX,BAK1,MAPK9,NFE2L2,HSPA5,HSPA1B,PDIA3,DERL1,YOD1,DNAJB11
Aldosterone-regulated sodium reabsorption                    |hsa04960     |11         |1134      |26        |61686         |23.014041514041512 |4.63815e-13            |8.83873e-13            |NEDD4L,SCNN1A,PIK3R2,PIK3R1,PIK3CD,PIK3CB,PIK3CA,KRAS,IRS1,INSR,IGF1
Notch signaling pathway                                      |hsa04330     |12         |1134      |35        |61686         |18.65034013605442  |7.95464e-13            |1.50641e-12            |NCSTN,NCOR2,KAT2B,NUMB,ATXN1,NOTCH2,NOTCH1,HDAC1,EP300,JAG1,CTBP2,DLL1
Dopaminergic synapse                                         |hsa04728     |16         |1134      |82        |61686         |10.614014711575686 |2.05832e-12            |3.87373e-12            |AKT3,CLOCK,CAMK2D,MAPK9,PRKACB,PPP2R5E,PPP2R2A,PPP1CC,PPP1CA,GSK3B,GRIN2A,FOS,AKT2,AKT1,MAPK14,CREB1
Glucagon signaling pathway                                   |hsa04922     |14         |1134      |58        |61686         |13.130268199233715 |2.2262099999999997e-12 |4.16385e-12            |SIRT1,AKT3,CAMK2D,PRKACB,PRKAB1,PRKAA2,PRKAA1,PPARA,LDHA,FOXO1,AKT2,AKT1,EP300,CREB1
Amphetamine addiction                                        |hsa05031     |13         |1134      |49        |61686         |14.431810819565921 |3.64432e-12            |6.774410000000001e-12  |SIRT1,ARC,CAMK2D,CAMK4,STX1A,PRKACB,PPP1CC,PPP1CA,JUN,HDAC1,GRIN2A,FOS,CREB1
GnRH secretion                                               |hsa04929     |13         |1134      |51        |61686         |13.865857454092748 |6.388919999999999e-12  |1.18039e-11            |AKT3,RAF1,MAP2K1,PIK3R2,PIK3R1,PIK3CD,PIK3CB,PIK3CA,KRAS,HRAS,AKT2,AKT1,ESR2
Phagosome                                                    |hsa04145     |15         |1134      |79        |61686         |10.32851115129596  |1.52207e-11            |2.79508e-11            |TUBB4B,SCARB1,TLR4,TLR2,THBS1,TAP1,RAC1,RAB5A,MRC1,LAMP2,ITGB3,ITGB1,ITGA5,HLA-G,CYBB
Hedgehog signaling pathway                                   |hsa04340     |10         |1134      |29        |61686         |18.757525998905308 |6.18424e-11            |1.1288100000000001e-10 |CCND2,BTRC,SMO,BCL2,CCND1,PRKACB,GSK3B,GLI1,GAS1,SMURF1
Regulation of lipolysis in adipocytes                        |hsa04923     |12         |1134      |50        |61686         |13.055238095238094 |8.98279e-11            |1.62981e-10            |AKT3,PTGS2,PRKACB,PIK3R2,PIK3R1,PIK3CD,PIK3CB,PIK3CA,IRS1,INSR,AKT2,AKT1
Ferroptosis                                                  |hsa04216     |10         |1134      |30        |61686         |18.13227513227513  |9.12305e-11            |1.64541e-10            |SLC7A11,ATG7,ATG5,TP53,PCBP2,PCBP1,GSS,ACSL4,ACSL1,CYBB
Nicotinate and nicotinamide metabolism                       |hsa00760     |8          |1134      |16        |61686         |27.1984126984127   |1.43759e-10            |2.57746e-10            |SIRT1,SIRT4,SIRT2,NAMPT,CD38,NT5E,SIRT6,SIRT7
Type I diabetes mellitus                                     |hsa04940     |9          |1134      |23        |61686         |21.285714285714285 |1.5068000000000002e-10 |2.6856400000000004e-10 |TNF,FASLG,IL12B,IL12A,IL2,IL1B,IL1A,IFNG,HLA-G
Carbohydrate digestion and absorption                        |hsa04973     |9          |1134      |24        |61686         |20.398809523809522 |2.37138e-10            |4.2019300000000005e-10 |AKT3,PIK3R2,PIK3R1,PIK3CD,PIK3CB,PIK3CA,HK2,AKT2,AKT1
Serotonergic synapse                                         |hsa04726     |13         |1134      |70        |61686         |10.102267573696144 |4.61337e-10            |8.127039999999999e-10  |BRAF,SLC6A4,RAF1,PTGS2,MAP2K1,PRKACB,KRAS,APP,HRAS,ALOX5,ALOX12,DUSP1,CYP2C9
Cytosolic DNA-sensing pathway                                |hsa04623     |10         |1134      |35        |61686         |15.541950113378684 |5.12883e-10            |8.982860000000001e-10  |DDX58,CHUK,ADAR,IKBKG,CCL4,RELA,CXCL10,IL1B,IKBKB,IFNB1
Bile secretion                                               |hsa04976     |11         |1134      |49        |61686         |12.211532231940394 |1.18892e-09            |2.07037e-09            |CFTR,SCARB1,NR0B2,CA2,SLC9A1,RXRA,PRKACB,ABCB1,LDLR,AQP4,HMGCR
Phosphatidylinositol signaling system                        |hsa04070     |10         |1134      |38        |61686         |14.314954051796157 |1.25637e-09            |2.17532e-09            |CDS2,PTEN,PIK3R2,PIK3R1,PIK3CD,PIK3CB,PIK3CA,INPPL1,IMPA1,PLCE1
African trypanosomiasis                                      |hsa05143     |9          |1134      |30        |61686         |16.319047619047616 |2.35018e-09            |4.04604e-09            |TNF,SELE,MYD88,FASLG,IL12B,IL12A,IL1B,IFNG,ICAM1
Protein digestion and absorption                             |hsa04974     |9          |1134      |33        |61686         |14.835497835497835 |6.029399999999999e-09  |1.0321499999999999e-08 |SLC8A1,ELN,COL5A3,COL10A1,COL5A2,COL4A2,COL4A1,COL3A1,COL1A1
Antifolate resistance                                        |hsa01523     |8          |1134      |25        |61686         |17.406984126984124 |1.04308e-08            |1.77557e-08            |CHUK,IKBKG,TNF,RELA,IL1B,IKBKB,ALOX12,DHFR
Graft-versus-host disease                                    |hsa05332     |7          |1134      |18        |61686         |21.154320987654323 |1.8575e-08             |3.14426e-08            |TNF,FASLG,IL2,IL1B,IL1A,IFNG,HLA-G
Vasopressin-regulated water reabsorption                     |hsa04962     |8          |1134      |27        |61686         |16.117577895355673 |2.07236e-08            |3.488480000000001e-08  |VAMP2,RAB5A,PRKACB,ARHGDIB,ARHGDIA,AQP4,AQP3,CREB1
Ovarian steroidogenesis                                      |hsa04913     |9          |1134      |39        |61686         |12.553113553113553 |3.0010400000000004e-08 |5.02383e-08            |SCARB1,PTGS2,PRKACB,LDLR,INSR,IGF1R,IGF1,ALOX5,CYP19A1
Circadian rhythm                                             |hsa04710     |7          |1134      |20        |61686         |19.038888888888888 |4.38157e-08            |7.294589999999999e-08  |CLOCK,BTRC,PRKAB1,PRKAA2,PRKAA1,PER1,CREB1
Inositol phosphate metabolism                                |hsa00562     |8          |1134      |31        |61686         |14.037890424987198 |6.8992e-08             |1.1423299999999999e-07 |PTEN,PIK3CG,PIK3CD,PIK3CB,PIK3CA,INPPL1,IMPA1,PLCE1
Cysteine and methionine metabolism                           |hsa00270     |8          |1134      |32        |61686         |13.59920634920635  |9.050340000000001e-08  |1.49036e-07            |MTAP,MAT2A,LDHA,GSS,DNMT3B,DNMT3A,DNMT1,MAT2B
Allograft rejection                                          |hsa05330     |7          |1134      |22        |61686         |17.30808080808081  |9.33469e-08            |1.52887e-07            |TNF,FASLG,IL12B,IL12A,IL2,IFNG,HLA-G
Spliceosome                                                  |hsa03040     |7          |1134      |23        |61686         |16.555555555555557 |1.32049e-07            |2.15112e-07            |TRA2B,SRSF1,PCBP1,HSPA1B,HNRNPK,HNRNPA3,DDX5
Vascular smooth muscle contraction                           |hsa04270     |11         |1134      |80        |61686         |7.479563492063492  |2.54524e-07            |4.1241100000000005e-07 |ROCK2,BRAF,ROCK1,RAF1,MAP2K1,PRKACB,PPP1CC,PPP1CA,RHOA,AGTR1,ADORA2A
Aldosterone synthesis and secretion                          |hsa04925     |10         |1134      |64        |61686         |8.499503968253968  |2.61348e-07            |4.21215e-07            |SCARB1,CAMK2D,CAMK4,PRKD1,PRKACB,NR4A2,ATF1,LDLR,AGTR1,CREB1
Antigen processing and presentation                          |hsa04612     |8          |1134      |37        |61686         |11.761475761475761 |3.06235e-07            |4.90949e-07            |TNF,TAP1,IFNG,HSPA5,HSPA1B,HLA-G,PDIA3,CREB1
Cardiac muscle contraction                                   |hsa04260     |7          |1134      |27        |61686         |14.102880658436213 |4.48583e-07            |7.15372e-07            |CACNB3,TPM1,SLC9A1,SLC8A1,ATP2A2,CYTB,COX2
Fanconi anemia pathway                                       |hsa03460     |6          |1134      |18        |61686         |18.132275132275133 |5.85314e-07            |9.28534e-07            |BRCA2,BRCA1,RPA1,REV3L,RAD51,ATR
RNA transport                                                |hsa03013     |8          |1134      |41        |61686         |10.614014711575686 |7.10156e-07            |1.12071e-06            |PRMT5,SMN1,FMR1,EIF4EBP1,EIF4E,EIF4A2,EIF4A1,GEMIN4
Sphingolipid metabolism                                      |hsa00600     |6          |1134      |19        |61686         |17.17794486215539  |8.42101e-07            |1.3220500000000001e-06 |SGPL1,SPHK1,PSAP,NEU1,GALC,CERS2
Endocrine and other factor-regulated calcium reabsorption    |hsa04961     |7          |1134      |30        |61686         |12.692592592592591 |9.80084e-07            |1.53075e-06            |CLTC,KL,VDR,SLC8A1,PTH1R,PRKACB,ESR1
Gastric acid secretion                                       |hsa04971     |8          |1134      |43        |61686         |10.120339608711701 |1.0433e-06             |1.62113e-06            |CFTR,CCKBR,CAMK2D,CA2,EZR,SLC9A1,PRKACB,KCNJ10
Pancreatic secretion                                         |hsa04972     |9          |1134      |58        |61686         |8.440886699507388  |1.10332e-06            |1.7056400000000003e-06 |CFTR,CD38,CA2,SLC9A1,RAP1B,RAP1A,RAC1,ATP2A2,RHOA
Complement and coagulation cascades                          |hsa04610     |8          |1134      |45        |61686         |9.670546737213403  |1.5012799999999998e-06 |2.30908e-06            |CLU,TFPI,PLAU,PLAT,SERPINE1,FGG,FGB,FGA
Cholesterol metabolism                                       |hsa04979     |7          |1134      |32        |61686         |11.899305555555555 |1.56931e-06            |2.4015200000000003e-06 |SCARB1,LRP1,LIPA,LDLR,ABCA1,ANGPTL4,MYLIP
Viral myocarditis                                            |hsa05416     |7          |1134      |35        |61686         |10.879365079365078 |2.9882299999999996e-06 |4.54992e-06            |CASP8,CCND1,RAC1,ICAM1,HLA-G,FYN,ABL1
Homologous recombination                                     |hsa03440     |5          |1134      |14        |61686         |19.427437641723355 |3.62959e-06            |5.49883e-06            |BRCA2,BRCA1,RPA1,RAD51,ATM
Neuroactive ligand-receptor interaction                      |hsa04080     |13         |1134      |151       |61686         |4.683170398402186  |4.95813e-06            |7.4741999999999995e-06 |CCKBR,APLN,THRB,PTH1R,PTGER4,P2RX7,OXTR,OPRM1,GRM7,GRIN2A,AGTR1,S1PR1,ADORA2A
Arachidonic acid metabolism                                  |hsa00590     |6          |1134      |28        |61686         |11.656462585034012 |1.01511e-05            |1.5226700000000001e-05 |PTGS2,GPX2,ALOX5,ALOX12,CYP2C9,CYP2B6
Maturity onset diabetes of the young                         |hsa04950     |5          |1134      |17        |61686         |15.99906629318394  |1.07153e-05            |1.5993800000000003e-05 |HNF1A,PAX6,NEUROD1,HNF4G,HNF4A
Long-term depression                                         |hsa04730     |7          |1134      |43        |61686         |8.855297157622738  |1.26006e-05            |1.87156e-05            |BRAF,RAF1,MAP2K1,KRAS,IGF1R,IGF1,HRAS
ABC transporters                                             |hsa02010     |5          |1134      |19        |61686         |14.314954051796157 |1.9529100000000002e-05 |2.8865e-05             |CFTR,TAP1,ABCB1,ABCG4,ABCA1
Hippo signaling pathway - multiple species                   |hsa04392     |4          |1134      |10        |61686         |21.75873015873016  |2.18401e-05            |3.2124e-05             |YAP1,RASSF2,STK3,LATS2
Synaptic vesicle cycle                                       |hsa04721     |6          |1134      |34        |61686         |9.599439775910364  |3.29859e-05            |4.82838e-05            |CLTC,SYT1,VAMP2,STX1A,SNAP25,SLC6A4
Cocaine addiction                                            |hsa05030     |6          |1134      |37        |61686         |8.82110682110682   |5.44045e-05            |7.92527e-05            |BDNF,RELA,PRKACB,JUN,GRIN2A,CREB1
Circadian entrainment                                        |hsa04713     |7          |1134      |66        |61686         |5.769360269360269  |0.000211171            |0.000306147            |RPS6KA5,CAMK2D,PRKACB,PER1,GRIN2A,FOS,CREB1
Lysosome                                                     |hsa04142     |6          |1134      |49        |61686         |6.660835762876578  |0.000271367            |0.00039154300000000006 |CLTC,PSAP,NEU1,LIPA,LAMP2,GALC
Primary immunodeficiency                                     |hsa05340     |5          |1134      |32        |61686         |8.499503968253968  |0.000277446            |0.00039841800000000005 |ADA,IKBKG,ZAP70,UNG,TAP1
Cortisol synthesis and secretion                             |hsa04927     |6          |1134      |50        |61686         |6.527619047619047  |0.00030360799999999997 |0.00043189300000000003 |SCARB1,SP1,PRKACB,LDLR,AGTR1,CREB1
PPAR signaling pathway                                       |hsa03320     |6          |1134      |50        |61686         |6.527619047619047  |0.00030360799999999997 |0.00043189300000000003 |RXRA,PPARG,PPARA,ACSL4,ACSL1,ANGPTL4
Insulin secretion                                            |hsa04911     |6          |1134      |58        |61686         |5.627257799671592  |0.000682914            |0.0009624330000000001  |CAMK2D,VAMP2,STX1A,SNAP25,PRKACB,CREB1
Purine metabolism                                            |hsa00230     |6          |1134      |58        |61686         |5.627257799671592  |0.000682914            |0.0009624330000000001  |ADA,NT5E,IMPDH2,IMPDH1,FHIT,DGUOK
mRNA surveillance pathway                                    |hsa03015     |4          |1134      |24        |61686         |9.066137566137565  |0.000900193            |0.00125119             |PPP2R5E,PPP2R2A,PPP1CC,PPP1CA
Retinol metabolism                                           |hsa00830     |4          |1134      |24        |61686         |9.066137566137565  |0.000900193            |0.00125119             |DGAT1,ALDH1A1,CYP2C9,CYP2B6
Autoimmune thyroid disease                                   |hsa05320     |4          |1134      |24        |61686         |9.066137566137565  |0.000900193            |0.00125119             |TG,FASLG,IL2,HLA-G
Thyroid hormone synthesis                                    |hsa04918     |5          |1134      |42        |61686         |6.4758125472411185 |0.00100724             |0.00139358             |TG,PRKACB,HSPA5,GPX2,CREB1
Lysine degradation                                           |hsa00310     |4          |1134      |27        |61686         |8.058788947677836  |0.00142319             |0.00196012             |PLOD3,SUV39H1,EZH2,SETD2
Mismatch repair                                              |hsa03430     |3          |1134      |13        |61686         |12.553113553113551 |0.00154394             |0.00208846             |RPA1,MSH2,MSH6
Other types of O-glycan biosynthesis                         |hsa00514     |3          |1134      |13        |61686         |12.553113553113551 |0.00154394             |0.00208846             |PLOD3,GALNT16,GALNT7
Base excision repair                                         |hsa03410     |3          |1134      |13        |61686         |12.553113553113551 |0.00154394             |0.00208846             |UNG,TDG,HMGB1
Fatty acid biosynthesis                                      |hsa00061     |3          |1134      |13        |61686         |12.553113553113551 |0.00154394             |0.00208846             |FASN,ACSL4,ACSL1
Intestinal immune network for IgA production                 |hsa04672     |4          |1134      |32        |61686         |6.799603174603175  |0.00271177             |0.00365186             |ICOSLG,TGFB1,CXCL12,IL2
Mucin type O-glycan biosynthesis                             |hsa00512     |2          |1134      |5         |61686         |21.75873015873016  |0.00325434             |0.00436312             |GALNT16,GALNT7
Renin-angiotensin system                                     |hsa04614     |3          |1134      |18        |61686         |9.066137566137566  |0.00411363             |0.00549088             |ATP6AP2,ENPEP,AGTR1
Oxidative phosphorylation                                    |hsa00190     |3          |1134      |20        |61686         |8.15952380952381   |0.00559227             |0.00739939             |ATP5F1B,CYTB,COX2
Fat digestion and absorption                                 |hsa04975     |3          |1134      |20        |61686         |8.15952380952381   |0.00559227             |0.00739939             |SCARB1,DGAT1,ABCA1
Steroid biosynthesis                                         |hsa00100     |2          |1134      |7         |61686         |15.541950113378682 |0.00666881             |0.00878543             |LIPA,CYP24A1
Drug metabolism - other enzymes                              |hsa00983     |3          |1134      |22        |61686         |7.417748917748918  |0.0073515              |0.00964288             |IMPDH2,IMPDH1,DPYD
Olfactory transduction                                       |hsa04740     |3          |1134      |23        |61686         |7.095238095238095  |0.00834005             |0.0108924              |CAMK2D,SLC8A1,PRKACB
Terpenoid backbone biosynthesis                              |hsa00900     |2          |1134      |8         |61686         |13.59920634920635  |0.0087838              |0.011422700000000001   |ZMPSTE24,HMGCR
Renin secretion                                              |hsa04924     |4          |1134      |45        |61686         |4.8352733686067015 |0.00931274             |0.0120588              |PTGER4,PRKACB,AGTR1,CREB1
Proteasome                                                   |hsa03050     |2          |1134      |9         |61686         |12.088183421516755 |0.011156600000000001   |0.014384899999999999   |PSMD9,IFNG
Salivary secretion                                           |hsa04970     |4          |1134      |48        |61686         |4.533068783068782  |0.0116492              |0.0149564              |CD38,VAMP2,SLC9A1,PRKACB
Various types of N-glycan biosynthesis                       |hsa00513     |2          |1134      |10        |61686         |10.87936507936508  |0.0137769              |0.0175396              |MAN1B1,FUT8
SNARE interactions in vesicular transport                    |hsa04130     |2          |1134      |10        |61686         |10.87936507936508  |0.0137769              |0.0175396              |VAMP2,STX1A
GABAergic synapse                                            |hsa04727     |4          |1134      |51        |61686         |4.266417678182384  |0.0143316              |0.018169400000000002   |GABARAPL1,SRC,PRKACB,GLS2
RNA degradation                                              |hsa03018     |2          |1134      |11        |61686         |9.89033189033189   |0.016635               |0.021001699999999998   |BTG2,DDX6
Systemic lupus erythematosus                                 |hsa05322     |3          |1134      |30        |61686         |5.439682539682539  |0.0173902              |0.021864099999999997   |TNF,IFNG,GRIN2A
Biosynthesis of cofactors                                    |hsa01240     |4          |1134      |58        |61686         |3.7515051997810613 |0.0220177              |0.027567599999999998   |MAT2A,GSS,DHFR,MAT2B
Vitamin digestion and absorption                             |hsa04977     |2          |1134      |13        |61686         |8.368742368742367  |0.0230262              |0.028594               |SCARB1,RBP2
N-Glycan biosynthesis                                        |hsa00510     |2          |1134      |13        |61686         |8.368742368742367  |0.0230262              |0.028594               |MAN1B1,FUT8
Fatty acid metabolism                                        |hsa01212     |3          |1134      |34        |61686         |4.799719887955182  |0.0242871              |0.030036700000000003   |FASN,ACSL4,ACSL1
Retrograde endocannabinoid signaling                         |hsa04723     |4          |1134      |61        |61686         |3.567004944054124  |0.0259507              |0.0319637              |PTGS2,MAPK9,PRKACB,MAPK14
Proximal tubule bicarbonate reclamation                      |hsa04964     |2          |1134      |14        |61686         |7.770975056689341  |0.026540800000000003   |0.0325582              |CA2,GLS2
Peroxisome                                                   |hsa04146     |3          |1134      |36        |61686         |4.533068783068783  |0.028211200000000002   |0.0344677              |SOD2,ACSL4,ACSL1
Asthma                                                       |hsa05310     |2          |1134      |15        |61686         |7.252910052910052  |0.030256400000000003   |0.036818000000000004   |TNF,IL13
