description                                                  |annotation_id|genes_found|input_size|term_genes|genes_universe|relative_enrichment|pval                   |pval_adj              |genes
Pathways in cancer                                           |hsa05200     |183        |1090      |408       |61686         |25.383472746896924 |2.260909999999999e-209 |6.873179999999998e-207|ADCY9,CHUK,RASSF1,CEBPA,CDKN2A,CDKN1B,CDKN1A,CDK6,CDK4,TXNRD2,CDH1,RASGRP1,BCL2L11,ROCK2,CCNE1,CCND3,CCND2,CCNA2,CCNE2,RUNX1,CCNA1,CASP8,CASP7,CASP3,NCOA1,PIK3R3,CUL2,FZD7,FZD6,AXIN2,NCOA3,CXCR4,PAX8,WNT7A,WNT1,VHL,VEGFA,TRAF6,TPM3,TP53,TGFBR2,TGFBR1,TGFB2,TGFB1,TERT,BRAF,TCF7,STAT5B,STAT5A,STAT3,STAT1,SPI1,SP1,BMP2,SMO,SLC2A1,CXCL12,RXRA,RPS6KB1,BCL2,CCND1,ROCK1,BAX,RET,BAK1,RB1,RARB,RARA,RALA,RAF1,RAD51,RAC1,PTEN,MAP2K1,MAPK9,MAPK1,PRKACB,PPARG,PIK3R2,PIK3R1,PIK3CD,PIK3CB,PIK3CA,PDGFRB,PDGFRA,NRAS,NOTCH2,NOTCH1,NFKBIA,NFKB1,NFE2L2,MYC,MSH3,MSH2,MMP9,MMP2,MMP1,MLH1,MITF,MGST2,MET,ARNT,MDM2,MAX,SMAD4,SMAD3,SMAD2,LRP6,RHOA,LAMB3,KRAS,KIT,AR,JUN,JAK2,FASLG,ITGA3,FAS,ITGA6,IL12A,CXCL8,IL6R,IL6,IKBKB,IGF2,IGF1R,IGF1,IFNG,BIRC5,XIAP,HSP90AA1,APC,HRAS,APAF1,HMOX1,HIF1A,HDAC2,HDAC1,MSH6,GSK3B,GRB2,GNAI3,GNAI2,GLI3,GLI2,GLI1,MTOR,FOS,FN1,FOXO1,FGFR2,FGFR3,AKT2,AKT1,MECOM,EGLN3,ETS1,ESR1,ERBB2,EPOR,EPO,EPAS1,EP300,AGTR1,EGFR,JAG1,TCF7L1,WNT10A,E2F3,E2F2,E2F1,DVL2,DAPK3,EGLN1,CTNNB1,SUFU,CSF1R,LEF1,CRKL,CRK,DLL1,COL4A1,BBC3
MicroRNAs in cancer                                          |hsa05206     |111        |1090      |149       |61686         |42.15963302752294  |2.096059999999999e-162 |3.186009999999999e-160|ZFPM2,SIRT1,DICER1,RASSF1,CDKN2A,CDKN1B,CDKN1A,CDK6,IGF2BP1,CDC25A,PAK4,SPRY2,CD44,BCL2L11,ZEB2,HDAC4,CCNG1,CCNE1,CCND2,CCNE2,CASP3,IRS2,SOCS1,TP63,PIK3R3,RECK,HMGA2,VIM,VEGFA,UBE2I,TPM1,TP53,TIMP3,TGFB2,ZEB1,STAT3,BMPR2,SOX4,BMI1,FSCN1,SHC1,BCL2L2,BCL2,CCND1,ROCK1,BAK1,RAF1,PTEN,MAP2K1,MAPK7,MAPK1,PLAU,PIK3R2,PIK3R1,PIK3CD,PIK3CB,PIK3CA,SERPINB5,ABCB1,PDGFRB,PDGFRA,ATM,NRAS,NOTCH2,NOTCH1,NFKB1,MYC,ABCC1,MMP16,MMP9,MET,MDM4,MDM2,MCL1,MARCKS,RHOA,STMN1,KRAS,ITGB3,ITGA5,IRS1,IKBKB,APC,HRAS,HNRNPK,HMOX1,HDAC2,HDAC1,GRB2,MTOR,FGFR3,EZH2,ERBB3,ERBB2,BMF,SLC45A3,EP300,EGFR,EFNA1,E2F3,E2F2,E2F1,DNMT3B,DNMT3A,DNMT1,CYP24A1,DDIT4,CRKL,CRK,PDCD4,FOXP1
Hepatitis B                                                  |hsa05161     |81         |1090      |141       |61686         |32.51067733749756  |7.85333e-104           |7.958039999999999e-102|CHUK,TAB2,CDKN1A,CCNE1,CCNA2,CCNE2,CCNA1,CASP8,CASP3,PIK3R3,YWHAZ,TRAF6,TP53,TNF,TLR4,TLR3,TGFBR2,TGFBR1,TGFB2,TGFB1,BRAF,STAT5B,STAT5A,STAT3,STAT1,SRC,MAP2K4,BCL2,BAX,RB1,RAF1,MAP2K6,MAP2K3,MAP2K1,MAPK9,MAPK1,PIK3R2,PIK3R1,PIK3CD,PIK3CB,PIK3CA,NRAS,NFKBIA,NFKB1,NFATC1,MYD88,MYC,MMP9,SMAD4,SMAD3,KRAS,JUN,JAK2,FASLG,FAS,IRAK1,CXCL8,IL6,IKBKB,IFNB1,BIRC5,HRAS,APAF1,GRB2,TICAM2,FOS,TICAM1,AKT2,PTK2B,AKT1,TIRAP,EP300,EGR2,E2F3,E2F2,E2F1,DDX3X,MAPK14,IRAK4,CREB1,TBK1
PI3K-Akt signaling pathway                                   |hsa04151     |96         |1090      |246       |61686         |22.084940702618038 |1.0465299999999998e-101|7.953659999999998e-100|CHUK,PHLPP1,PHLPP2,CDKN1B,CDKN1A,CDK6,CDK4,BCL2L11,CCNE1,CCND3,CCND2,CCNE2,PIK3R3,TCL1A,YWHAZ,VEGFA,TP53,TLR4,TEK,SPP1,BDNF,RXRA,RPS6KB1,BCL2,CCND1,RBL2,RAF1,RAC1,PTEN,MAP2K1,MAPK1,PRKAA2,PPP2R2A,PIK3R2,PIK3R1,PIK3CG,PIK3CD,PIK3CB,PIK3CA,PDGFRB,PDGFRA,NTRK2,NTF3,NRAS,NFKB1,MYC,MYB,MET,MDM2,MCL1,LAMB3,KRAS,KIT,KDR,JAK2,ITGB8,ITGB3,FASLG,ITGA5,ITGA3,IRS1,ITGA6,IL6R,IL6,IKBKB,IGF2,IGF1R,IGF1,IFNB1,HSP90AA1,HRAS,ANGPT2,GSK3B,GRB2,MTOR,FN1,FLT1,FOXO3,FGFR2,FGFR3,AKT2,AKT1,ERBB4,ERBB3,ERBB2,EPOR,EPO,EIF4EBP1,EIF4E,EGFR,EFNA1,DDIT4,CSF1R,CSF1,CREB1,COL4A1
Proteoglycans in cancer                                      |hsa05205     |83         |1090      |162       |61686         |28.99500509683996  |1.3693199999999998e-100|8.325499999999998e-99 |RRAS2,CDKN1A,CD44,ROCK2,CASP3,PIK3R3,FZD7,FZD6,WNT7A,WNT1,VEGFA,ACTG1,TWIST1,TP53,TNF,TLR4,TIMP3,TIAM1,TGFB2,TGFB1,BRAF,STAT3,SRC,SMO,ACTB,RPS6KB1,CCND1,ROCK1,RAF1,RAC1,PXN,PTPN11,MAP2K1,MAPK1,PRKACB,PPP1CC,PPP1CA,PLAU,PIK3R2,PIK3R1,PIK3CD,PIK3CB,PIK3CA,PAK1,NRAS,MYC,MSN,MMP9,MMP2,MET,MDM2,SMAD2,RHOA,KRAS,KDR,ITGB3,FASLG,ITGA5,FAS,IGF2,IGF1R,IGF1,HRAS,HIF1A,ANK3,GRB2,GPC1,MTOR,FN1,AKT2,AKT1,ESR1,ERBB4,ERBB3,ERBB2,EGFR,WNT10A,NANOG,HBEGF,CTNNB1,MAPK14,PLCE1,PDCD4
Human papillomavirus infection                               |hsa05165     |89         |1090      |203       |61686         |24.81156053690062  |6.526709999999999e-100 |3.3068699999999985e-98|CHUK,CDKN1B,CDKN1A,CDK6,CDK4,CCNE1,CCND3,CCND2,CCNA2,CCNE2,CCNA1,CASP8,CASP3,PIK3R3,FZD7,FZD6,AXIN2,WNT7A,WNT1,VEGFA,TP53,TNF,TLR3,TERT,TCF7,STAT1,SPP1,RPS6KB1,CCND1,BAX,BAK1,RBL2,RBL1,RB1,RAF1,PXN,PTEN,MAP2K1,MAPK1,PRKACB,PPP2R2A,PIK3R2,PIK3R1,PIK3CD,PIK3CB,PIK3CA,PDGFRB,ATM,NRAS,NOTCH2,NOTCH1,NFKB1,MDM2,LAMB3,KRAS,ITGB8,ITGB3,FASLG,ITGA5,ITGA3,FAS,ITGA6,IKBKB,IFNB1,APC,HRAS,HLA-G,HDAC2,HDAC1,GSK3B,GRB2,MTOR,FN1,TICAM1,FOXO1,AKT2,AKT1,EP300,EIF4EBP1,EGFR,JAG1,TCF7L1,WNT10A,E2F1,DVL2,CTNNB1,CREB1,TBK1,COL4A1
MAPK signaling pathway                                       |hsa04010     |89         |1090      |211       |61686         |23.870837862515764 |5.0716599999999985e-98 |2.2025499999999994e-96|CHUK,TAB2,RRAS2,DUSP10,RASGRP1,CASP3,CACNB3,MAP3K12,VEGFA,TRAF6,TP53,TNF,TGFBR2,TGFBR1,TGFB2,TGFB1,TEK,BRAF,BDNF,MAP2K4,RPS6KA3,RPS6KA1,RASA1,RAP1B,RAF1,RAC1,PTPN7,MAP2K6,MAP2K3,MAP2K1,MAPK9,MAPK7,MAPK1,PRKACB,PPP3CA,PDGFRB,PDGFRA,PAK1,NTRK2,NTF3,NRAS,NFKB1,NFATC1,MYD88,MYC,MAP3K11,MET,MAP3K5,MEF2C,MAX,STMN1,KRAS,KIT,KDR,JUN,FASLG,FAS,IRAK1,IL1B,IKBKB,IGF2,IGF1R,IGF1,HRAS,ANGPT2,GRB2,FOS,FLT1,FGFR2,FGFR3,AKT2,AKT1,MECOM,ERBB4,ERBB3,ERBB2,EGFR,EFNA1,DUSP6,DUSP5,DUSP2,DAXX,NLK,CSF1R,CSF1,MAPK14,IRAK4,CRKL,CRK
Cellular senescence                                          |hsa04218     |71         |1090      |125       |61686         |32.144631192660555 |1.4302200000000002e-90 |5.4348299999999985e-89|SIRT1,CHEK1,RRAS2,CDKN2A,CDKN1A,CDK6,CDK4,CDC25A,HIPK3,CCNE1,CCND3,CCND2,CCNB1,CCNA2,CCNE2,BTRC,CCNA1,PIK3R3,TP53,TGFBR2,TGFBR1,TGFB2,TGFB1,CCND1,RBL2,RBL1,RB1,RAF1,PTEN,MAP2K6,MAP2K3,MAP2K1,MAPK1,PPP3CA,PPP1CC,PPP1CA,PIK3R2,PIK3R1,PIK3CD,PIK3CB,PIK3CA,SERPINE1,ATM,NRAS,NFKB1,NFATC1,MYC,MYBL2,MDM2,SMAD3,SMAD2,KRAS,CXCL8,IL6,HRAS,HLA-G,GATA4,MTOR,FOXO3,FOXO1,FOXM1,AKT2,AKT1,ETS1,EIF4EBP1,E2F5,E2F3,E2F2,E2F1,MAPK14,HIPK2
Human cytomegalovirus infection                              |hsa05163     |79         |1090      |176       |61686         |25.402387406171812 |9.299329999999998e-90  |3.1411099999999994e-88|ADCY9,CHUK,CDKN2A,CDKN1A,CDK6,CDK4,ROCK2,CASP8,CASP3,PIK3R3,CXCR4,VEGFA,TP53,TNF,TAP1,STAT3,SRC,SP1,CXCL12,RPS6KB1,CCND1,ROCK1,BAX,BAK1,RB1,RAF1,RAC1,PXN,MAP2K6,MAP2K1,MAPK1,PRKACB,PPP3CA,PIK3R2,PIK3R1,PIK3CD,PIK3CB,PIK3CA,PDGFRA,NRAS,NFKBIA,NFKB1,NFATC1,MYC,MDM2,RHOA,KRAS,ITGB3,FASLG,FAS,CXCR2,CXCL8,IL6R,IL6,IL1B,IKBKB,IFNB1,HRAS,HLA-G,GSK3B,GRB2,GNAI3,GNAI2,MTOR,AKT2,PTK2B,AKT1,EIF4EBP1,EGFR,E2F3,E2F2,E2F1,CTNNB1,MAPK14,CRKL,CRK,CREB1,TBK1,CCR1
Human T-cell leukemia virus 1 infection                      |hsa05166     |78         |1090      |173       |61686         |25.51576602853052  |8.019319999999999e-89  |2.4378699999999998e-87|ADCY9,CHUK,CHEK1,CDKN2C,CDKN2A,CDKN1A,CDK4,CDC27,CD40,CD4,CCNE1,CCND3,CCND2,CCNA2,CCNE2,CCNA1,KAT2B,PIK3R3,FOSL1,TP53,TNF,TGFBR2,TGFBR1,TGFB2,TGFB1,TERT,STAT5B,STAT5A,SPI1,SLC2A1,MAP2K4,CCND1,BAX,RB1,PTEN,MAP2K1,MAPK9,MAPK1,PRKACB,PPP3CA,PIK3R2,PIK3R1,PIK3CD,PIK3CB,PIK3CA,ATM,NRAS,NFKBIA,NFKB1,NFATC1,MYC,MMP7,SMAD4,SMAD3,SMAD2,MAD2L1,KRAS,JUN,IL6,IKBKB,XIAP,ICAM1,HRAS,HLA-G,FOS,AKT2,AKT1,ETS1,EP300,EGR2,EGR1,TLN2,E2F3,E2F2,E2F1,ANAPC1,VAC14,CREB1
Hepatocellular carcinoma                                     |hsa05225     |67         |1090      |112       |61686         |33.854538007863695 |1.0339499999999997e-87 |2.8574699999999997e-86|CDKN2A,CDKN1A,CDK6,CDK4,TXNRD2,PIK3R3,FZD7,FZD6,AXIN2,ARID1A,WNT7A,WNT1,ACTG1,TP53,TGFBR2,TGFBR1,TGFB2,TGFB1,TERT,BRAF,TCF7,SMARCA4,SHC1,ACTB,RPS6KB1,CCND1,BAX,BAK1,RB1,RAF1,PTEN,MAP2K1,MAPK1,PIK3R2,PIK3R1,PIK3CD,PIK3CB,PIK3CA,NRAS,NFE2L2,MYC,MGST2,MET,SMAD4,SMAD3,SMAD2,LRP6,KRAS,IGF2,IGF1R,APC,HRAS,HMOX1,GSK3B,GRB2,MTOR,AKT2,AKT1,EGFR,TCF7L1,WNT10A,E2F3,E2F2,E2F1,DVL2,CTNNB1,LEF1
Gastric cancer                                               |hsa05226     |65         |1090      |108       |61686         |34.06039755351682  |2.2684599999999994e-85 |5.746749999999998e-84 |CDX2,CDKN1B,CDKN1A,CDH1,CCNE1,CCNE2,PIK3R3,FZD7,FZD6,AXIN2,WNT7A,WNT1,TP53,TGFBR2,TGFBR1,TGFB2,TGFB1,TERT,BRAF,TCF7,SHC1,RXRA,RPS6KB1,BCL2,CCND1,BAX,BAK1,RB1,RARB,RAF1,MAP2K1,MAPK1,PIK3R2,PIK3R1,PIK3CD,PIK3CB,PIK3CA,ABCB1,NRAS,MYC,MLH1,MET,SMAD4,SMAD3,SMAD2,LRP6,KRAS,APC,HRAS,GSK3B,GRB2,MTOR,FGFR2,AKT2,AKT1,ERBB2,EGFR,TCF7L1,WNT10A,E2F3,E2F2,E2F1,DVL2,CTNNB1,LEF1
Breast cancer                                                |hsa05224     |62         |1090      |105       |61686         |33.41661861074705  |1.0468999999999998e-80 |2.4481299999999999e-79|CDKN1A,CDK6,CDK4,NCOA1,PIK3R3,FZD7,FZD6,AXIN2,NCOA3,WNT7A,WNT1,TP53,BRAF,TCF7,SP1,SHC1,RPS6KB1,CCND1,BAX,BAK1,RB1,RAF1,PTEN,MAP2K1,MAPK1,PIK3R2,PIK3R1,PIK3CD,PIK3CB,PIK3CA,PGR,NRAS,NOTCH2,NOTCH1,MYC,LRP6,KRAS,KIT,JUN,IGF1R,IGF1,APC,HRAS,GSK3B,GRB2,MTOR,FOS,AKT2,AKT1,ESR1,ERBB2,EGFR,JAG1,TCF7L1,WNT10A,E2F3,E2F2,E2F1,DVL2,CTNNB1,LEF1,DLL1
Kaposi sarcoma-associated herpesvirus infection              |hsa05167     |69         |1090      |147       |61686         |26.56390189103164  |3.2585799999999993e-80 |7.075779999999999e-79 |CHUK,CDKN1A,CDK6,CDK4,CASP8,CASP3,BECN1,PIK3R3,VEGFA,TP53,TLR3,TCF7,STAT3,STAT1,SRC,MAP2K4,CCND1,BAX,BAK1,RB1,RAF1,RAC1,MAP2K6,MAP2K1,MAPK9,MAPK1,PPP3CA,PIK3R2,PIK3R1,PIK3CG,PIK3CD,PIK3CB,PIK3CA,NRAS,NFKBIA,NFKB1,NFATC1,MYC,KRAS,JUN,JAK2,FAS,CXCL8,IL6,IKBKB,IFNB1,ICAM1,HRAS,HLA-G,HIF1A,ANGPT2,GSK3B,MTOR,FOS,TICAM1,AKT2,AKT1,EP300,TCF7L1,E2F3,E2F2,E2F1,RCAN1,CTNNB1,MAPK14,LEF1,CREB1,TBK1,CCR1
Epstein-Barr virus infection                                 |hsa05169     |68         |1090      |146       |61686         |26.358225461857486 |9.212889999999998e-79  |1.8671499999999997e-77|CHUK,TAB2,CDKN1B,CDKN1A,CDK6,CDK4,CD44,CD40,BCL2L11,NCOR2,CCNE1,CCND3,CCND2,CCNA2,CCNE2,RUNX3,CCNA1,CASP8,CASP3,PIK3R3,VIM,TRAF6,TP53,TNFAIP3,TNF,TAP1,STAT3,STAT1,MAP2K4,BCL2,CCND1,BAX,BAK1,RB1,RAC1,MAP2K6,MAP2K3,MAPK9,PIK3R2,PIK3R1,PIK3CD,PIK3CB,PIK3CA,NFKBIB,NFKBIA,NFKB1,MYD88,MYC,MDM2,JUN,FAS,IRAK1,IL6,IKBKB,IFNB1,ICAM1,APAF1,HLA-G,HDAC2,HDAC1,AKT2,AKT1,E2F3,E2F2,E2F1,MAPK14,IRAK4,TBK1
FoxO signaling pathway                                       |hsa04068     |61         |1090      |108       |61686         |31.964373088685015 |1.0404499999999998e-77 |1.9768599999999992e-76|CHUK,SIRT1,CDKN2D,CDKN1B,CDKN1A,PLK2,BCL2L11,CCND2,CCNB1,ATG12,TNFSF10,IRS2,PIK3R3,TGFBR2,TGFBR1,TGFB2,TGFB1,BRAF,BNIP3,STAT3,SOD2,BCL6,CCND1,RBL2,RAF1,PTEN,MAP2K1,MAPK9,MAPK1,PRKAB1,PRKAA2,PLK1,PIK3R2,PIK3R1,PIK3CD,PIK3CB,PIK3CA,ATM,NRAS,MDM2,SMAD4,SMAD3,KRAS,FASLG,IRS1,IL10,IL6,IKBKB,IGF1R,IGF1,HRAS,GRB2,FOXO3,FOXO1,FOXG1,AKT2,AKT1,EP300,EGFR,NLK,MAPK14
Prostate cancer                                              |hsa05215     |57         |1090      |90        |61686         |35.84201834862385  |6.984689999999999e-77  |1.24903e-75           |CHUK,CDKN1B,CDKN1A,CCNE1,CCNE2,PIK3R3,TP53,ZEB1,BRAF,TCF7,BCL2,CCND1,RB1,RAF1,PTEN,MAP2K1,MAPK1,PLAU,PLAT,PIK3R2,PIK3R1,PIK3CD,PIK3CB,PIK3CA,PDGFRB,PDGFRA,NRAS,NFKBIA,NFKB1,MMP9,MDM2,KRAS,AR,IKBKB,IGF1R,IGF1,HSP90AA1,HRAS,GSK3B,GRB2,MTOR,FOXO1,FGFR2,AKT2,AKT1,ETV5,ERG,ERBB2,EP300,EGFR,TCF7L1,E2F3,E2F2,E2F1,CTNNB1,LEF1,CREB1
AGE-RAGE signaling pathway in diabetic complications         |hsa04933     |56         |1090      |86        |61686         |36.851034777042884 |1.3310499999999999e-76 |2.24799e-75           |CDKN1B,CDK4,CASP3,PIK3R3,VEGFA,VCAM1,TNF,TGFBR2,TGFBR1,TGFB2,TGFB1,STAT5B,STAT5A,STAT3,STAT1,SELE,BCL2,CCND1,BAX,RAC1,MAPK9,MAPK1,PRKCD,PIK3R2,PIK3R1,PIK3CD,PIK3CB,PIK3CA,SERPINE1,NRAS,NFKB1,NFATC1,MMP2,SMAD4,SMAD3,SMAD2,KRAS,JUN,JAK2,CXCL8,IL6,IL1B,ICAM1,HRAS,FN1,FOXO1,AKT2,AKT1,AGTR1,EGR1,CYBB,MAPK14,PLCE1,NOX4,COL4A1,COL3A1
Shigellosis                                                  |hsa05131     |70         |1090      |172       |61686         |23.031896735651802 |7.56841e-76            |1.2109499999999998e-74|CHUK,TAB2,SEPTIN7,CD44,ARPC5,ROCK2,ATG5,ACTN1,ATG12,BTRC,BCL10,CAPNS1,BECN1,PIK3R3,ACTG1,UBE2N,TRAF6,TP53,TNF,TLR4,BNIP3,SRC,ACTB,RPS6KB1,BCL2,ROCK1,BAX,RAC1,PXN,MAPK9,MAPK1,PRKCD,PIK3R2,PIK3R1,PIK3CD,PIK3CB,PIK3CA,ATM,NFKBIB,NFKBIA,NFKB1,NAIP,MYD88,MDM2,RHOA,ARF6,JUN,ITGA5,ILK,CXCL8,IL1B,IKBKB,IFNB1,HK2,GSK3B,TAB3,MTOR,FOXO3,FOXO1,AKT2,AKT1,TLN2,EGFR,ELMO2,ATG16L1,MAPK14,PLCE1,CRKL,CRK,TBK1
Chronic myeloid leukemia                                     |hsa05220     |52         |1090      |72        |61686         |40.87247706422019  |4.769269999999999e-75  |7.249299999999999e-74 |CHUK,CDKN2A,CDKN1B,CDKN1A,CDK6,CDK4,GAB2,RUNX1,PIK3R3,TP53,TGFBR2,TGFBR1,TGFB2,TGFB1,BRAF,STAT5B,STAT5A,SHC1,CCND1,BAX,BAK1,RB1,RAF1,PTPN11,MAP2K1,MAPK1,PIK3R2,PIK3R1,PIK3CD,PIK3CB,PIK3CA,NRAS,NFKBIA,NFKB1,MYC,MDM2,SMAD4,SMAD3,KRAS,IKBKB,HRAS,HDAC2,HDAC1,GRB2,AKT2,AKT1,MECOM,E2F3,E2F2,E2F1,CRKL,CRK
Colorectal cancer                                            |hsa05210     |54         |1090      |82        |61686         |37.26833743566794  |2.56142e-74            |3.7079599999999994e-73|CDKN1A,BCL2L11,CASP3,PIK3R3,AXIN2,TP53,TGFBR2,TGFBR1,TGFB2,TGFB1,BRAF,TCF7,RPS6KB1,BCL2,CCND1,BAX,BAK1,RALA,RAF1,RAC1,MAP2K1,MAPK9,MAPK1,PIK3R2,PIK3R1,PIK3CD,PIK3CB,PIK3CA,NRAS,MYC,MSH3,MSH2,MLH1,SMAD4,SMAD3,SMAD2,RHOA,KRAS,JUN,BIRC5,APC,HRAS,MSH6,GSK3B,GRB2,MTOR,FOS,AKT2,AKT1,EGFR,TCF7L1,CTNNB1,LEF1,BBC3
Salmonella infection                                         |hsa05132     |66         |1090      |154       |61686         |24.253997378768023 |2.0665699999999997e-73 |2.8556299999999994e-72|TXN2,CHUK,TAB2,WASF3,ARPC5,ROCK2,CASP8,CASP7,CASP3,TNFRSF10B,TNFSF10,ACTG1,TRAF6,TNF,TLR4,TCF7,MAP2K4,ACTB,BCL2,BAX,BAK1,RALA,RAF1,RAC1,RAB5B,MAP2K6,MAP2K3,MAP2K1,MAPK9,MAPK1,PODXL,PIK3CG,PIK3CD,PIK3CB,PIK3CA,PAK1,NFKBIA,NFKB1,NAIP,MYO6,MYD88,MYC,RHOB,RHOA,ARF6,KPNA4,JUN,IRAK1,CXCL8,IL6,IL1B,IKBKB,HSP90AA1,HRAS,TAB3,FOS,AKT2,AKT1,TIRAP,TCF7L1,KLC2,ELMO2,CTNNB1,MAPK14,LEF1,IRAK4
Endocrine resistance                                         |hsa01522     |54         |1090      |87        |61686         |35.12647896235369  |3.66929e-72            |4.849839999999999e-71 |ADCY9,CDKN2C,CDKN2A,CDKN1B,CDKN1A,CDK4,PIK3R3,NCOA3,TP53,BRAF,SRC,SP1,SHC1,RPS6KB1,BCL2,CCND1,BAX,RB1,RAF1,MAP2K1,MAPK9,MAPK1,PRKACB,PIK3R2,PIK3R1,PIK3CD,PIK3CB,PIK3CA,NRAS,NOTCH2,NOTCH1,MMP9,MMP2,MDM2,KRAS,JUN,IGF1R,IGF1,HRAS,GRB2,MTOR,FOS,AKT2,AKT1,ESR1,ERBB2,EGFR,JAG1,E2F3,E2F2,E2F1,HBEGF,MAPK14,DLL1
Human immunodeficiency virus 1 infection                     |hsa05170     |65         |1090      |154       |61686         |23.88651256999881  |9.052469999999998e-72  |1.1466499999999998e-70|SAMHD1,CHUK,CHEK1,TAB2,PAK4,CD4,CCNB1,BTRC,CASP8,CASP3,PIK3R3,CXCR4,WEE1,TRAF6,TNF,TLR4,TAP1,RPS6KB1,BCL2,BAX,BAK1,RAF1,RAC1,PXN,MAP2K6,MAP2K3,MAP2K1,MAPK9,MAPK1,PPP3CA,PIK3R2,PIK3R1,PIK3CD,PIK3CB,PIK3CA,PAK1,ATM,NRAS,NFKBIA,NFKB1,NFATC1,MYD88,LIMK1,KRAS,JUN,FASLG,FAS,IRAK1,IKBKB,IFNB1,HRAS,HLA-G,GNAI3,GNAI2,MTOR,FOS,AKT2,PTK2B,AKT1,AP1G1,MAPK14,IRAK4,CRKL,CRK,TBK1
Ras signaling pathway                                        |hsa04014     |66         |1090      |165       |61686         |22.63706422018349  |6.0116899999999995e-71 |7.310209999999999e-70 |CHUK,RRAS2,RASSF1,PAK4,RASGRP1,GAB2,KSR1,PIK3R3,BRAP,ZAP70,VEGFA,TIAM1,TEK,SHC1,BDNF,RASA1,RAP1B,RALA,RAF1,RAC1,RAB5B,PTPN11,MAP2K1,MAPK9,MAPK1,PRKACB,PIK3R2,PIK3R1,PIK3CD,PIK3CB,PIK3CA,PDGFRB,PDGFRA,PAK1,NTRK2,NTF3,NRAS,NFKB1,MET,RHOA,ARF6,KRAS,KIT,KDR,FASLG,IKBKB,IGF2,IGF1R,IGF1,HRAS,ANGPT2,GRIN2A,GRB2,ABL2,FLT1,FGFR2,FGFR3,AKT2,AKT1,ETS1,EGFR,EFNA1,CSF1R,CSF1,PLCE1,TBK1
Focal adhesion                                               |hsa04510     |63         |1090      |145       |61686         |24.58853527364758  |1.3755199999999999e-70 |1.6082999999999995e-69|PAK4,ROCK2,CCND3,CCND2,ACTN1,PIK3R3,VEGFA,ACTG1,BRAF,SRC,SPP1,SHC1,ACTB,BCL2,CCND1,ROCK1,RAP1B,RAF1,RAC1,PXN,PTEN,MAP2K1,MAPK9,MAPK1,PPP1CC,PPP1CA,PIK3R2,PIK3R1,PIK3CD,PIK3CB,PIK3CA,PDGFRB,PDGFRA,PAK1,MET,ARHGAP5,RHOA,LAMB3,KDR,JUN,ITGB8,ITGB3,ITGA5,ITGA3,ITGA6,ILK,IGF1R,IGF1,XIAP,HRAS,GSK3B,GRB2,FN1,FLT1,AKT2,AKT1,ERBB2,TLN2,EGFR,CTNNB1,CRKL,CRK,COL4A1
Yersinia infection                                           |hsa05135     |58         |1090      |115       |61686         |28.54238532110092  |5.717949999999998e-70  |6.437989999999998e-69 |CHUK,TAB2,ARPC5,CD4,ROCK2,PIK3R3,ZAP70,ACTG1,TRAF6,TNF,TLR4,SRC,MAP2K4,ACTB,RPS6KA3,RPS6KA1,ROCK1,RAC1,PXN,MAP2K6,MAP2K3,MAP2K1,MAPK9,MAPK1,PIK3R2,PIK3R1,PIK3CD,PIK3CB,PIK3CA,NFKBIA,NFKB1,NFATC1,MYD88,RHOA,LIMK1,ARF6,JUN,ITGA5,IRAK1,IL10,CXCL8,IL6,IL1B,IKBKB,IFNB1,GSK3B,FOS,FN1,TICAM1,AKT2,PTK2B,AKT1,ELMO2,MAPK14,IRAK4,CRKL,CRK,TBK1
Signaling pathways regulating pluripotency of stem cells     |hsa04550     |53         |1090      |88        |61686         |34.08421601334446  |8.420399999999998e-70  |9.142149999999998e-69 |ACVR1,KLF4,PIK3R3,FZD7,FZD6,AXIN2,PCGF2,WNT7A,WNT1,TCF7,STAT3,BMPR2,BMPR1B,SOX2,BMI1,REST,RAF1,MAP2K1,MAPK1,POU5F1,PIK3R2,PIK3R1,PIK3CD,PIK3CB,PIK3CA,PAX6,NRAS,MYC,SMAD5,SMAD4,SMAD3,SMAD2,LIFR,KRAS,JAK2,INHBB,IGF1R,IGF1,APC,HRAS,HOXA1,GSK3B,GRB2,FGFR2,FGFR3,ACVR1C,AKT2,AKT1,WNT10A,DVL2,NANOG,CTNNB1,MAPK14
Hepatitis C                                                  |hsa05160     |57         |1090      |113       |61686         |28.54674027766502  |8.741259999999999e-69  |9.163249999999998e-68 |CHUK,CDKN1A,CDK6,CDK4,CLDN1,CLDN10,SOCS3,CASP8,CASP3,PIK3R3,YWHAZ,TRAF6,TP53,TNF,TLR3,BRAF,STAT3,STAT1,RXRA,CCND1,BAX,BAK1,RB1,RAF1,MAP2K1,MAPK1,PPP2R2A,PPARA,PIK3R2,PIK3R1,PIK3CD,PIK3CB,PIK3CA,NRAS,NFKBIA,NFKB1,MYC,LDLR,KRAS,FASLG,FAS,IKBKB,IFNG,IFNB1,HRAS,APAF1,GSK3B,GRB2,TICAM1,AKT2,AKT1,EGFR,E2F3,E2F2,E2F1,CTNNB1,TBK1
Transcriptional misregulation in cancer                      |hsa05202     |58         |1090      |123       |61686         |26.685970015663464 |1.0215299999999999e-67 |1.0351499999999997e-66|CEBPB,CEBPA,CDKN2C,CDKN1B,CDKN1A,CD40,CCND2,CCNA2,RUNX1,RUNX2,CCNA1,HMGA2,PAX8,TP53,TGFBR2,ZEB1,SPI1,SP1,BMI1,RXRA,BCL6,BAX,BAK1,RARA,PPARG,PLAU,PLAT,PBX3,PAX3,ATM,NFKB1,MYCN,MYC,MMP9,MITF,MET,MEF2C,MDM2,MAX,CXCL8,IL6,IGF1R,IGF1,HPGD,HOXA10,HOXA9,HDAC2,HDAC1,FUT8,FLT1,FLI1,FOXO1,ETV5,ETV1,ERG,SLC45A3,DUSP6,CSF1R
Viral carcinogenesis                                         |hsa05203     |59         |1090      |135       |61686         |24.733088685015293 |2.3420399999999997e-66 |2.29671e-65           |CHEK1,CDKN2A,CDKN1B,CDKN1A,CDK6,CDK4,HDAC6,HDAC4,CCNE1,CCND3,CCND2,CCNA2,ACTN1,CCNE2,CCNA1,CASP8,KAT2B,CASP3,PIK3R3,YWHAZ,TP53,STAT5B,STAT5A,STAT3,SRC,CCND1,BAX,BAK1,RBL2,RBL1,RB1,RAC1,PXN,MAPK1,PRKACB,PIK3R2,PIK3R1,PIK3CD,PIK3CB,PIK3CA,NRAS,NFKBIA,NFKB1,MDM2,RHOA,KRAS,JUN,HRAS,HNRNPK,HLA-G,HDAC2,HDAC1,GRB2,EP300,EGR2,HDAC11,DDX3X,VAC14,CREB1
Measles                                                      |hsa05162     |54         |1090      |112       |61686         |27.285747051114022 |8.37465e-64            |7.955909999999999e-63 |CHUK,TAB2,CDKN1B,CDK6,CDK4,CD28,CCNE1,CCND3,CCND2,CCNE2,CASP8,CASP3,PIK3R3,TRAF6,TP53,TNFAIP3,TLR4,STAT5B,STAT5A,STAT3,STAT1,BCL2,CCND1,BAX,BAK1,MAPK9,PIK3R2,PIK3R1,PIK3CD,PIK3CB,PIK3CA,NFKBIB,NFKBIA,NFKB1,MYD88,MSN,JUN,FASLG,FAS,IRAK1,IL12A,IL6,IL1B,IKBKB,IFNB1,APAF1,GSK3B,FOS,AKT2,AKT1,CSNK2A1,IRAK4,TBK1,BBC3
PD-L1 expression and PD-1 checkpoint pathway in cancer       |hsa05235     |48         |1090      |79        |61686         |34.38541400534201  |1.3715399999999997e-63 |1.2634799999999999e-62|CHUK,RASGRP1,CD28,CD4,PIK3R3,ZAP70,TRAF6,TLR4,STAT3,STAT1,RPS6KB1,RAF1,PTPN11,PTEN,MAP2K6,MAP2K3,MAP2K1,MAPK1,PPP3CA,PIK3R2,PIK3R1,PIK3CD,PIK3CB,PIK3CA,NRAS,NFKBIB,NFKBIA,NFKB1,NFATC1,MYD88,KRAS,JUN,JAK2,IKBKB,IFNG,HRAS,HIF1A,TICAM2,MTOR,FOS,TICAM1,AKT2,AKT1,TIRAP,EGFR,CSNK2A1,MAPK14,CD274
Pancreatic cancer                                            |hsa05212     |46         |1090      |72        |61686         |36.15642201834863  |1.6372799999999995e-62 |1.4639199999999998e-61|CHUK,CDKN2A,CDKN1A,CDK6,CDK4,PIK3R3,VEGFA,TP53,TGFBR2,TGFBR1,TGFB2,TGFB1,BRAF,STAT3,STAT1,RPS6KB1,CCND1,BAX,BAK1,RB1,RALA,RAF1,RAD51,RAC1,MAP2K1,MAPK9,MAPK1,PIK3R2,PIK3R1,PIK3CD,PIK3CB,PIK3CA,NFKB1,SMAD4,SMAD3,SMAD2,KRAS,IKBKB,MTOR,AKT2,AKT1,ERBB2,EGFR,E2F3,E2F2,E2F1
Alzheimer disease                                            |hsa05010     |62         |1090      |177       |61686         |19.823417819934694 |2.1245399999999996e-62 |1.8453199999999996e-61|CHUK,PPIF,RB1CC1,CASP8,CASP7,CASP3,BECN1,IRS2,PIK3R3,ULK1,FZD7,FZD6,AXIN2,WNT7A,WNT1,TNF,BRAF,ADAM17,RAF1,PSMD9,MAP2K1,MAPK9,MAPK1,PPP3CA,PIK3R2,PIK3R1,PIK3CD,PIK3CB,PIK3CA,ATP2A2,NRAS,NFKB1,NDUFA4,COX2,MAP3K5,LRP6,KRAS,FAS,IRS1,APP,IL6,IL1B,IKBKB,APC,HRAS,APAF1,GSK3B,GRIN2A,MTOR,AKT2,AKT1,WNT10A,DVL2,KLC2,RTN4,CYBB,CTNNB1,CSNK2A1,CSF1,APH1A,NOX4,DKK2
Pathways of neurodegeneration - multiple diseases            |hsa05022     |67         |1090      |224       |61686         |16.927269003931848 |4.702159999999999e-62  |3.970709999999999e-61 |PPIF,MFN2,RB1CC1,CASP8,CASP7,CASP3,BECN1,ULK1,FZD7,FZD6,AXIN2,WNT7A,WNT1,TNF,BRAF,STX1A,BDNF,BCL2,BAX,BAK1,RAF1,RAC1,RAB1A,PSMD9,MAP2K6,MAP2K3,MAP2K1,MAPK9,MAPK1,PPP3CA,ATP2A2,PRKN,NRAS,NFKB1,NDUFA4,COX2,MAP3K10,MAP3K5,LRP6,KRAS,FASLG,FAS,APP,IL6,IL1B,APC,HRAS,APAF1,GSK3B,GRIN2A,GRIA2,GPX2,MTOR,WNT10A,DVL2,DERL1,PINK1,KLC2,DAXX,CYBB,CTNNB1,CSNK2A1,CSF1,MAPK14,NOX4,TBK1,DKK2
Hippo signaling pathway                                      |hsa04390     |51         |1090      |100       |61686         |28.862256880733945 |5.528079999999999e-62  |4.541989999999999e-61 |RASSF1,CDH1,YAP1,CCND3,CCND2,BTRC,FZD7,FZD6,AXIN2,GDF5,YWHAZ,WNT7A,WNT1,ACTG1,TP53BP2,TGFBR2,TGFBR1,TGFB2,TGFB1,TCF7,BMPR2,BMPR1B,BMP7,BMP6,BMP2,SOX2,ACTB,CCND1,PPP2R2A,PPP1CC,PPP1CA,SERPINE1,MYC,SMAD7,SMAD4,SMAD3,SMAD2,BIRC5,APC,GSK3B,GLI2,RASSF6,AMOT,TCF7L1,WNT10A,DVL2,CTNNB1,CCN2,LEF1,BBC3,LATS2
Neurotrophin signaling pathway                               |hsa04722     |50         |1090      |96        |61686         |29.475344036697248 |2.0624899999999993e-61 |1.6499899999999998e-60|PIK3R3,TRAF6,TP53,BRAF,SHC1,BDNF,RPS6KA3,RPS6KA1,BCL2,BAX,RAP1B,RAF1,RAC1,PTPN11,MAP2K1,MAPK9,MAPK7,MAPK1,PRKCD,PIK3R2,PIK3R1,PIK3CD,PIK3CB,PIK3CA,NTRK3,NTRK2,NTF3,NRAS,NFKBIB,NFKBIA,NFKB1,MAP3K5,ARHGDIB,RHOA,KRAS,JUN,FASLG,IRS1,IRAK1,IKBKB,HRAS,GSK3B,GRB2,FOXO3,AKT2,AKT1,MAPK14,IRAK4,CRKL,CRK
Fluid shear stress and atherosclerosis                       |hsa05418     |51         |1090      |109       |61686         |26.479134752966925 |1.9047299999999996e-59 |1.4847100000000002e-58|TXN2,CHUK,CDH5,ACVR1,PIK3R3,VEGFA,VCAM1,ACTG1,TP53,TNF,BMPR2,BMPR1B,SRC,MAP2K4,SELE,ACTB,BCL2,RAC1,MAP2K6,MAPK9,MAPK7,PRKAA2,PLAT,PIK3R2,PIK3R1,PIK3CD,PIK3CB,PIK3CA,NFKB1,NFE2L2,MMP9,MMP2,MGST2,MAP3K5,MEF2C,RHOA,KDR,JUN,ITGB3,IL1B,IKBKB,IFNG,ICAM1,HSP90AA1,HMOX1,GPC1,FOS,AKT2,AKT1,CTNNB1,MAPK14
EGFR tyrosine kinase inhibitor resistance                    |hsa01521     |45         |1090      |75        |61686         |33.95559633027523  |2.5589499999999997e-59 |1.9448e-58            |BCL2L11,PIK3R3,VEGFA,BRAF,STAT3,SRC,SHC1,RPS6KB1,BCL2,BAX,RAF1,AXL,PTEN,MAP2K1,MAPK1,PIK3R2,PIK3R1,PIK3CD,PIK3CB,PIK3CA,PDGFRB,PDGFRA,NRAS,MET,KRAS,KDR,JAK2,IL6R,IL6,IGF1R,IGF1,HRAS,GSK3B,GRB2,MTOR,FOXO3,FGFR2,FGFR3,AKT2,AKT1,ERBB3,ERBB2,EIF4EBP1,EIF4E,EGFR
Chemokine signaling pathway                                  |hsa04062     |54         |1090      |131       |61686         |23.328272287975352 |4.239489999999999e-59  |3.1434299999999998e-58|ADCY9,CHUK,CCL26,ROCK2,PIK3R3,CXCR4,TIAM1,BRAF,STAT5B,STAT3,STAT1,SRC,SHC1,CXCL12,CCL22,CCL20,ROCK1,RAP1B,RAF1,RAC1,PXN,MAP2K1,MAPK1,PRKCD,PRKACB,PIK3R2,PIK3R1,PIK3CG,PIK3CD,PIK3CB,PIK3CA,PAK1,NRAS,NFKBIB,NFKBIA,NFKB1,RHOA,KRAS,JAK2,CXCR2,CXCL8,IKBKB,HRAS,GSK3B,GRB2,GNAI3,GNAI2,FOXO3,AKT2,PTK2B,AKT1,CRKL,CRK,CCR1
HIF-1 signaling pathway                                      |hsa04066     |47         |1090      |88        |61686         |30.225625521267727 |1.6771900000000002e-58 |1.2139700000000002e-57|CDKN1B,CDKN1A,PIK3R3,CUL2,VHL,VEGFA,TLR4,TIMP1,TFRC,TEK,STAT3,SLC2A1,RPS6KB1,BCL2,MAP2K1,MAPK1,PIK3R2,PIK3R1,PIK3CD,PIK3CB,PIK3CA,SERPINE1,NFKB1,ARNT,LDHA,IL6R,IL6,IGF1R,IGF1,IFNG,HMOX1,HK2,HIF1A,ANGPT2,MTOR,FLT1,AKT2,AKT1,EGLN3,ERBB2,EPO,EP300,EIF4EBP1,EIF4E,EGFR,CYBB,EGLN1
Rap1 signaling pathway                                       |hsa04015     |57         |1090      |164       |61686         |19.66940031326919  |3.19774e-57            |2.26073e-56           |ADCY9,CDH1,DOCK4,PIK3R3,VEGFA,ACTG1,TIAM1,TEK,BRAF,SRC,ACTB,RAP1B,RALA,RAF1,RAC1,MAP2K6,MAP2K3,MAP2K1,MAPK1,PRKD1,PIK3R2,PIK3R1,PIK3CD,PIK3CB,PIK3CA,PDGFRB,PDGFRA,NRAS,MET,RHOA,KRAS,KIT,KDR,ITGB3,IGF1R,IGF1,HRAS,ANGPT2,GRIN2A,GNAI3,GNAI2,FLT1,FGFR2,FGFR3,AKT2,AKT1,TLN2,EGFR,EFNA1,CTNND1,CTNNB1,CSF1R,CSF1,MAPK14,PLCE1,CRKL,CRK
Cell cycle                                                   |hsa04110     |46         |1090      |87        |61686         |29.9225561531161   |5.287069999999999e-57  |3.6528900000000003e-56|CHEK1,CDKN2D,CDKN2C,CDKN2A,CDKN1C,CDKN1B,CDKN1A,CDK6,CDK4,CDC27,CDC25A,CCNE1,CCND3,CCND2,CCNB1,CCNA2,CCNE2,CCNA1,CDC14A,YWHAZ,WEE1,TP53,TGFB2,TGFB1,CCND1,RBL2,RBL1,RB1,PLK1,ATM,MYC,MDM2,MCM2,SMAD4,SMAD3,SMAD2,MAD2L1,HDAC2,HDAC1,GSK3B,EP300,E2F5,E2F3,E2F2,E2F1,ANAPC1
Autophagy - animal                                           |hsa04140     |50         |1090      |114       |61686         |24.821342346692422 |1.6988299999999999e-56 |1.14766e-55           |ATG4B,RRAS2,ATG7,RB1CC1,ATG5,ATG12,MTMR3,BECN1,IRS2,PIK3R3,ULK1,UVRAG,TRAF6,BNIP3,RPS6KB1,BCL2,RAF1,RAB1A,PTEN,MAP2K1,MAPK9,MAPK1,PRKCD,PRKACB,PRKAA2,PIK3R2,PIK3R1,PIK3CD,PIK3CB,PIK3CA,NRAS,LAMP2,KRAS,IRS1,IGF1R,HRAS,HMGB1,HIF1A,MTOR,AKT2,AKT1,PRAP1,ATG4A,ATG4D,ATG4C,MTMR14,DAPK3,ATG16L1,DDIT4,TBK1
Thyroid hormone signaling pathway                            |hsa04919     |45         |1090      |87        |61686         |29.272065801961404 |3.35794e-55            |2.2191599999999998e-54|KAT2B,NCOA1,PIK3R3,NCOA3,ACTG1,TP53,THRB,STAT1,SRC,SLC2A1,ACTB,RXRA,CCND1,RAF1,MAP2K1,MAPK1,PRKACB,PIK3R2,PIK3R1,PIK3CD,PIK3CB,PIK3CA,ATP2A2,NRAS,NOTCH2,NOTCH1,MYC,MDM2,KRAS,ITGB3,HRAS,HIF1A,HDAC2,HDAC1,GSK3B,GATA4,MTOR,FOXO1,AKT2,AKT1,ESR1,EP300,RCAN1,CTNNB1,PLCE1
Herpes simplex virus 1 infection                             |hsa05168     |51         |1090      |128       |61686         |22.548638188073397 |5.998870000000001e-55  |3.880119999999999e-54 |CHUK,TAB2,SOCS3,CASP8,CASP3,PIK3R3,TRAF6,TP53,TNF,TLR3,TAP1,STAT1,SRC,BCL2,BAX,BAK1,PTPN11,PPP1CC,PPP1CA,POU2F2,PIK3R2,PIK3R1,PIK3CD,PIK3CB,PIK3CA,NFKBIA,NFKB1,MYD88,JAK2,ITGB3,FASLG,ITGA5,FAS,IRAK1,IL12A,IL6,IL1B,IKBKB,IFNG,IFNB1,APAF1,HLA-G,ZNF763,MTOR,TICAM1,AKT2,AKT1,EIF4EBP1,DAXX,IRAK4,TBK1
Osteoclast differentiation                                   |hsa04380     |48         |1090      |107       |61686         |25.387361742261856 |6.98395e-55            |4.4231699999999997e-54|CHUK,TAB2,GAB2,SOCS3,SOCS1,PIK3R3,FOSL1,TRAF6,TNF,TGFBR2,TGFBR1,TGFB2,TGFB1,STAT1,SPI1,RAC1,MAP2K6,MAP2K1,MAPK9,MAPK1,PPP3CA,PPARG,PIK3R2,PIK3R1,PIK3CD,PIK3CB,PIK3CA,NFKBIA,NFKB1,NFATC1,MITF,JUN,ITGB3,IL1B,IKBKB,IFNG,IFNB1,GRB2,FOS,SIRPA,AKT2,AKT1,CYLD,TREM2,CSF1R,CSF1,MAPK14,CREB1
Pathogenic Escherichia coli infection                        |hsa05130     |49         |1090      |116       |61686         |23.905520404935146 |2.2188400000000002e-54 |1.3765899999999998e-53|CHUK,TAB2,WASF3,ARPC5,ROCK2,CLDN1,CLDN10,CASP8,CASP7,CASP3,TNFRSF10B,TNFSF10,ACTG1,TRAF6,TNF,TLR4,SRC,ACTB,ROCK1,BAX,BAK1,RAC1,RAB1A,PTPN11,MAPK9,MAPK1,PAK1,NFKBIB,NFKBIA,NFKB1,NAIP,MYO6,MYO5A,MYD88,RHOA,ARF6,JUN,FASLG,FAS,IRAK1,CXCL8,IL6,IL1B,IKBKB,TAB3,FOS,TIRAP,MAPK14,IRAK4
Toll-like receptor signaling pathway                         |hsa04620     |44         |1090      |84        |61686         |29.643774574049807 |2.49247e-54            |1.51542e-53           |CHUK,TAB2,CD40,CASP8,PIK3R3,TRAF6,TNF,TLR4,TLR3,STAT1,SPP1,MAP2K4,RAC1,MAP2K6,MAP2K3,MAP2K1,MAPK9,MAPK1,PIK3R2,PIK3R1,PIK3CD,PIK3CB,PIK3CA,NFKBIA,NFKB1,MYD88,JUN,IRF5,IRAK1,IL12A,CXCL8,IL6,IL1B,IKBKB,IFNB1,TICAM2,FOS,TICAM1,AKT2,AKT1,TIRAP,MAPK14,IRAK4,TBK1
Wnt signaling pathway                                        |hsa04310     |45         |1090      |90        |61686         |28.29633027522936  |2.6439799999999996e-54 |1.5760199999999997e-53|BAMBI,WIF1,ROCK2,CCND3,CCND2,BTRC,FZD7,FZD6,AXIN2,FOSL1,WNT7A,WNT1,TP53,TCF7,SFRP5,SFRP2,SFRP1,CCND1,RAC1,MAPK9,PRKACB,PPP3CA,NFATC1,MYC,MMP7,SMAD4,SMAD3,LRP6,RHOA,JUN,APC,GSK3B,EP300,ZNRF3,TCF7L1,WNT10A,DVL2,SOX17,LGR4,CTNNB1,NLK,CSNK2A1,LEF1,SOST,DKK2
Chagas disease                                               |hsa05142     |44         |1090      |87        |61686         |28.621575450806706 |2.03591e-53            |1.1902299999999998e-52|CHUK,CASP8,PIK3R3,TRAF6,TNF,TLR4,TGFBR2,TGFBR1,TGFB2,TGFB1,MAP2K4,MAPK9,MAPK1,PPP2R2A,PIK3R2,PIK3R1,PIK3CD,PIK3CB,PIK3CA,SERPINE1,NFKBIA,NFKB1,MYD88,SMAD2,JUN,FASLG,FAS,IRAK1,IL12A,IL10,CXCL8,IL6,IL1B,IKBKB,IFNG,IFNB1,GNAI3,GNAI2,FOS,TICAM1,AKT2,AKT1,MAPK14,IRAK4
TNF signaling pathway                                        |hsa04668     |46         |1090      |100       |61686         |26.03262385321101  |2.7295999999999996e-53 |1.5656599999999998e-52|CHUK,TAB2,CEBPB,DNM1L,SOCS3,CASP8,CASP7,CASP3,PIK3R3,VCAM1,TNFAIP3,TNF,MAP2K4,SELE,CCL20,BCL3,MAP2K6,MAP2K3,MAP2K1,MAPK9,MAPK1,PIK3R2,PIK3R1,PIK3CD,PIK3CB,PIK3CA,NFKBIA,NFKB1,MMP14,MMP9,MAP3K5,JUN,FAS,IL6,IL1B,IKBKB,IFNB1,ICAM1,TAB3,FOS,AKT2,AKT1,JAG1,CSF1,MAPK14,CREB1
Influenza A                                                  |hsa05164     |48         |1090      |119       |61686         |22.827291650605197 |4.2356899999999995e-52 |2.38453e-51           |CHUK,CDK6,CDK4,CCND3,SOCS3,CASP8,CASP3,TNFRSF10B,TNFSF10,PIK3R3,ACTG1,TNF,TLR4,TLR3,STAT1,ACTB,BAX,BAK1,RAF1,MAP2K1,MAPK1,PIK3R2,PIK3R1,PIK3CD,PIK3CB,PIK3CA,NFKBIB,NFKBIA,NFKB1,MYD88,JAK2,FASLG,FAS,IL12A,CXCL8,IL6,IL1B,IKBKB,IFNG,IFNB1,ICAM1,APAF1,TICAM1,AKT2,AKT1,EP300,IRAK4,TBK1
ErbB signaling pathway                                       |hsa04012     |41         |1090      |75        |61686         |30.93732110091743  |9.213289999999999e-52  |5.09244e-51           |CDKN1B,CDKN1A,PAK4,PIK3R3,BTC,BRAF,STAT5B,STAT5A,SRC,SHC1,MAP2K4,RPS6KB1,RAF1,MAP2K1,MAPK9,MAPK1,PIK3R2,PIK3R1,PIK3CD,PIK3CB,PIK3CA,PAK1,NRAS,MYC,KRAS,JUN,HRAS,GSK3B,GRB2,ABL2,MTOR,AKT2,AKT1,ERBB4,ERBB3,ERBB2,EIF4EBP1,EGFR,HBEGF,CRKL,CRK
mTOR signaling pathway                                       |hsa04150     |44         |1090      |93        |61686         |26.775022195915955 |1.00373e-51            |5.44881e-51           |CHUK,PIK3R3,ULK1,FZD7,FZD6,SLC7A5,WNT7A,WNT1,TNF,BRAF,RPS6KB1,RPS6KA3,RPS6KA1,RAF1,PTEN,MAP2K1,MAPK1,PRKAA2,PIK3R2,PIK3R1,PIK3CD,PIK3CB,PIK3CA,NRAS,LRP6,RHOA,KRAS,IRS1,IKBKB,IGF1R,IGF1,HRAS,GSK3B,GRB10,GRB2,RICTOR,MTOR,AKT2,AKT1,EIF4EBP1,EIF4E,WNT10A,DVL2,DDIT4
Renal cell carcinoma                                         |hsa05211     |39         |1090      |65        |61686         |33.955596330275235 |1.4475599999999998e-51 |7.4586e-51            |CDKN1A,PAK4,PIK3R3,CUL2,VHL,VEGFA,TGFB2,TGFB1,BRAF,SLC2A1,RAP1B,RAF1,RAC1,PTPN11,MAP2K1,MAPK1,PIK3R2,PIK3R1,PIK3CD,PIK3CB,PIK3CA,PAK1,NRAS,MET,ARNT,KRAS,JUN,HRAS,HIF1A,GRB2,AKT2,AKT1,EGLN3,ETS1,EPAS1,EP300,EGLN1,CRKL,CRK
Non-small cell lung cancer                                   |hsa05223     |39         |1090      |65        |61686         |33.955596330275235 |1.4475599999999998e-51 |7.4586e-51            |RASSF1,CDKN2A,CDKN1A,CDK6,CDK4,PIK3R3,TP53,BRAF,STAT5B,STAT5A,STAT3,RXRA,CCND1,BAX,RET,BAK1,RB1,RARB,RAF1,MAP2K1,MAPK1,PIK3R2,PIK3R1,PIK3CD,PIK3CB,PIK3CA,NRAS,MET,KRAS,HRAS,GRB2,FOXO3,AKT2,AKT1,ERBB2,EGFR,E2F3,E2F2,E2F1
Acute myeloid leukemia                                       |hsa05221     |39         |1090      |65        |61686         |33.955596330275235 |1.4475599999999998e-51 |7.4586e-51            |CHUK,CEBPA,CCNA2,RUNX1,CCNA1,PIK3R3,BRAF,TCF7,STAT5B,STAT5A,STAT3,SPI1,RPS6KB1,CCND1,RARA,RAF1,MAP2K1,MAPK1,PIK3R2,PIK3R1,PIK3CD,PIK3CB,PIK3CA,NRAS,NFKB1,MYC,KRAS,KIT,IKBKB,HRAS,GRB2,MTOR,AKT2,AKT1,EIF4EBP1,TCF7L1,DUSP6,CSF1R,LEF1
Small cell lung cancer                                       |hsa05222     |41         |1090      |76        |61686         |30.53025108643168  |1.96736e-51            |9.967949999999999e-51 |CHUK,CDKN1B,CDKN1A,CDK6,CDK4,CCNE1,CCNE2,CASP3,PIK3R3,TRAF6,TP53,RXRA,BCL2,CCND1,BAX,BAK1,RB1,RARB,PTEN,PIK3R2,PIK3R1,PIK3CD,PIK3CB,PIK3CA,NFKBIA,NFKB1,MYC,MAX,LAMB3,ITGA3,ITGA6,IKBKB,XIAP,APAF1,FN1,AKT2,AKT1,E2F3,E2F2,E2F1,COL4A1
Melanoma                                                     |hsa05218     |37         |1090      |56        |61686         |37.391579292267366 |2.36505e-51            |1.15964e-50           |CDKN2A,CDKN1A,CDK6,CDK4,CDH1,PIK3R3,TP53,BRAF,CCND1,BAX,BAK1,RB1,RAF1,PTEN,MAP2K1,MAPK1,PIK3R2,PIK3R1,PIK3CD,PIK3CB,PIK3CA,PDGFRB,PDGFRA,NRAS,MITF,MET,MDM2,KRAS,IGF1R,IGF1,HRAS,AKT2,AKT1,EGFR,E2F3,E2F2,E2F1
Axon guidance                                                |hsa04360     |45         |1090      |101       |61686         |25.214551730402402 |2.34784e-51            |1.17007e-50           |PAK4,PLXNC1,ROCK2,PIK3R3,SEMA7A,CXCR4,BMPR2,BMPR1B,BMP7,SRC,SMO,CXCL12,ROCK1,ROBO2,ROBO1,RGS3,RASA1,RAF1,RAC1,PTPN11,MAPK1,PPP3CA,PIK3R2,PIK3R1,PIK3CD,PIK3CB,PIK3CA,PAK1,NRAS,MET,RHOA,LIMK1,L1CAM,KRAS,ILK,HRAS,GSK3B,GNAI3,GNAI2,FES,EPHA5,EFNA1,SEMA6A,SRGAP1,SEMA4C
Non-alcoholic fatty liver disease                            |hsa04932     |40         |1090      |72        |61686         |31.44036697247707  |6.34988e-51            |3.06407e-50           |CEBPA,BCL2L11,SOCS3,CASP8,CASP7,CASP3,IRS2,PIK3R3,TNF,TGFB1,RXRA,BAX,RAC1,MAPK9,PRKAB1,PRKAA2,PPARA,PIK3R2,PIK3R1,PIK3CD,PIK3CB,PIK3CA,NFKB1,NDUFA4,COX2,MAP3K11,MAP3K5,JUN,FASLG,FAS,IRS1,CXCL8,IL6R,IL6,IL1B,IKBKB,GSK3B,FOS,AKT2,AKT1
Glioma                                                       |hsa05214     |38         |1090      |62        |61686         |34.685824208345664 |8.483920000000001e-51  |4.02986e-50           |CDKN2A,CDKN1A,CDK6,CDK4,PIK3R3,TP53,BRAF,SHC1,CCND1,BAX,BAK1,RB1,RAF1,PTEN,MAP2K1,MAPK1,PIK3R2,PIK3R1,PIK3CD,PIK3CB,PIK3CA,PDGFRB,PDGFRA,NRAS,MDM2,KRAS,IGF1R,IGF1,HRAS,GRB2,MTOR,AKT2,AKT1,EGFR,E2F3,E2F2,E2F1,CAMK1D
Endometrial cancer                                           |hsa05213     |36         |1090      |53        |61686         |38.44029773238705  |1.08833e-50            |5.09003e-50           |CDKN1A,CDH1,PIK3R3,AXIN2,TP53,BRAF,TCF7,CCND1,BAX,BAK1,RAF1,PTEN,MAP2K1,MAPK1,PIK3R2,PIK3R1,PIK3CD,PIK3CB,PIK3CA,NRAS,MYC,MLH1,KRAS,ILK,APC,HRAS,GSK3B,GRB2,FOXO3,AKT2,AKT1,ERBB2,EGFR,TCF7L1,CTNNB1,LEF1
Apoptosis                                                    |hsa04210     |45         |1090      |106       |61686         |24.02518608274191  |3.678469999999999e-50  |1.69432e-49           |CHUK,BCL2L11,CASP8,CASP7,CASP3,TNFRSF10B,TNFSF10,PIK3R3,ACTG1,TP53,TNF,ACTB,BCL2,BAX,BAK1,RAF1,MAP2K1,MAPK9,MAPK1,PIK3R2,PIK3R1,PIK3CD,PIK3CB,PIK3CA,ATM,NRAS,NFKBIA,NFKB1,MAP3K5,MCL1,KRAS,JUN,FASLG,FAS,IKBKB,BIRC5,XIAP,HRAS,APAF1,FOS,AKT2,AKT1,DFFA,DAXX,BBC3
Toxoplasmosis                                                |hsa05145     |41         |1090      |81        |61686         |28.64566768603466  |7.044910000000001e-50  |3.1964999999999996e-49|CHUK,TAB2,PPIF,CD40,CASP8,CASP3,SOCS1,TRAF6,TNF,TLR4,TGFB2,TGFB1,STAT3,STAT1,BCL2,MAP2K6,MAP2K3,MAPK9,MAPK1,PIK3CG,NFKBIB,NFKBIA,NFKB1,MYD88,LDLR,LAMB3,JAK2,ITGA6,IRAK1,IL12A,IL10,IKBKB,IFNG,XIAP,GNAI3,GNAI2,ALOX5,AKT2,AKT1,MAPK14,IRAK4
C-type lectin receptor signaling pathway                     |hsa04625     |42         |1090      |89        |61686         |26.70664879909288  |2.2811199999999995e-49 |1.0198e-48            |CHUK,RRAS2,BCL10,CASP8,KSR1,PIK3R3,TNF,STAT1,SRC,CCL22,BCL3,RAF1,PTPN11,MAPK9,MAPK1,PRKCD,PPP3CA,PIK3R2,PIK3R1,PIK3CD,PIK3CB,PIK3CA,PAK1,NRAS,NFKBIA,NFKB1,NFATC1,MDM2,RHOA,KRAS,JUN,IL12A,IL10,IL6,IL1B,IKBKB,HRAS,AKT2,AKT1,EGR2,CYLD,MAPK14
JAK-STAT signaling pathway                                   |hsa04630     |45         |1090      |115       |61686         |22.144954128440368 |3.42149e-48            |1.50744e-47           |CDKN1A,PIAS3,STAM2,CCND3,CCND2,SOCS6,SOCS3,SOCS1,PIK3R3,STAT5B,STAT5A,STAT3,STAT1,BCL2,CCND1,RAF1,PTPN11,PIK3R2,PIK3R1,PIK3CD,PIK3CB,PIK3CA,PDGFRB,PDGFRA,MYC,MPL,MCL1,LIFR,JAK2,IL12A,IL10,IL6R,IL6,IFNG,IFNB1,HRAS,GRB2,MTOR,AKT2,AKT1,EPOR,EPO,EP300,EGFR,SOCS7
Growth hormone synthesis, secretion and action               |hsa04935     |42         |1090      |95        |61686         |25.01991308546596  |7.80998e-48            |3.39176e-47           |ADCY9,SOCS3,IRS2,SOCS1,PIK3R3,STAT5B,STAT5A,STAT3,STAT1,SHC1,MAP2K4,RAF1,MAP2K6,MAP2K3,MAP2K1,MAPK9,MAPK1,PRKACB,PIK3R2,PIK3R1,PIK3CD,PIK3CB,PIK3CA,NRAS,KRAS,JAK2,IRS1,IGF1,HRAS,GSK3B,GRB2,GNAI3,GNAI2,MTOR,FOS,AKT2,AKT1,EP300,MAPK14,CRKL,CRK,CREB1
Relaxin signaling pathway                                    |hsa04926     |41         |1090      |92        |61686         |25.220642201834867 |6.612739999999999e-47  |2.83137e-46           |ADCY9,PIK3R3,VEGFA,TGFBR2,TGFBR1,TGFB1,SRC,SHC1,MAP2K4,RAF1,MAP2K1,MAPK9,MAPK1,PRKACB,PIK3R2,PIK3R1,PIK3CD,PIK3CB,PIK3CA,NRAS,NFKBIA,NFKB1,MMP13,MMP9,MMP2,MMP1,SMAD2,KRAS,JUN,HRAS,GRB2,GNAI3,GNAI2,FOS,AKT2,AKT1,EGFR,MAPK14,CREB1,COL4A1,COL3A1
Bladder cancer                                               |hsa05219     |31         |1090      |40        |61686         |43.85931192660551  |7.111499999999998e-47  |3.0026299999999996e-46|RASSF1,CDKN2A,CDKN1A,CDK4,CDH1,VEGFA,TP53,BRAF,SRC,CCND1,RB1,RAF1,MAP2K1,MAPK1,NRAS,MYC,MMP9,MMP2,MMP1,MDM2,KRAS,CXCL8,HRAS,FGFR3,ERBB2,EGFR,E2F3,E2F2,E2F1,HBEGF,DAPK3
TGF-beta signaling pathway                                   |hsa04350     |37         |1090      |68        |61686         |30.793065299514303 |9.97911e-47            |4.15568e-46           |BAMBI,ACVR1,ZFYVE9,GDF5,TNF,TGIF1,TGFBR2,TGFBR1,TGFB2,TGFB1,BMPR2,BMPR1B,BMP7,BMP6,SP1,BMP2,RPS6KB1,ROCK1,RBL1,MAPK1,MYC,SMAD7,SMAD5,SMAD4,SMAD3,SMAD2,RHOA,INHBB,IFNG,FMOD,ACVR1C,FBN1,EP300,E2F5,TGIF2,SMURF1,GREM1
Platinum drug resistance                                     |hsa01524     |34         |1090      |53        |61686         |36.30472563614333  |1.3227200000000002e-46 |5.43388e-46           |CDKN2A,CDKN1A,CASP8,CASP3,PIK3R3,TP53,BCL2,BAX,REV3L,BAK1,MAPK1,PIK3R2,PIK3R1,PIK3CD,PIK3CB,PIK3CA,ATM,MSH3,MSH2,MLH1,MGST2,MAP3K5,MDM2,FASLG,FAS,BIRC5,XIAP,APAF1,MSH6,AKT2,AKT1,ERCC1,ERBB2,BBC3
Central carbon metabolism in cancer                          |hsa05230     |34         |1090      |56        |61686         |34.35982961992136  |2.26401e-45            |9.176789999999999e-45 |PIK3R3,SLC7A5,TP53,SLC2A1,RET,RAF1,PTEN,MAP2K1,MAPK1,PIK3R2,PIK3R1,PIK3CD,PIK3CB,PIK3CA,PDGFRB,PDGFRA,NTRK3,NRAS,MYC,MET,LDHA,KRAS,KIT,HRAS,HK2,HIF1A,MTOR,FGFR2,FGFR3,AKT2,AKT1,ERBB2,EGFR,SIRT6
Regulation of actin cytoskeleton                             |hsa04810     |47         |1090      |148       |61686         |17.971993553186213 |3.00874e-45            |1.2035e-44            |RRAS2,PAK4,ARPC5,ROCK2,ACTN1,PIK3R3,CXCR4,ACTG1,TIAM1,BRAF,SRC,CXCL12,ACTB,ROCK1,RAF1,RAC1,PXN,MAP2K1,MAPK1,PPP1CC,PPP1CA,PIK3R2,PIK3R1,PIK3CD,PIK3CB,PIK3CA,PDGFRB,PDGFRA,PAK1,NRAS,MSN,RHOA,LIMK1,KRAS,ITGB8,ITGB3,ITGA5,ITGA3,ITGA6,APC,HRAS,FN1,FGFR2,FGFR3,EGFR,CRKL,CRK
Prolactin signaling pathway                                  |hsa04917     |35         |1090      |63        |61686         |31.44036697247706  |1.02996e-44            |4.066319999999999e-44 |CCND2,SOCS6,SOCS3,SOCS1,PIK3R3,STAT5B,STAT5A,STAT3,STAT1,SRC,SHC1,CCND1,RAF1,MAP2K1,MAPK9,MAPK1,PIK3R2,PIK3R1,PIK3CD,PIK3CB,PIK3CA,NRAS,NFKB1,KRAS,JAK2,HRAS,GSK3B,GRB2,FOS,FOXO3,AKT2,AKT1,ESR1,MAPK14,SOCS7
Estrogen signaling pathway                                   |hsa04915     |39         |1090      |88        |61686         |25.080838198498753 |1.4677700000000002e-44 |5.72053e-44           |ADCY9,NCOA1,PIK3R3,NCOA3,TFF1,SRC,SP1,SHC1,BCL2,RARA,RAF1,MAP2K1,MAPK1,PRKCD,PRKACB,PIK3R2,PIK3R1,PIK3CD,PIK3CB,PIK3CA,PGR,NRAS,MMP9,MMP2,KRAS,JUN,HSP90AA1,HRAS,GRB2,GNAI3,GNAI2,FOS,FKBP5,AKT2,AKT1,ESR1,EGFR,HBEGF,CREB1
T cell receptor signaling pathway                            |hsa04660     |39         |1090      |90        |61686         |24.52348623853211  |4.45848e-44            |1.71567e-43           |CHUK,CDK4,PAK4,RASGRP1,CD28,CD4,BCL10,PIK3R3,ZAP70,TNF,RAF1,MAP2K1,MAPK9,MAPK1,PPP3CA,PIK3R2,PIK3R1,PIK3CD,PIK3CB,PIK3CA,PAK1,NRAS,NFKBIB,NFKBIA,NFKB1,NFATC1,RHOA,KRAS,JUN,IL10,IKBKB,IFNG,HRAS,GSK3B,GRB2,FOS,AKT2,AKT1,MAPK14
Progesterone-mediated oocyte maturation                      |hsa04914     |36         |1090      |71        |61686         |28.694870138260757 |5.51053e-44            |2.094e-43             |ADCY9,CPEB3,CDC27,CDC25A,CCNB1,CCNA2,CCNA1,PIK3R3,BRAF,RPS6KA3,RPS6KA1,RAF1,MAP2K1,MAPK9,MAPK1,PRKACB,PLK1,PIK3R2,PIK3R1,PIK3CD,PIK3CB,PIK3CA,PGR,MAD2L1,KRAS,IGF1R,IGF1,HSP90AA1,GNAI3,GNAI2,AKT2,AKT1,CPEB4,ANAPC1,CPEB1,MAPK14
Cushing syndrome                                             |hsa04934     |42         |1090      |113       |61686         |21.034440204595278 |6.27186e-44            |2.3538799999999996e-43|ADCY9,CDKN2C,CDKN2A,CDKN1B,CDKN1A,CDK6,CDK4,CCNE1,CCNE2,AIP,FZD7,FZD6,AXIN2,WNT7A,WNT1,BRAF,TCF7,SP1,CCND1,RB1,RAP1B,MAP2K1,MAPK1,PRKACB,ARNT,LDLR,APC,GSK3B,GNAI3,GNAI2,AHR,AGTR1,EGFR,TCF7L1,WNT10A,E2F3,E2F2,E2F1,DVL2,CTNNB1,LEF1,CREB1
Th17 cell differentiation                                    |hsa04659     |38         |1090      |85        |61686         |25.300248246087428 |1.23889e-43            |4.5929699999999995e-43|CHUK,CD4,RUNX1,ZAP70,TGFBR2,TGFBR1,TGFB1,STAT5B,STAT5A,STAT3,STAT1,RXRA,RARA,MAPK9,MAPK1,PPP3CA,NFKBIB,NFKBIA,NFKB1,NFATC1,SMAD4,SMAD3,SMAD2,JUN,JAK2,IRF4,IL6R,IL6,IL1B,IKBKB,IFNG,HSP90AA1,HIF1A,GATA3,MTOR,FOS,AHR,MAPK14
Tuberculosis                                                 |hsa05152     |43         |1090      |128       |61686         |19.011596903669727 |1.0239e-42             |3.75017e-42           |CORO1A,CEBPB,BCL10,CASP8,SPHK1,KSR1,CASP3,VDR,TRAF6,TNF,TLR4,TGFB2,TGFB1,STAT1,SRC,BCL2,BAX,RAF1,RAB5B,MAPK9,MAPK1,PPP3CA,NFKB1,MYD88,MRC1,RHOA,LAMP2,JAK2,IRAK1,IL12A,IL10,IL6,IL1B,IFNG,IFNB1,APAF1,AKT2,AKT1,TIRAP,EP300,MAPK14,IRAK4,CREB1
Sphingolipid signaling pathway                               |hsa04071     |36         |1090      |81        |61686         |25.152293577981652 |2.7434999999999997e-41 |9.928839999999998e-41 |SPTLC1,GAB2,ROCK2,SGPL1,SPHK1,PIK3R3,TP53,TNF,BCL2,ROCK1,BAX,RAF1,RAC1,PTEN,MAP2K1,MAPK9,MAPK1,PPP2R2A,PIK3R2,PIK3R1,PIK3CD,PIK3CB,PIK3CA,NRAS,NFKB1,ABCC1,MAP3K5,RHOA,KRAS,HRAS,GNAI3,GNAI2,AKT2,AKT1,MAPK14,CERS2
cAMP signaling pathway                                       |hsa04024     |45         |1090      |156       |61686         |16.32480592801694  |2.98976e-41            |1.06928e-40           |ADCY9,RRAS2,CFTR,ROCK2,PIK3R3,TIAM1,BRAF,SOX9,BDNF,ROCK1,RAP1B,RAF1,RAC1,MAP2K1,MAPK9,MAPK1,PRKACB,PPP1CC,PPP1CA,PPARA,PIK3R2,PIK3R1,PIK3CD,PIK3CB,PIK3CA,ATP2A2,PAK1,OXTR,NFKBIA,NFKB1,NFATC1,RHOA,JUN,GRIN2A,GRIA2,GNAI3,GNAI2,GLI3,GLI1,FOS,AKT2,AKT1,EP300,PLCE1,CREB1
Longevity regulating pathway                                 |hsa04211     |35         |1090      |76        |61686         |26.062409464027045 |7.17778e-41            |2.53726e-40           |ADCY9,SIRT1,RB1CC1,ATG5,IRS2,PIK3R3,ULK1,TP53,SOD2,RPS6KB1,BAX,PRKACB,PRKAB1,PRKAA2,PPARG,PIK3R2,PIK3R1,PIK3CD,PIK3CB,PIK3CA,NRAS,NFKB1,KRAS,IRS1,IGF1R,IGF1,HRAS,MTOR,FOXO3,FOXO1,AKT2,AKT1,EIF4EBP1,EIF4E,CREB1
Coronavirus disease - COVID-19                               |hsa05171     |40         |1090      |114       |61686         |19.857073877353937 |1.0377499999999999e-40 |3.62614e-40           |CHUK,TAB2,PIK3R3,TRAF6,TNF,TLR4,TLR3,ADAM17,STAT3,STAT1,RPS7,MAPK9,MAPK1,PIK3R2,PIK3R1,PIK3CD,PIK3CB,PIK3CA,NFKBIB,NFKBIA,NFKB1,MYD88,MMP1,JUN,IRAK1,IL12A,CXCL8,IL6R,IL6,IL1B,IKBKB,IFNB1,FOS,AGTR1,EGFR,HBEGF,CYBB,MAPK14,IRAK4,TBK1
Insulin signaling pathway                                    |hsa04910     |38         |1090      |99        |61686         |21.722435362802337 |1.65359e-40            |5.7124199999999995e-40|SOCS3,IRS2,SOCS1,PIK3R3,BRAF,SHC1,RPS6KB1,RAF1,MAP2K1,MAPK9,MAPK1,PRKACB,PRKAB1,PRKAA2,PPP1CC,PPP1CA,PIK3R2,PIK3R1,PIK3CD,PIK3CB,PIK3CA,NRAS,KRAS,IRS1,IKBKB,HRAS,HK2,GSK3B,GRB2,MTOR,FLOT2,FOXO1,AKT2,AKT1,EIF4EBP1,EIF4E,CRKL,CRK
Cytokine-cytokine receptor interaction                       |hsa04060     |44         |1090      |152       |61686         |16.382085948817    |1.9459799999999997e-40 |6.64693e-40           |CCL26,CD40,CD4,ACVR1,TNFRSF10B,TNFSF10,TNFSF13,GDF5,CXCR4,TNF,TGFBR2,TGFBR1,TGFB2,TGFB1,BMPR2,BMPR1B,BMP7,BMP6,BMP2,CXCL12,CCL22,CCL20,MPL,LIFR,FASLG,FAS,INHBB,IL12A,IL10,CXCR2,CXCL8,IL6R,IL6,IL1B,IFNG,IFNB1,IL34,ACVR1C,EPOR,EPO,ACKR3,CSF1R,CSF1,CCR1
NOD-like receptor signaling pathway                          |hsa04621     |40         |1090      |118       |61686         |19.183952728969057 |5.22074e-40            |1.76345e-39           |TXN2,CHUK,TAB2,NAMPT,DNM1L,MFN2,ATG5,ATG12,CASP8,TRAF6,TNFAIP3,TNF,TLR4,STAT1,BCL2,MAPK9,MAPK1,PRKCD,NFKBIB,NFKBIA,NFKB1,NAIP,MYD88,RHOA,JUN,CXCL8,IL6,IL1B,IKBKB,IFNB1,XIAP,HSP90AA1,TAB3,TICAM1,ERBIN,ATG16L1,CYBB,MAPK14,IRAK4,TBK1
Leukocyte transendothelial migration                         |hsa04670     |35         |1090      |80        |61686         |24.75928899082569  |7.12462e-40            |2.3800899999999997e-39|CDH5,ROCK2,ACTN1,CLDN1,CLDN10,PIK3R3,CXCR4,VCAM1,ACTG1,CXCL12,ACTB,ROCK1,RAP1B,RAC1,PXN,PTPN11,PIK3R2,PIK3R1,PIK3CD,PIK3CB,PIK3CA,MSN,MMP9,MMP2,ARHGAP5,RHOA,ICAM1,GNAI3,GNAI2,PTK2B,CYBB,CTNND1,CTNNB1,MAPK14,F11R
Insulin resistance                                           |hsa04931     |34         |1090      |79        |61686         |24.356334920450585 |1.8196599999999997e-38 |6.012799999999999e-38 |SOCS3,IRS2,PIK3R3,TNF,STAT3,SLC2A1,RPS6KB1,RPS6KA3,RPS6KA1,PTPN11,PTEN,MAPK9,PRKCD,PRKAB1,PRKAA2,PPP1CC,PPP1CA,PPARA,PIK3R2,PIK3R1,PIK3CD,PIK3CB,PIK3CA,NFKBIA,NFKB1,IRS1,IL6,IKBKB,GSK3B,MTOR,FOXO1,AKT2,AKT1,CREB1
Apelin signaling pathway                                     |hsa04371     |37         |1090      |104       |61686         |20.13392731122089  |5.10795e-38            |1.6696999999999999e-37|ADCY9,RRAS2,CDH1,HDAC4,SPHK1,APLN,BECN1,TGFBR1,SPP1,RPS6KB1,CCND1,RAF1,MAP2K1,MAPK1,PRKACB,PRKAB1,PRKAA2,PLAT,PIK3CG,SERPINE1,NRAS,MEF2D,MEF2C,SMAD4,SMAD3,SMAD2,KRAS,HRAS,GNAI3,GNAI2,MTOR,AKT2,AKT1,AGTR1,EGR1,JAG1,CCN2
Natural killer cell mediated cytotoxicity                    |hsa04650     |34         |1090      |81        |61686         |23.75494393476045  |5.273939999999999e-38  |1.7056099999999997e-37|CASP3,TNFRSF10B,TNFSF10,PIK3R3,ZAP70,TNF,BRAF,SHC1,RAF1,RAC1,PTPN11,MAP2K1,MAPK1,PPP3CA,PIK3R2,PIK3R1,PIK3CD,PIK3CB,PIK3CA,PAK1,NRAS,NFATC1,KRAS,FASLG,FAS,IFNG,IFNB1,ICAM2,ICAM1,HRAS,HLA-G,GRB2,PTK2B,ULBP2
Metabolic pathways                                           |hsa01100     |71         |1090      |579       |61686         |6.939687217759187  |1.5702999999999998e-37 |5.02496e-37           |ADCY9,SIRT1,RPIA,SIRT2,MAN1B1,EBP,SPTLC1,NAMPT,CD38,PLOD3,MTMR3,SGPL1,SPHK1,INPP4B,DGAT1,TUSC3,CA2,SUV39H1,PTEN,PIK3CG,PIK3CD,PIK3CB,PIK3CA,PIGF,P4HA1,ACLY,NEU1,NDUFA4,MTHFR,COX2,MTAP,MGST2,MAT2A,MAOA,LDHA,IMPDH2,IMPA1,HMOX1,HMGCR,HK2,GSS,GPX2,ALPG,FUT8,ALOX5,RDH10,ALDH3A1,ACSL4,ACSL1,EZH2,MECOM,DPYD,DNMT3B,DNMT3A,DNMT1,MTMR14,DHFR,DGUOK,AKR1B10,DDC,CYP24A1,CYP19A1,CYP2J2,QRSL1,CYP2B6,GALNT7,SIRT6,SIRT7,PLCE1,CERS2,SETD2
Oxytocin signaling pathway                                   |hsa04921     |36         |1090      |102       |61686         |19.97388019427955  |7.0297999999999994e-37 |2.2261e-36            |ADCY9,CDKN1A,CD38,ROCK2,CACNB3,ACTG1,SRC,ACTB,CCND1,ROCK1,RGS2,RAF1,MAP2K1,MAPK7,MAPK1,PRKACB,PRKAB1,PRKAA2,PPP3CA,PPP1CC,PPP1CA,PIK3CG,OXTR,NRAS,NFATC1,MEF2C,RHOA,KRAS,JUN,HRAS,GNAI3,GNAI2,FOS,EGFR,RCAN1,CAMK1D
p53 signaling pathway                                        |hsa04115     |29         |1090      |58        |61686         |28.29633027522936  |1.88999e-35            |5.92328e-35           |CHEK1,CDKN2A,CDKN1A,CDK6,CDK4,CCNG1,CCNE1,CCND3,CCND2,CCNB1,CCNE2,CASP8,CASP3,TNFRSF10B,PPM1D,TP53,BCL2,CCND1,BAX,PTEN,SERPINB5,SERPINE1,ATM,MDM4,MDM2,FAS,IGF1,APAF1,BBC3
IL-17 signaling pathway                                      |hsa04657     |31         |1090      |72        |61686         |24.366284403669727 |3.38424e-35            |1.0498e-34            |CHUK,TAB2,CEBPB,CASP8,CASP3,FOSL1,TRAF6,TNFAIP3,TNF,CCL20,MAPK9,MAPK7,MAPK1,NFKBIA,NFKB1,MMP13,MMP9,MMP1,JUN,CXCL8,IL6,IL1B,IKBKB,IFNG,HSP90AA1,GSK3B,TAB3,FOS,ELAVL1,MAPK14,TBK1
Longevity regulating pathway - multiple species              |hsa04213     |28         |1090      |53        |61686         |29.898009347412152 |3.52824e-35            |1.0834200000000002e-34|ADCY9,SIRT1,ATG5,IRS2,PIK3R3,SOD2,RPS6KB1,PRKACB,PRKAB1,PRKAA2,PIK3R2,PIK3R1,PIK3CD,PIK3CB,PIK3CA,NRAS,KRAS,IRS1,IGF1R,IGF1,HRAS,HDAC2,HDAC1,MTOR,FOXO3,FOXO1,AKT2,AKT1
AMPK signaling pathway                                       |hsa04152     |33         |1090      |88        |61686         |21.22224770642202  |5.96009e-35            |1.81187e-34           |SIRT1,TBC1D1,CFTR,CCNA2,CCNA1,IRS2,PIK3R3,ULK1,RPS6KB1,CCND1,PRKAB1,PRKAA2,PPP2R2A,PPARG,PIK3R2,PIK3R1,PIK3CD,PIK3CB,PIK3CA,IRS1,IGF1R,IGF1,HNF4A,HMGCR,MTOR,FOXO3,FOXO1,AKT2,AKT1,ELAVL1,EIF4EBP1,RAB14,CREB1
Phospholipase D signaling pathway                            |hsa04072     |35         |1090      |110       |61686         |18.006755629691412 |4.608249999999999e-34  |1.38704e-33           |ADCY9,RRAS2,GAB2,SPHK1,PIK3R3,SHC1,RALA,RAF1,PTPN11,MAP2K1,MAPK1,PIK3R2,PIK3R1,PIK3CG,PIK3CD,PIK3CB,PIK3CA,PDGFRB,PDGFRA,NRAS,RHOA,ARF6,KRAS,KIT,CXCR2,CXCL8,HRAS,GRM7,GRB2,MTOR,AKT2,PTK2B,AKT1,AGTR1,EGFR
Parathyroid hormone synthesis, secretion and action          |hsa04928     |31         |1090      |81        |61686         |21.658919469928644 |3.03005e-33            |9.030749999999999e-33 |ADCY9,CDKN1A,RUNX2,VDR,BRAF,SP1,RXRA,BCL2,RAF1,PTH1R,MAP2K1,MAPK1,PRKACB,NR4A2,MMP16,MMP14,MMP13,MEF2D,MEF2C,LRP6,RHOA,GNAI3,GNAI2,GATA3,FOS,EGR1,EGFR,HBEGF,CYP24A1,SOST,CREB1
NF-kappa B signaling pathway                                 |hsa04064     |32         |1090      |89        |61686         |20.347922894546954 |3.0903e-33             |9.120879999999999e-33 |CHUK,TAB2,CD40,BCL10,ZAP70,VCAM1,UBE2I,TRAF6,TNFAIP3,TNF,TLR4,CXCL12,BCL2,PLAU,ATM,NFKBIA,NFKB1,MYD88,IRAK1,CXCL8,IL1B,IKBKB,XIAP,ICAM1,TICAM2,TAB3,TICAM1,TIRAP,CYLD,CSNK2A1,IRAK4,CARD10
Adherens junction                                            |hsa04520     |28         |1090      |61        |61686         |25.976958941194166 |6.54397e-33            |1.91285e-32           |WASF3,CDH1,ACTN1,YES1,ACTG1,TGFBR2,TGFBR1,TCF7,SRC,SNAI1,ACTB,RAC1,MAPK1,MET,SMAD4,SMAD3,RHOA,IGF1R,SSX2IP,ERBB2,EP300,EGFR,TCF7L1,CTNND1,CTNNB1,NLK,CSNK2A1,LEF1
Amyotrophic lateral sclerosis                                |hsa05014     |36         |1090      |129       |61686         |15.793300618732665 |1.08806e-32            |3.1501900000000004e-32|HDAC6,RB1CC1,MATR3,NUP93,CASP3,BECN1,ULK1,ACTG1,TP53,TNF,ACTB,BCL2,BAX,RAC1,RAB1A,PSMD9,MAP2K6,MAP2K3,PPP3CA,PRKN,NDUFA4,COX2,MAP3K5,APAF1,GRIN2A,GRIA2,GPX2,MTOR,HNRNPA3,ERBB4,DERL1,PINK1,KLC2,DAXX,MAPK14,TBK1
Choline metabolism in cancer                                 |hsa05231     |28         |1090      |64        |61686         |24.75928899082569  |3.6312699999999996e-32 |1.04142e-31           |WASF3,PIK3R3,SP1,RPS6KB1,RAF1,RAC1,MAP2K1,MAPK9,MAPK1,PIK3R2,PIK3R1,PIK3CD,PIK3CB,PIK3CA,PDGFRB,PDGFRA,NRAS,KRAS,JUN,HRAS,HIF1A,GRB2,MTOR,FOS,AKT2,AKT1,EIF4EBP1,EGFR
Endocytosis                                                  |hsa04144     |32         |1090      |97        |61686         |18.669743686749268 |7.73683e-32            |2.1981299999999998e-31|CLTC,WWP1,ARFGEF1,STAM2,ARPC5,VPS4B,ZFYVE9,CXCR4,TSG101,TRAF6,TGFBR2,TGFBR1,TFRC,SRC,SH3GL1,RAB5B,PDGFRA,MDM2,SMAD3,SMAD2,RHOA,ARF6,LDLR,ARF4,CXCR2,IGF1R,HRAS,HLA-G,FGFR2,FGFR3,EGFR,SMURF1
Huntington disease                                           |hsa05016     |32         |1090      |100       |61686         |18.10965137614679  |2.3737499999999997e-31 |6.681659999999999e-31 |CLTC,RCOR1,PPIF,RB1CC1,CASP8,CASP3,BECN1,ULK1,TP53,STX1A,SP1,SOD2,BDNF,BAX,REST,PSMD9,MAPK9,PPARG,NDUFA4,COX2,MAP3K10,MAP3K5,APAF1,HDAC2,HDAC1,GRIA2,GPX2,MTOR,EP300,KLC2,CREB1,BBC3
Thyroid cancer                                               |hsa05216     |22         |1090      |33        |61686         |37.72844036697248  |3.5910299999999996e-31 |1.0015299999999998e-30|CDKN1A,CDH1,PAX8,TPM3,TP53,BRAF,TCF7,RXRA,CCND1,BAX,RET,BAK1,MAP2K1,MAPK1,PPARG,NRAS,MYC,KRAS,HRAS,TCF7L1,CTNNB1,LEF1
Tight junction                                               |hsa04530     |30         |1090      |86        |61686         |19.741625773415834 |8.83315e-31            |2.4411599999999996e-30|CFTR,CDK4,ARPC5,ROCK2,ACTN1,CLDN1,RUNX1,CLDN10,ACTG1,TIAM1,SRC,ACTB,CCND1,ROCK1,RAC1,MAPK9,PRKACB,PRKAB1,PRKAA2,PPP2R2A,MSN,MAP3K5,RHOA,JUN,GATA4,AMOT,TJAP1,ERBB2,CGN,F11R
B cell receptor signaling pathway                            |hsa04662     |27         |1090      |63        |61686         |24.25399737876802  |9.21721e-31            |2.5243499999999998e-30|CHUK,BCL10,PIK3R3,RAF1,RAC1,MAP2K1,MAPK1,PPP3CA,PIK3R2,PIK3R1,PIK3CD,PIK3CB,PIK3CA,NRAS,NFKBIB,NFKBIA,NFKB1,NFATC1,KRAS,JUN,IKBKB,HRAS,GSK3B,GRB2,FOS,AKT2,AKT1
Pertussis                                                    |hsa05133     |26         |1090      |57        |61686         |25.814196040560116 |1.4505999999999999e-30 |3.93735e-30           |CASP7,CASP3,TRAF6,TNF,TLR4,MAPK9,MAPK1,NFKB1,MYD88,RHOA,JUN,ITGA5,IRAK1,IL12A,IL10,CXCL8,IL6,IL1B,GNAI3,GNAI2,TICAM2,FOS,TICAM1,TIRAP,MAPK14,IRAK4
Basal cell carcinoma                                         |hsa05217     |23         |1090      |41        |61686         |31.747102260013428 |5.7767499999999995e-30 |1.5540999999999998e-29|CDKN1A,FZD7,FZD6,AXIN2,WNT7A,WNT1,TP53,TCF7,BMP2,SMO,BAX,BAK1,APC,GSK3B,GLI3,GLI2,GLI1,TCF7L1,WNT10A,DVL2,CTNNB1,SUFU,LEF1
Prion disease                                                |hsa05020     |31         |1090      |103       |61686         |17.032742495769128 |1.77735e-29            |4.7396000000000004e-29|PPIF,CASP3,PIK3R3,TNF,BAX,RAC1,PSMD9,MAPK9,MAPK1,PRKCD,PRKACB,PPP3CA,PIK3R2,PIK3R1,PIK3CD,PIK3CB,PIK3CA,NOTCH1,NDUFA4,COX2,IL6,IL1B,APAF1,GSK3B,GRIN2A,EGR1,KLC2,CYBB,CSNK2A1,MAPK14,CREB1
Necroptosis                                                  |hsa04217     |29         |1090      |87        |61686         |18.86422018348624  |3.91961e-29            |1.03614e-28           |DNM1L,VPS4B,CASP8,TNFRSF10B,TNFSF10,TNFAIP3,TNF,TLR4,TLR3,STAT5B,STAT5A,STAT3,STAT1,BCL2,BAX,MAPK9,JAK2,FASLG,FAS,IL1B,IFNG,IFNB1,XIAP,HSP90AA1,HMGB1,TICAM2,TICAM1,CYLD,CYBB
Bacterial invasion of epithelial cells                       |hsa05100     |24         |1090      |52        |61686         |26.1196894848271   |1.78345e-28            |4.673859999999999e-28 |CLTC,CDH1,ARPC5,PIK3R3,ACTG1,SRC,SHC1,ACTB,RAC1,PXN,PIK3R2,PIK3R1,PIK3CD,PIK3CB,PIK3CA,MET,RHOA,ITGA5,ILK,FN1,ELMO2,CTNNB1,CRKL,CRK
Neutrophil extracellular trap formation                      |hsa04613     |29         |1090      |92        |61686         |17.838990825688075 |2.52177e-28            |6.55229e-28           |ATG7,PPIF,HDAC6,HDAC4,PIK3R3,ACTG1,TLR4,SRC,ACTB,RAF1,RAC1,MAP2K1,MAPK1,PIK3R2,PIK3R1,PIK3CD,PIK3CB,PIK3CA,NFKB1,ITGB3,HMGB1,HDAC2,HDAC1,MTOR,AKT2,AKT1,HDAC11,CYBB,MAPK14
Th1 and Th2 cell differentiation                             |hsa04658     |26         |1090      |68        |61686         |21.63837021046951  |4.32096e-28            |1.1132e-27            |CHUK,CD4,RUNX3,ZAP70,STAT5B,STAT5A,STAT1,MAPK9,MAPK1,PPP3CA,NOTCH2,NOTCH1,NFKBIB,NFKBIA,NFKB1,NFATC1,JUN,JAK2,IL12A,IKBKB,IFNG,GATA3,FOS,JAG1,MAPK14,DLL1
Thermogenesis                                                |hsa04714     |28         |1090      |86        |61686         |18.425517388521442 |7.5878e-28             |1.9384e-27            |ADCY9,ARID1A,ACTG1,SMARCA4,ACTB,RPS6KB1,RPS6KA3,RPS6KA1,MAP2K3,PRKG1,PRKACB,PRKAB1,PRKAA2,PPARG,NRAS,NDUFA4,COX2,MAP3K5,KRAS,HRAS,GRB2,MTOR,KLB,ACSL4,ACSL1,SIRT6,MAPK14,CREB1
Fc epsilon RI signaling pathway                              |hsa04664     |24         |1090      |55        |61686         |24.69497914929108  |9.899519999999998e-28  |2.50788e-27           |GAB2,PIK3R3,TNF,MAP2K4,RAF1,RAC1,MAP2K6,MAP2K3,MAP2K1,MAPK9,MAPK1,PIK3R2,PIK3R1,PIK3CD,PIK3CB,PIK3CA,NRAS,KRAS,HRAS,GRB2,ALOX5,AKT2,AKT1,MAPK14
Mitophagy - animal                                           |hsa04137     |23         |1090      |49        |61686         |26.563901891031644 |1.4588199999999998e-27 |3.66514e-27           |RRAS2,MFN2,ATG5,BECN1,ULK1,TP53,BNIP3L,BNIP3,SRC,SP1,MAPK9,PRKN,NRAS,MITF,KRAS,JUN,HRAS,HIF1A,FOXO3,E2F1,PINK1,CSNK2A1,TBK1
Melanogenesis                                                |hsa04916     |25         |1090      |63        |61686         |22.45740498034076  |1.4942199999999998e-27 |3.72331e-27           |ADCY9,FZD7,FZD6,WNT7A,WNT1,TCF7,RAF1,MAP2K1,MAPK1,PRKACB,NRAS,MITF,KRAS,KIT,HRAS,GSK3B,GNAI3,GNAI2,EP300,TCF7L1,WNT10A,DVL2,CTNNB1,LEF1,CREB1
Platelet activation                                          |hsa04611     |29         |1090      |99        |61686         |16.577648040033363 |2.7848000000000004e-27 |6.882749999999999e-27 |ADCY9,RASGRP1,ROCK2,PIK3R3,ACTG1,SRC,ACTB,ROCK1,RAP1B,MAPK1,PRKG1,PRKACB,PPP1CC,PPP1CA,PIK3R2,PIK3R1,PIK3CG,PIK3CD,PIK3CB,PIK3CA,RHOA,ITGB3,GNAI3,GNAI2,AKT2,AKT1,TLN2,MAPK14,COL3A1
Oocyte meiosis                                               |hsa04114     |26         |1090      |74        |61686         |19.883907760971983 |5.899219999999999e-27  |1.44626e-26           |ADCY9,CPEB3,CDC27,CCNE1,CCNB1,CCNE2,BTRC,YWHAZ,RPS6KA3,RPS6KA1,MAP2K1,MAPK1,PRKACB,PPP3CA,PPP1CC,PPP1CA,PLK1,PGR,MAD2L1,AR,IGF1R,IGF1,CPEB4,ANAPC1,CPEB1,MAPK14
Leishmaniasis                                                |hsa05140     |24         |1090      |59        |61686         |23.020743274762868 |8.04795e-27            |1.95726e-26           |TAB2,TRAF6,TNF,TLR4,TGFB2,TGFB1,STAT1,MAPK1,NFKBIB,NFKBIA,NFKB1,MYD88,JUN,JAK2,IRAK1,IL12A,IL10,IL1B,IFNG,FOS,MARCKSL1,CYBB,MAPK14,IRAK4
Fc gamma R-mediated phagocytosis                             |hsa04666     |25         |1090      |68        |61686         |20.80612520237453  |1.4881899999999996e-26 |3.59056e-26           |WASF3,ARPC5,GAB2,SPHK1,PIK3R3,RPS6KB1,RAF1,RAC1,MAP2K1,MAPK1,PRKCD,PIK3R2,PIK3R1,PIK3CD,PIK3CB,PIK3CA,PAK1,MARCKS,LIMK1,ARF6,AKT2,AKT1,MARCKSL1,CRKL,CRK
Adipocytokine signaling pathway                              |hsa04920     |23         |1090      |55        |61686         |23.66602168473728  |4.221530000000001e-26  |1.01051e-25           |CHUK,SOCS3,IRS2,TNF,STAT3,SLC2A1,RXRA,PTPN11,MAPK9,PRKAB1,PRKAA2,PPARA,NFKBIB,NFKBIA,NFKB1,JAK2,IRS1,IKBKB,MTOR,AKT2,ACSL4,ACSL1,AKT1
Amoebiasis                                                   |hsa05146     |25         |1090      |71        |61686         |19.92699315156997  |5.32883e-26            |1.2656e-25            |ACTN1,CASP3,PIK3R3,TNF,TLR4,TGFB2,TGFB1,RAB5B,PRKACB,PIK3R2,PIK3R1,PIK3CD,PIK3CB,PIK3CA,NFKB1,LAMB3,IL12A,IL10,CXCL8,IL6,IL1B,IFNG,FN1,COL4A1,COL3A1
VEGF signaling pathway                                       |hsa04370     |22         |1090      |49        |61686         |25.408949634899834 |7.05937e-26            |1.6635999999999997e-25|SPHK1,PIK3R3,VEGFA,SRC,RAF1,RAC1,PXN,MAP2K1,MAPK1,PPP3CA,PIK3R2,PIK3R1,PIK3CD,PIK3CB,PIK3CA,NRAS,KRAS,KDR,HRAS,AKT2,AKT1,MAPK14
GnRH signaling pathway                                       |hsa04912     |24         |1090      |67        |61686         |20.27199780911954  |3.1664899999999993e-25 |7.40472e-25           |ADCY9,SRC,MAP2K4,RAF1,MAP2K6,MAP2K3,MAP2K1,MAPK9,MAPK7,MAPK1,PRKCD,PRKACB,NRAS,MMP14,MMP2,KRAS,JUN,HRAS,GRB2,PTK2B,EGR1,EGFR,HBEGF,MAPK14
Alcoholism                                                   |hsa05034     |25         |1090      |77        |61686         |18.374240438460625 |5.61292e-25            |1.30254e-24           |HDAC6,HDAC4,BRAF,SHC1,BDNF,RAF1,MAP2K1,MAPK1,PRKACB,PPP1CC,PPP1CA,NTRK2,NRAS,MAOA,KRAS,HRAS,HDAC2,HDAC1,GRIN2A,GRB2,GNAI3,GNAI2,HDAC11,DDC,CREB1
Cell adhesion molecules                                      |hsa04514     |23         |1090      |62        |61686         |20.994051494525007 |1.20078e-24            |2.7654299999999997e-24|CADM1,ICOSLG,CDH5,CDH2,CDH1,CD40,CD28,CD4,CLDN1,CLDN10,VCAM1,SIGLEC1,SELE,L1CAM,ITGB8,ITGA6,ICAM2,ICAM1,HLA-G,ALCAM,VCAN,F11R,CD274
Calcium signaling pathway                                    |hsa04020     |31         |1090      |154       |61686         |11.392029071845586 |1.1882300000000001e-23 |2.71596e-23           |ADCY9,PPIF,CD38,CCKBR,SPHK1,CXCR4,VEGFA,RET,PRKACB,PPP3CA,ATP2A2,PDGFRB,PDGFRA,OXTR,NTRK3,NTRK2,MET,KDR,HTR2C,GRIN2A,FLT1,FGFR2,FGFR3,PTK2B,ERBB4,ERBB3,ERBB2,AGTR1,EGFR,CAMK1D,PLCE1
Epithelial cell signaling in Helicobacter pylori infection   |hsa05120     |20         |1090      |46        |61686         |24.605504587155966 |2.69589e-23            |6.11604e-23           |CHUK,CASP3,ADAM17,SRC,MAP2K4,RAC1,PTPN11,MAPK9,PAK1,NFKBIA,NFKB1,MET,JUN,CXCR2,CXCL8,IKBKB,EGFR,HBEGF,MAPK14,F11R
cGMP-PKG signaling pathway                                   |hsa04022     |27         |1090      |118       |61686         |12.949168092054114 |2.38414e-22            |5.368719999999999e-22 |ADCY9,PPIF,ROCK2,IRS2,ROCK1,RGS2,RAF1,MAP2K1,MAPK1,PRKG1,PPP3CA,PPP1CC,PPP1CA,PIK3CG,ATP2A2,NFATC1,MEF2D,MEF2C,RHOA,IRS1,GNAI3,GNAI2,GATA4,AKT2,AKT1,AGTR1,CREB1
Ubiquitin mediated proteolysis                               |hsa04120     |22         |1090      |71        |61686         |17.535753973381574 |1.2237599999999999e-21 |2.73546e-21           |UBE2C,WWP1,CDC34,CDC27,PIAS3,STUB1,SOCS3,BTRC,SOCS1,CUL2,VHL,UBE2N,UBE2I,TRAF6,PRKN,MDM2,XIAP,ANAPC1,BIRC6,SMURF1,FBXW7,UBR5
RIG-I-like receptor signaling pathway                        |hsa04622     |19         |1090      |48        |61686         |22.401261467889906 |3.0413400000000003e-21 |6.74866e-21           |CHUK,ATG5,ATG12,CASP8,TRAF6,TNF,MAPK9,PIN1,NFKBIB,NFKBIA,NFKB1,IL12A,CXCL8,IKBKB,IFNB1,DDX3X,CYLD,MAPK14,TBK1
Rheumatoid arthritis                                         |hsa05323     |20         |1090      |58        |61686         |19.514710534640937 |7.271529999999999e-21  |1.60184e-20           |CD28,TNFSF13,VEGFA,TNF,TLR4,TGFB2,TGFB1,TEK,CXCL12,CCL20,MMP1,JUN,CXCL8,IL6,IL1B,IFNG,ICAM1,FOS,FLT1,CSF1
Cholinergic synapse                                          |hsa04725     |22         |1090      |80        |61686         |15.562981651376148 |2.2932900000000002e-20 |5.0155300000000007e-20|ADCY9,PIK3R3,BCL2,MAP2K1,MAPK1,PRKACB,PIK3R2,PIK3R1,PIK3CG,PIK3CD,PIK3CB,PIK3CA,NRAS,KRAS,JAK2,HRAS,GNAI3,GNAI2,FOS,AKT2,AKT1,CREB1
Inflammatory mediator regulation of TRP channels             |hsa04750     |20         |1090      |68        |61686         |16.644900161899624 |2.7367200000000003e-19 |5.94259e-19           |ADCY9,PIK3R3,SRC,MAP2K6,MAP2K3,MAPK9,PRKCD,PRKACB,PPP1CC,PPP1CA,PIK3R2,PIK3R1,PIK3CD,PIK3CB,PIK3CA,IL1B,IGF1,HTR2C,CYP2J2,MAPK14
Type II diabetes mellitus                                    |hsa04930     |17         |1090      |43        |61686         |22.37384254320461  |3.8639000000000004e-19 |8.3306700000000005e-19|SOCS3,IRS2,SOCS1,PIK3R3,TNF,MAPK9,MAPK1,PRKCD,PIK3R2,PIK3R1,PIK3CD,PIK3CB,PIK3CA,IRS1,IKBKB,HK2,MTOR
Parkinson disease                                            |hsa05012     |21         |1090      |82        |61686         |14.493242336093086 |8.525480000000001e-19  |1.8251699999999997e-18|TXN2,PPIF,MFN2,CASP3,TP53,BAX,PSMD9,MAPK9,PRKACB,PRKN,NFE2L2,NDUFA4,COX2,MAP3K5,MAOA,APAF1,GNAI3,GNAI2,PINK1,KLC2,DAXX
Hypertrophic cardiomyopathy                                  |hsa05410     |18         |1090      |53        |61686         |19.220148866193526 |8.875330000000002e-19  |1.88678e-18           |CACNB3,ACTG1,TPM3,TPM1,TNF,TGFB2,TGFB1,ACTB,PRKAB1,PRKAA2,ATP2A2,ITGB8,ITGB3,ITGA5,ITGA3,ITGA6,IL6,IGF1
Gap junction                                                 |hsa04540     |19         |1090      |63        |61686         |17.067627785058978 |1.25911e-18            |2.6581200000000004e-18|ADCY9,SRC,RAF1,MAP2K1,MAPK7,MAPK1,PRKG1,PRKACB,PDGFRB,PDGFRA,NRAS,KRAS,HTR2C,HRAS,GRB2,GNAI3,GNAI2,GJA1,EGFR
Viral protein interaction with cytokine and cytokine receptor|hsa04061     |18         |1090      |55        |61686         |18.521234361968308 |1.9143900000000003e-18 |4.0136100000000005e-18|CCL26,TNFRSF10B,TNFSF10,CXCR4,TNF,CXCL12,CCL22,CCL20,IL10,CXCR2,CXCL8,IL6R,IL6,IL34,ACKR3,CSF1R,CSF1,CCR1
Malaria                                                      |hsa05144     |16         |1090      |40        |61686         |22.63706422018349  |3.4260199999999996e-18 |7.13364e-18           |CD40,VCAM1,TNF,TLR4,TGFB2,TGFB1,SELE,MYD88,MET,IL12A,IL10,CXCL8,IL6,IL1B,IFNG,ICAM1
Spinocerebellar ataxia                                       |hsa05017     |20         |1090      |79        |61686         |14.327255835559168 |7.358570000000001e-18  |1.5217700000000002e-17|PPIF,RB1CC1,BECN1,PIK3R3,ULK1,SP1,PSMD9,MAPK9,PIK3R2,PIK3R1,PIK3CD,PIK3CB,PIK3CA,ATP2A2,MAP3K5,GRIN2A,GRIA2,MTOR,AKT2,AKT1
Inflammatory bowel disease                                   |hsa05321     |17         |1090      |50        |61686         |19.241504587155962 |8.045830000000002e-18  |1.64157e-17           |TNF,TLR4,TGFB2,TGFB1,STAT3,STAT1,NFKB1,NFATC1,SMAD3,SMAD2,JUN,IL12A,IL10,IL6,IL1B,IFNG,GATA3
Long-term potentiation                                       |hsa04720     |17         |1090      |50        |61686         |19.241504587155962 |8.045830000000002e-18  |1.64157e-17           |BRAF,RPS6KA3,RPS6KA1,RAP1B,RAF1,MAP2K1,MAPK1,PRKACB,PPP3CA,PPP1CC,PPP1CA,NRAS,KRAS,HRAS,GRIN2A,GRIA2,EP300
Arrhythmogenic right ventricular cardiomyopathy              |hsa05412     |16         |1090      |42        |61686         |21.559108781127133 |8.78154e-18            |1.77973e-17           |CDH2,CACNB3,ACTG1,TCF7,ACTB,ATP2A2,ITGB8,ITGB3,ITGA5,ITGA3,ITGA6,GJA1,TCF7L1,DSC2,CTNNB1,LEF1
Legionellosis                                                |hsa05134     |16         |1090      |43        |61686         |21.05773415831022  |1.3756400000000002e-17 |2.76951e-17           |CASP8,CASP7,CASP3,TNF,TLR4,BNIP3,RAB1A,NFKBIA,NFKB1,NAIP,MYD88,IL12A,CXCL8,IL6,IL1B,APAF1
Apoptosis - multiple species                                 |hsa04215     |14         |1090      |29        |61686         |27.32059474849731  |1.61552e-17            |3.23104e-17           |BCL2L11,CASP8,CASP7,CASP3,BECN1,BCL2,BAX,BAK1,MAPK9,BIRC5,XIAP,APAF1,BIRC6,BBC3
Hematopoietic cell lineage                                   |hsa04640     |18         |1090      |66        |61686         |15.434361968306924 |7.58285e-17            |1.5066600000000002e-16|CD44,CD38,CD4,TNF,TFRC,KIT,CD24,ITGB3,ITGA5,ITGA3,ITGA6,IL6R,IL6,IL1B,EPOR,EPO,CSF1R,CSF1
Adrenergic signaling in cardiomyocytes                       |hsa04261     |19         |1090      |81        |61686         |13.274821610601428 |2.30612e-16            |4.55235e-16           |ADCY9,CACNB3,TPM3,TPM1,BCL2,MAPK1,PRKACB,PPP2R2A,PPP1CC,PPP1CA,PIK3CG,ATP2A2,GNAI3,GNAI2,AKT2,AKT1,AGTR1,MAPK14,CREB1
Dilated cardiomyopathy                                       |hsa05414     |17         |1090      |61        |61686         |15.771725071439315 |3.65635e-16            |7.17116e-16           |ADCY9,CACNB3,ACTG1,TPM3,TPM1,TNF,TGFB2,TGFB1,ACTB,PRKACB,ATP2A2,ITGB8,ITGB3,ITGA5,ITGA3,ITGA6,IGF1
GnRH secretion                                               |hsa04929     |16         |1090      |52        |61686         |17.413126323218066 |4.63391e-16            |9.03019e-16           |PIK3R3,SPP1,RAF1,MAP2K1,MAPK1,PIK3R2,PIK3R1,PIK3CD,PIK3CB,PIK3CA,NRAS,KRAS,KCNN4,HRAS,AKT2,AKT1
Hedgehog signaling pathway                                   |hsa04340     |13         |1090      |31        |61686         |23.732406037289138 |2.34502e-15            |4.54067e-15           |CCND2,BTRC,SMO,BCL2,CCND1,PRKACB,GSK3B,GLI3,GLI2,GLI1,GAS1,SMURF1,SUFU
Amphetamine addiction                                        |hsa05031     |15         |1090      |50        |61686         |16.977798165137614 |5.88066e-15            |1.13147e-14           |SIRT1,STX1A,PRKACB,PPP3CA,PPP1CC,PPP1CA,MAOA,JUN,HDAC2,HDAC1,GRIN2A,GRIA2,FOS,DDC,CREB1
Dopaminergic synapse                                         |hsa04728     |18         |1090      |83        |61686         |12.273107107328396 |6.24126e-15            |1.1933e-14            |MAPK9,PRKACB,PPP3CA,PPP2R2A,PPP1CC,PPP1CA,MAOA,GSK3B,GRIN2A,GRIA2,GNAI3,GNAI2,FOS,AKT2,AKT1,DDC,MAPK14,CREB1
Notch signaling pathway                                      |hsa04330     |13         |1090      |34        |61686         |21.63837021046951  |1.0046500000000001e-14 |1.9088299999999997e-14|NCOR2,KAT2B,NUMB,ADAM17,NOTCH2,NOTCH1,HDAC2,HDAC1,EP300,JAG1,DVL2,APH1A,DLL1
Regulation of lipolysis in adipocytes                        |hsa04923     |15         |1090      |52        |61686         |16.324805928016936 |1.13295e-14            |2.13923e-14           |ADCY9,IRS2,PIK3R3,PRKG1,PRKACB,PIK3R2,PIK3R1,PIK3CD,PIK3CB,PIK3CA,IRS1,GNAI3,GNAI2,AKT2,AKT1
Serotonergic synapse                                         |hsa04726     |17         |1090      |75        |61686         |12.827669724770642 |1.60338e-14            |3.0088200000000003e-14|CASP3,BRAF,RAF1,MAP2K1,MAPK1,PRKACB,NRAS,MAOA,KRAS,APP,HTR2C,HRAS,GNAI3,GNAI2,ALOX5,DDC,CYP2J2
African trypanosomiasis                                      |hsa05143     |12         |1090      |30        |61686         |22.637064220183486 |5.6346900000000004e-14 |1.04448e-13           |VCAM1,TNF,SELE,MYD88,FASLG,FAS,IL12A,IL10,IL6,IL1B,IFNG,ICAM1
Ferroptosis                                                  |hsa04216     |12         |1090      |30        |61686         |22.637064220183486 |5.6346900000000004e-14 |1.04448e-13           |SLC7A11,ATG7,ATG5,TP53,TFRC,PCBP2,PCBP1,HMOX1,GSS,ACSL4,ACSL1,CYBB
Protein processing in endoplasmic reticulum                  |hsa04141     |15         |1090      |62        |61686         |13.691772713820658 |1.9958399999999998e-13 |3.67719e-13           |MAN1B1,SEC23A,STUB1,TUSC3,BCL2,BAX,BAK1,BAG1,MAPK9,PRKN,NFE2L2,MAP3K5,HSP90AA1,DERL1,YOD1
Aldosterone-regulated sodium reabsorption                    |hsa04960     |11         |1090      |27        |61686         |23.056269113149845 |5.02336e-13            |9.1994e-13            |PIK3R3,SCNN1A,MAPK1,PIK3R2,PIK3R1,PIK3CD,PIK3CB,PIK3CA,KRAS,IRS1,IGF1
Long-term depression                                         |hsa04730     |13         |1090      |46        |61686         |15.993577981651379 |9.058139999999999e-13  |1.6489099999999999e-12|BRAF,RAF1,MAP2K1,MAPK1,PRKG1,NRAS,KRAS,IGF1R,IGF1,HRAS,GRIA2,GNAI3,GNAI2
Phosphatidylinositol signaling system                        |hsa04070     |12         |1090      |40        |61686         |16.977798165137617 |3.0942e-12             |5.59904e-12           |MTMR3,INPP4B,PIK3R3,PTEN,PIK3R2,PIK3R1,PIK3CD,PIK3CB,PIK3CA,IMPA1,MTMR14,PLCE1
Autophagy - other                                            |hsa04136     |10         |1090      |24        |61686         |23.5802752293578   |4.46455e-12            |8.03091e-12           |ATG4B,ATG7,ATG5,ATG12,BECN1,MTOR,ATG4A,ATG4D,ATG4C,ATG16L1
Antifolate resistance                                        |hsa01523     |10         |1090      |26        |61686         |21.766407904022582 |1.17103e-11            |2.09407e-11           |CHUK,ABCG2,TNF,NFKB1,MTHFR,ABCC1,IL6,IL1B,IKBKB,DHFR
Vascular smooth muscle contraction                           |hsa04270     |15         |1090      |82        |61686         |10.352315954352205 |1.5392000000000002e-11 |2.73636e-11           |ADCY9,ROCK2,BRAF,ROCK1,RAF1,MAP2K1,MAPK1,PRKG1,PRKCD,PRKACB,PPP1CC,PPP1CA,RHOA,AGTR1,ADM
Viral myocarditis                                            |hsa05416     |11         |1090      |36        |61686         |17.292201834862386 |2.00197e-11            |3.53837e-11           |CD40,CD28,CASP8,CASP3,ACTG1,ACTB,CCND1,RAC1,ICAM1,HLA-G,ABL2
Glucagon signaling pathway                                   |hsa04922     |13         |1090      |58        |61686         |12.684561847516608 |2.30969e-11            |4.05865e-11           |SIRT1,SLC2A1,PRKACB,PRKAB1,PRKAA2,PPP3CA,PPARA,LDHA,FOXO1,AKT2,AKT1,EP300,CREB1
Allograft rejection                                          |hsa05330     |9          |1090      |22        |61686         |23.151542952460385 |6.577600000000001e-11  |1.14919e-10           |CD40,CD28,TNF,FASLG,FAS,IL12A,IL10,IFNG,HLA-G
Cocaine addiction                                            |hsa05030     |11         |1090      |40        |61686         |15.562981651376148 |7.22216e-11            |1.2545900000000002e-10|BDNF,PRKACB,NFKB1,MAOA,JUN,GRIN2A,GRIA2,GNAI3,GNAI2,DDC,CREB1
Phagosome                                                    |hsa04145     |14         |1090      |81        |61686         |9.78144750254842   |1.6207e-10             |2.79939e-10           |CORO1A,ACTG1,TLR4,TFRC,TAP1,ACTB,RAC1,RAB5B,MRC1,LAMP2,ITGB3,ITGA5,HLA-G,CYBB
Carbohydrate digestion and absorption                        |hsa04973     |9          |1090      |24        |61686         |21.222247706422017 |1.6749599999999996e-10 |2.8767700000000006e-10|PIK3R3,PIK3R2,PIK3R1,PIK3CD,PIK3CB,PIK3CA,HK2,AKT2,AKT1
ECM-receptor interaction                                     |hsa04512     |11         |1090      |44        |61686         |14.148165137614681 |2.2463499999999997e-10 |3.8364700000000004e-10|CD44,SPP1,LAMB3,ITGB8,ITGB3,ITGA5,ITGA3,ITGA6,NPNT,FN1,COL4A1
Inositol phosphate metabolism                                |hsa00562     |10         |1090      |34        |61686         |16.644900161899624 |2.54336e-10            |4.3194499999999995e-10|MTMR3,INPP4B,PTEN,PIK3CG,PIK3CD,PIK3CB,PIK3CA,IMPA1,MTMR14,PLCE1
Graft-versus-host disease                                    |hsa05332     |8          |1090      |18        |61686         |25.152293577981656 |3.4657199999999994e-10 |5.85322e-10           |CD28,TNF,FASLG,FAS,IL6,IL1B,IFNG,HLA-G
Intestinal immune network for IgA production                 |hsa04672     |9          |1090      |32        |61686         |15.916685779816516 |3.1651200000000003e-09 |5.3159999999999994e-09|ICOSLG,CD40,CD28,TNFSF13,CXCR4,TGFB1,CXCL12,IL10,IL6
Type I diabetes mellitus                                     |hsa04940     |8          |1090      |23        |61686         |19.684403669724773 |3.59054e-09            |5.99738e-09           |CD28,TNF,FASLG,FAS,IL12A,IL1B,IFNG,HLA-G
Cytosolic DNA-sensing pathway                                |hsa04623     |9          |1090      |34        |61686         |14.980410145709662 |5.73417e-09            |9.525620000000002e-09 |CHUK,NFKBIB,NFKBIA,NFKB1,IL6,IL1B,IKBKB,IFNB1,TBK1
Bile secretion                                               |hsa04976     |10         |1090      |49        |61686         |11.549522561318106 |1.25412e-08            |2.07202e-08           |ADCY9,CFTR,ABCG2,CA2,SLC2A1,RXRA,PRKACB,ABCB1,LDLR,HMGCR
Hippo signaling pathway - multiple species                   |hsa04392     |6          |1090      |11        |61686         |30.868723936613847 |1.28606e-08            |2.1133099999999997e-08|RASSF1,YAP1,RASSF2,PAK1,RASSF6,LATS2
Ovarian steroidogenesis                                      |hsa04913     |9          |1090      |39        |61686         |13.059844742413551 |2.14039e-08            |3.4982800000000005e-08|ADCY9,BMP6,PRKACB,LDLR,IGF1R,IGF1,ALOX5,CYP19A1,CYP2J2
Circadian entrainment                                        |hsa04713     |11         |1090      |68        |61686         |9.154695089044793  |3.0518400000000004e-08 |4.9612800000000005e-08|ADCY9,MAPK1,PRKG1,PRKACB,PER1,GRIN2A,GRIA2,GNAI3,GNAI2,FOS,CREB1
Nicotinate and nicotinamide metabolism                       |hsa00760     |6          |1090      |14        |61686         |24.25399737876802  |7.987939999999999e-08  |1.29167e-07           |SIRT1,SIRT2,NAMPT,CD38,SIRT6,SIRT7
Gastric acid secretion                                       |hsa04971     |9          |1090      |45        |61686         |11.318532110091743 |8.13997e-08            |1.30929e-07           |ADCY9,CFTR,CCKBR,CA2,ACTG1,ACTB,PRKACB,GNAI3,GNAI2
RNA transport                                                |hsa03013     |8          |1090      |40        |61686         |11.318532110091745 |4.31632e-07            |6.90611e-07           |PRMT5,NUP93,UBE2I,SMN1,FMR1,EIF4EBP1,EIF4E,EIF4A2
ABC transporters                                             |hsa02010     |6          |1090      |19        |61686         |17.871366489618545 |6.691199999999999e-07  |1.06499e-06           |CFTR,ABCG2,TAP1,ABCB1,ABCC1,ABCA1
Sphingolipid metabolism                                      |hsa00600     |6          |1090      |20        |61686         |16.977798165137617 |9.41545e-07            |1.49078e-06           |SPTLC1,SGPL1,SPHK1,PSAP,NEU1,CERS2
Cysteine and methionine metabolism                           |hsa00270     |7          |1090      |31        |61686         |12.778987866232614 |9.58062e-07            |1.5012899999999999e-06|MTAP,MAT2A,LDHA,GSS,DNMT3B,DNMT3A,DNMT1
Systemic lupus erythematosus                                 |hsa05322     |7          |1090      |31        |61686         |12.778987866232614 |9.58062e-07            |1.5012899999999999e-06|CD40,CD28,ACTN1,TNF,IL10,IFNG,GRIN2A
Mismatch repair                                              |hsa03430     |5          |1090      |13        |61686         |21.766407904022582 |1.95266e-06            |3.0441500000000003e-06|RPA1,MSH3,MSH2,MLH1,MSH6
Retrograde endocannabinoid signaling                         |hsa04723     |9          |1090      |65        |61686         |7.835906845448131  |2.1413800000000002e-06 |3.3213300000000003e-06|ADCY9,MAPK9,MAPK1,PRKACB,NDUFA4,GRIA2,GNAI3,GNAI2,MAPK14
RNA degradation                                              |hsa03018     |5          |1090      |14        |61686         |20.211664482306684 |2.9930900000000003e-06 |4.61878e-06           |TOB2,TOB1,BTG2,BTG1,DDX6
Autoimmune thyroid disease                                   |hsa05320     |6          |1090      |24        |61686         |14.14816513761468  |3.0778700000000002e-06 |4.72561e-06           |CD40,CD28,FASLG,FAS,IL10,HLA-G
Antigen processing and presentation                          |hsa04612     |7          |1090      |37        |61686         |10.706719563600299 |3.42035e-06            |5.22505e-06           |CD4,TNF,TAP1,IFNG,HSP90AA1,HLA-G,CREB1
Vasopressin-regulated water reabsorption                     |hsa04962     |6          |1090      |26        |61686         |13.05984474241355  |5.10825e-06            |7.76455e-06           |ADCY9,VAMP2,RAB5B,PRKACB,ARHGDIB,CREB1
Glutamatergic synapse                                        |hsa04724     |9          |1090      |74        |61686         |6.882891148028763  |6.42549e-06            |9.718150000000001e-06 |ADCY9,MAPK1,PRKACB,PPP3CA,GRM7,GRIN2A,GRIA2,GNAI3,GNAI2
Insulin secretion                                            |hsa04911     |8          |1090      |57        |61686         |7.942829550941575  |7.114630000000001e-06  |1.07072e-05           |ADCY9,VAMP2,STX1A,SNAP25,SLC2A1,PRKACB,KCNN4,CREB1
Pancreatic secretion                                         |hsa04972     |8          |1090      |58        |61686         |7.805884213856374  |8.12552e-06            |1.21683e-05           |ADCY9,CFTR,CD38,CA2,RAP1B,RAC1,ATP2A2,RHOA
Endocrine and other factor-regulated calcium reabsorption    |hsa04961     |6          |1090      |29        |61686         |11.708826320784562 |1.00734e-05            |1.4938199999999999e-05|CLTC,ADCY9,VDR,PTH1R,PRKACB,ESR1
Protein digestion and absorption                             |hsa04974     |6          |1090      |29        |61686         |11.708826320784562 |1.00734e-05            |1.4938199999999999e-05|KCNN4,ELN,COL16A1,COL5A1,COL4A1,COL3A1
Fanconi anemia pathway                                       |hsa03460     |5          |1090      |18        |61686         |15.720183486238534 |1.2078e-05             |1.78239e-05           |RPA1,REV3L,RAD51,MLH1,ERCC1
Circadian rhythm                                             |hsa04710     |5          |1090      |19        |61686         |14.892805408015453 |1.61526e-05            |2.37217e-05           |BTRC,PRKAB1,PRKAA2,PER1,CREB1
Aldosterone synthesis and secretion                          |hsa04925     |8          |1090      |64        |61686         |7.0740825688073405 |1.70914e-05            |2.4979699999999997e-05|ADCY9,PRKD1,PRKACB,NR4A2,LDLR,AGTR1,CAMK1D,CREB1
PPAR signaling pathway                                       |hsa03320     |7          |1090      |49        |61686         |8.084665792922674  |2.37377e-05            |3.45275e-05           |RXRA,PPARG,PPARA,MMP1,ILK,ACSL4,ACSL1
Cardiac muscle contraction                                   |hsa04260     |5          |1090      |25        |61686         |11.318532110091743 |6.758770000000001e-05  |9.784120000000001e-05 |CACNB3,TPM3,TPM1,ATP2A2,COX2
Neuroactive ligand-receptor interaction                      |hsa04080     |11         |1090      |152       |61686         |4.09552148720425   |8.99668e-05            |0.00012962            |CCKBR,APLN,THRB,PTH1R,OXTR,HTR2C,GRM7,GRIN2A,GRIA2,AGTR1,ADM
Vibrio cholerae infection                                    |hsa05110     |5          |1090      |27        |61686         |10.480122324159021 |9.97351e-05            |0.000142345           |ADCY9,CFTR,ACTG1,ACTB,PRKACB
Lysine degradation                                           |hsa00310     |5          |1090      |27        |61686         |10.480122324159021 |9.97351e-05            |0.000142345           |PLOD3,SUV39H1,EZH2,MECOM,SETD2
Thyroid hormone synthesis                                    |hsa04918     |6          |1090      |43        |61686         |7.896650309366333  |0.000104744            |0.000148795           |ADCY9,PAX8,SLC5A5,PRKACB,GPX2,CREB1
Renin secretion                                              |hsa04924     |6          |1090      |48        |61686         |7.07408256880734   |0.000195618            |0.00027531400000000003|PRKACB,PPP3CA,GNAI3,GNAI2,AGTR1,CREB1
Salivary secretion                                           |hsa04970     |6          |1090      |48        |61686         |7.07408256880734   |0.000195618            |0.00027531400000000003|ADCY9,CD38,VAMP2,PRKG1,PRKACB,KCNN4
Cortisol synthesis and secretion                             |hsa04927     |6          |1090      |50        |61686         |6.791119266055046  |0.00024584             |0.00034282199999999995|ADCY9,SP1,PRKACB,LDLR,AGTR1,CREB1
Lysosome                                                     |hsa04142     |6          |1090      |50        |61686         |6.791119266055046  |0.00024584             |0.00034282199999999995|CLTC,PSAP,NEU1,LIPA,LAMP2,AP1G1
Steroid biosynthesis                                         |hsa00100     |3          |1090      |8         |61686         |21.22224770642202  |0.00028833200000000003 |0.000400242           |EBP,LIPA,CYP24A1
Synaptic vesicle cycle                                       |hsa04721     |5          |1090      |34        |61686         |8.322450080949812  |0.000310347            |0.00042884300000000004|CLTC,SYT1,VAMP2,STX1A,SNAP25
Drug metabolism - cytochrome P450                            |hsa00982     |4          |1090      |24        |61686         |9.43211009174312   |0.00077708             |0.00106892            |MGST2,MAOA,ALDH3A1,CYP2B6
Various types of N-glycan biosynthesis                       |hsa00513     |3          |1090      |11        |61686         |15.434361968306924 |0.000816482            |0.00111807            |MAN1B1,TUSC3,FUT8
Complement and coagulation cascades                          |hsa04610     |5          |1090      |44        |61686         |6.430984153461218  |0.00104722             |0.0014276             |CLU,TFPI,PLAU,PLAT,SERPINE1
Arachidonic acid metabolism                                  |hsa00590     |4          |1090      |28        |61686         |8.084665792922674  |0.00141579             |0.00192143            |GPX2,ALOX5,CYP2J2,CYP2B6
Phenylalanine metabolism                                     |hsa00360     |3          |1090      |14        |61686         |12.12699868938401  |0.00173129             |0.00231855            |MAOA,ALDH3A1,DDC
Homologous recombination                                     |hsa03440     |3          |1090      |14        |61686         |12.12699868938401  |0.00173129             |0.00231855            |RPA1,RAD51,ATM
N-Glycan biosynthesis                                        |hsa00510     |3          |1090      |14        |61686         |12.12699868938401  |0.00173129             |0.00231855            |MAN1B1,TUSC3,FUT8
GABAergic synapse                                            |hsa04727     |5          |1090      |51        |61686         |5.548300053966541  |0.00204663             |0.00272884            |ADCY9,SRC,PRKACB,GNAI3,GNAI2
Cholesterol metabolism                                       |hsa04979     |4          |1090      |31        |61686         |7.30227878070435   |0.00208642             |0.00276974            |LIPA,LDLR,ABCA1,MYLIP
Asthma                                                       |hsa05310     |3          |1090      |15        |61686         |11.318532110091743 |0.00213579             |0.00281074            |CD40,TNF,IL10
Maturity onset diabetes of the young                         |hsa04950     |3          |1090      |15        |61686         |11.318532110091743 |0.00213579             |0.00281074            |PAX6,HNF4G,HNF4A
Primary immunodeficiency                                     |hsa05340     |4          |1090      |32        |61686         |7.0740825688073405 |0.00235144             |0.0030811999999999997 |CD40,CD4,ZAP70,TAP1
Renin-angiotensin system                                     |hsa04614     |3          |1090      |18        |61686         |9.432110091743121  |0.00368219             |0.00478369            |ATP6AP2,ENPEP,AGTR1
Folate biosynthesis                                          |hsa00790     |3          |1090      |18        |61686         |9.432110091743121  |0.00368219             |0.00478369            |ALPG,DHFR,AKR1B10
Tyrosine metabolism                                          |hsa00350     |3          |1090      |20        |61686         |8.488899082568809  |0.00501102             |0.00648234            |MAOA,ALDH3A1,DDC
Fat digestion and absorption                                 |hsa04975     |3          |1090      |21        |61686         |8.084665792922674  |0.00577011             |0.00737022            |DGAT1,MTTP,ABCA1
Olfactory transduction                                       |hsa04740     |3          |1090      |21        |61686         |8.084665792922674  |0.00577011             |0.00737022            |RGS2,PRKG1,PRKACB
Spliceosome                                                  |hsa03040     |3          |1090      |21        |61686         |8.084665792922674  |0.00577011             |0.00737022            |PCBP1,HNRNPK,HNRNPA3
Glutathione metabolism                                       |hsa00480     |3          |1090      |22        |61686         |7.717180984153462  |0.00659431             |0.00835279            |MGST2,GSS,GPX2
Drug metabolism - other enzymes                              |hsa00983     |3          |1090      |22        |61686         |7.717180984153462  |0.00659431             |0.00835279            |MGST2,IMPDH2,DPYD
mRNA surveillance pathway                                    |hsa03015     |3          |1090      |23        |61686         |7.38165137614679   |0.00748495             |0.00944159            |PPP2R2A,PPP1CC,PPP1CA
Retinol metabolism                                           |hsa00830     |3          |1090      |24        |61686         |7.07408256880734   |0.00844321             |0.010606399999999998  |DGAT1,RDH10,CYP2B6
Proteasome                                                   |hsa03050     |2          |1090      |9         |61686         |12.576146788990828 |0.0103417              |0.0129378             |PSMD9,IFNG
SNARE interactions in vesicular transport                    |hsa04130     |2          |1090      |10        |61686         |11.318532110091745 |0.0127767              |0.0159185             |VAMP2,STX1A
Morphine addiction                                           |hsa05032     |4          |1090      |52        |61686         |4.353281580804516  |0.0134185              |0.016649900000000002  |ADCY9,PRKACB,GNAI3,GNAI2
Metabolism of xenobiotics by cytochrome P450                 |hsa00980     |3          |1090      |29        |61686         |5.854413160392281  |0.014281799999999999   |0.017649099999999997  |MGST2,ALDH3A1,CYP2B6
Histidine metabolism                                         |hsa00340     |2          |1090      |12        |61686         |9.43211009174312   |0.018306599999999996   |0.0223502             |MAOA,ALDH3A1
Other types of O-glycan biosynthesis                         |hsa00514     |2          |1090      |12        |61686         |9.43211009174312   |0.018306599999999996   |0.0223502             |PLOD3,GALNT7
DNA replication                                              |hsa03030     |2          |1090      |12        |61686         |9.43211009174312   |0.018306599999999996   |0.0223502             |RPA1,MCM2
Biosynthesis of cofactors                                    |hsa01240     |4          |1090      |58        |61686         |3.902942106928187  |0.0193658              |0.0235488             |MAT2A,GSS,ALPG,DHFR
Chemical carcinogenesis                                      |hsa05204     |3          |1090      |33        |61686         |5.144787322768974  |0.020247099999999997   |0.024522299999999997  |MGST2,ARNT,ALDH3A1
Vitamin digestion and absorption                             |hsa04977     |2          |1090      |13        |61686         |8.706563161609033  |0.0213844              |0.025593900000000003  |RBP2,ABCC1
Fatty acid biosynthesis                                      |hsa00061     |2          |1090      |13        |61686         |8.706563161609033  |0.0213844              |0.025593900000000003  |ACSL4,ACSL1
One carbon pool by folate                                    |hsa00670     |2          |1090      |13        |61686         |8.706563161609033  |0.0213844              |0.025593900000000003  |MTHFR,DHFR
Porphyrin and chlorophyll metabolism                         |hsa00860     |2          |1090      |14        |61686         |8.084665792922674  |0.024659900000000002   |0.0293985             |HMOX1,FXN
Glycolysis / Gluconeogenesis                                 |hsa00010     |3          |1090      |36        |61686         |4.716055045871561  |0.0254888              |0.0301501             |LDHA,HK2,ALDH3A1
Peroxisome                                                   |hsa04146     |3          |1090      |36        |61686         |4.716055045871561  |0.0254888              |0.0301501             |SOD2,ACSL4,ACSL1
Ribosome biogenesis in eukaryotes                            |hsa03008     |2          |1090      |15        |61686         |7.545688073394495  |0.0281252              |0.033139800000000004  |CSNK2A1,NOB1
Nicotine addiction                                           |hsa05033     |2          |1090      |18        |61686         |6.288073394495414  |0.0395832              |0.046282              |GRIN2A,GRIA2
Fructose and mannose metabolism                              |hsa00051     |2          |1090      |18        |61686         |6.288073394495414  |0.0395832              |0.046282              |HK2,AKR1B10
