description                                                  |annotation_id|genes_found|input_size|term_genes|genes_universe|relative_enrichment|pval                  |pval_adj               |genes
Pathways in cancer                                           |hsa05200     |138        |823       |397       |61686         |26.05405670107826  |6.266889999999998e-156|1.7233899999999997e-153|ADCY9,DAPK2,CHUK,ADCY6,RASSF1,CDKN2A,CDKN1B,CDKN1A,CDK6,CDK2,CDH1,BCL2L11,KEAP1,ROCK2,CCNE1,CCND2,CCNA2,RPS6KA5,CCNE2,RUNX1,CASP3,FZD7,NCOA3,CXCR4,PAX8,WNT10B,WNT1,VHL,VEGFC,VEGFA,TRAF6,TP53,TGFBR2,TGFBR1,TGFB2,BRCA2,BRAF,STAT6,STAT5A,STAT4,STAT3,SP1,BMP2,CXCL12,RPS6KB1,BCL2L1,BCL2,CCND1,ROCK1,BAX,RET,RB1,RARB,RAD51,PTK2,PTGS2,PTEN,MAP2K1,MAPK9,MAPK8,MAPK1,PRKACB,PPARG,PMAIP1,PLD1,PIK3R2,PIK3R1,PIK3CA,PDGFRA,NRAS,NOTCH3,NOTCH2,NOTCH1,NFKBIA,NFKB2,NFKB1,MYC,MMP9,MMP2,MITF,MET,ARNT,MDM2,SMAD4,SMAD2,LRP6,RHOA,KRAS,KIT,JAK2,JAK1,ITGB1,IL13RA1,IL13,CXCL8,IL6,IKBKB,IGF2,IGF1R,BIRC5,XIAP,APC,HRAS,APAF1,HIF1A,HDAC2,GSK3B,GNAI2,MTOR,ALK,FOS,FN1,FOXO1,FGFR3,FGF9,AKT2,AKT1,EGLN3,ETS1,ESR2,ESR1,ERBB2,EPAS1,EGFR,JAG1,TCF7L1,EDNRA,LPAR1,E2F3,E2F1,DVL2,DVL1,DAPK3,DAPK1,CTBP2,CRKL,CRK,BBC3
MicroRNAs in cancer                                          |hsa05206     |101        |823       |148       |61686         |51.150093592985456 |4.82854e-154          |6.6392399999999964e-152|ZFPM2,SIRT1,DICER1,RASSF1,CDKN2A,CDKN1B,CDKN1A,CDK6,IGF2BP1,CDC25C,CDC25B,CDC25A,CD44,BCL2L11,ZEB2,HDAC4,CCNG1,CCNE1,CCND2,RPS6KA5,CCNE2,CASP3,IRS2,SOCS1,TP63,RECK,HMGA2,EZR,VEGFA,UBE2I,TP53,TIMP3,THBS1,TGFB2,ZEB1,BRCA1,STAT3,ST14,BMPR2,SOX4,BMI1,FSCN1,SHC1,BCL2L2,BCL2,CCND1,ROCK1,PTGS2,PTEN,MAP2K1,MAPK7,MAPK1,PLAU,PIK3R2,PIK3R1,PIK3CA,SERPINB5,PDGFRA,ATM,NRAS,NOTCH3,NOTCH2,NOTCH1,NFKB1,MYC,MMP16,MMP9,MET,MDM4,MDM2,MCL1,MARCKS,RHOA,STMN1,KRAS,ITGA5,IRS1,IKBKB,TNC,APC,HRAS,HDAC2,MTOR,FGFR3,EZH2,ERBB2,BMF,SLC45A3,EGFR,EFNA1,E2F3,E2F1,DNMT3B,DNMT3A,DNMT1,CYP1B1,DDIT4,CRKL,CRK,PDCD4,FOXP1
PI3K-Akt signaling pathway                                   |hsa04151     |88         |823       |249       |61686         |26.489276669252952 |1.2086199999999998e-99|1.1079e-97             |CHUK,PHLPP1,PHLPP2,CDKN1B,CDKN1A,CDK6,CDK2,BCL2L11,CREB5,CCNE1,CCND2,CCNE2,TCL1A,YWHAZ,YWHAG,VEGFC,VEGFA,TP53,TLR4,TLR2,THBS2,THBS1,BRCA1,STK11,SPP1,BDNF,RPS6KB1,BCL2L1,BCL2,CCND1,RBL2,PTK2,PTEN,MAP2K1,MAPK1,PRKAA1,PPP2R5E,PPP2R2A,PPP2CB,PIK3R2,PIK3R1,PIK3CA,PDGFRA,NTRK2,NTF3,NRAS,NOS3,NFKB1,MYC,MYB,MET,MDM2,MCL1,KRAS,KIT,KDR,JAK2,JAK1,ITGB8,ITGB4,ITGB1,ITGA5,IRS1,IL6,IKBKB,IGF2,IGF1R,TNC,HRAS,GSK3B,MTOR,FN1,FLT1,FOXO3,FGFR3,FGF9,AKT2,AKT1,ERBB4,ERBB2,EIF4E,EGFR,EFNA1,LPAR1,DDIT4,CREB1,COL1A2,COL1A1
Human papillomavirus infection                               |hsa05165     |75         |823       |203       |61686         |27.691851869586817 |1.15187e-86           |7.919099999999999e-85  |CHUK,CDKN1B,CDKN1A,CDK6,CDK2,CREB5,CCNE1,CCND2,CCNA2,CCNE2,CASP3,FZD7,WNT10B,WNT1,VEGFA,TP53,TNF,THBS2,THBS1,SPP1,RPS6KB1,CCND1,BAX,RBL2,RBL1,RB1,PTK2,PTGS2,PTEN,MAP2K1,MAPK1,PRKCZ,PRKACB,PPP2R5E,PPP2R2A,PPP2CB,PIK3R2,PIK3R1,PIK3CA,ATM,NRAS,NOTCH3,NOTCH2,NOTCH1,NFKB1,MDM2,KRAS,JAK1,ITGB8,ITGB4,ITGB1,ITGA5,IKBKB,TNC,APC,HRAS,HLA-G,HDAC2,GSK3B,MTOR,FN1,TICAM1,FOXO1,AKT2,AKT1,EGFR,JAG1,TCF7L1,E2F1,DVL2,DVL1,CREB1,TBK1,COL1A2,COL1A1
Proteoglycans in cancer                                      |hsa05205     |68         |823       |157       |61686         |32.46355186477932  |1.9117899999999998e-84|1.0514899999999999e-82 |RRAS2,CDKN1A,CD44,ROCK2,CAV1,CASP3,FZD7,WNT10B,WNT1,EZR,VEGFA,VAV2,TWIST1,TP53,TNF,TLR4,TLR2,TIMP3,TIAM1,THBS1,TGFB2,BRAF,STAT3,SRC,SDC1,RPS6KB1,CCND1,ROCK1,PTK2,MAP2K1,MAPK1,PRKACB,PLAUR,PLAU,PIK3R2,PIK3R1,PIK3CA,PAK1,NRAS,MYC,MSN,MMP9,MMP2,MET,MDM2,SMAD2,RHOA,KRAS,KDR,ITGB1,ITGA5,IGF2,IGF1R,HSPB2,HRAS,HIF1A,MTOR,FN1,AKT2,AKT1,ESR1,ERBB4,ERBB2,EGFR,MAPK14,PDCD4,COL1A2,COL1A1
Hepatitis B                                                  |hsa05161     |64         |823       |140       |61686         |34.26405137996875  |1.9181199999999995e-81|8.791399999999998e-80  |CHUK,TAB2,CDKN1A,CDK2,CREB5,CCNE1,CCNA2,CCNE2,CASP3,YWHAZ,TRAF6,TP53,TNF,TLR4,TLR2,TGFBR2,TGFBR1,TGFB2,BRAF,STAT6,STAT5A,STAT4,STAT3,SRC,MAP2K4,BCL2,BAX,RB1,MAP2K3,MAP2K1,MAPK9,MAPK8,MAPK1,PIK3R2,PIK3R1,PIK3CA,NRAS,NFKBIA,NFKB1,NFATC1,MYC,MMP9,SMAD4,KRAS,JAK2,JAK1,IRAK1,CXCL8,IL6,IKBKB,BIRC5,HRAS,APAF1,FOS,TICAM1,AKT2,PTK2B,AKT1,EGR2,E2F3,E2F1,MAPK14,CREB1,TBK1
MAPK signaling pathway                                       |hsa04010     |72         |823       |210       |61686         |25.69803853497657  |2.0690999999999997e-80|8.1286e-79             |CHUK,TAB2,RRAS2,DUSP10,CDC25B,MAP4K4,RPS6KA5,RPS6KA4,CASP3,CACNA1C,MAP3K12,VEGFC,VEGFA,TRAF6,TP53,TNF,TGFBR2,TGFBR1,TGFB2,BRAF,STK3,BDNF,MAP2K4,RPS6KA3,RASA1,RAP1B,PTPN7,MAP2K3,MAP2K1,MAPK9,MAPK8,MAPK7,MAPK1,PRKACB,PDGFRA,PAK1,NTRK2,NTF3,NRAS,NFKB2,NFKB1,NFATC1,MYC,MET,MAP3K5,MAP3K4,STMN1,KRAS,KIT,KDR,IRAK1,IL1A,IKBKB,IGF2,IGF1R,HRAS,FOS,FLT1,FGFR3,FGF9,AKT2,AKT1,ERBB4,ERBB2,EGFR,EFNA1,DUSP2,DUSP1,NLK,MAPK14,CRKL,CRK
Human T-cell leukemia virus 1 infection                      |hsa05166     |63         |823       |168       |61686         |28.10722964763062  |2.2820099999999996e-73|7.844409999999999e-72  |ADCY9,CHUK,ADCY6,CHEK2,CDKN2A,CDKN1A,CDK2,CREB5,CCNE1,CCND2,CCNA2,CCNE2,KAT2B,NRP1,TP53,TNF,TGFBR2,TGFBR1,TGFB2,TCF3,STAT5A,MAP2K4,BCL2L1,CCND1,BAX,RB1,PTEN,MAP2K1,MAPK9,MAPK8,MAPK1,PRKACB,PIK3R2,PIK3R1,PIK3CA,ATM,NRAS,NFKBIA,NFKB2,NFKB1,NFATC1,MYC,MMP7,SMAD4,SMAD2,KRAS,JAK1,IL6,IKBKB,XIAP,ICAM1,HRAS,HLA-G,FOS,AKT2,AKT1,ETS1,EGR2,EGR1,E2F3,E2F1,VAC14,CREB1
Cellular senescence                                          |hsa04218     |56         |823       |119       |61686         |35.271817597026654 |2.8288299999999995e-72|8.643649999999998e-71  |SIRT1,RRAS2,CHEK2,CDKN2A,CDKN1A,CDK6,CDK2,CDC25A,HIPK3,CCNE1,CCND2,CCNA2,CCNE2,BTRC,TP53,TGFBR2,TGFBR1,TGFB2,CCND1,RBL2,RBL1,RB1,PTEN,MAP2K3,MAP2K1,MAPK1,PIK3R2,PIK3R1,PIK3CA,SERPINE1,ATM,NRAS,NFKB1,NFATC1,MYC,MDM2,SMAD2,KRAS,CXCL8,IL6,IL1A,IGFBP3,HRAS,HLA-G,GATA4,MTOR,HIPK1,FOXO3,FOXO1,AKT2,AKT1,ETS1,E2F3,E2F1,MAPK14,HIPK2
Human cytomegalovirus infection                              |hsa05163     |61         |823       |172       |61686         |26.58203113961966  |2.803619999999999e-69 |7.709949999999998e-68  |ADCY9,CHUK,ADCY6,CDKN2A,CDKN1A,CDK6,CREB5,ROCK2,CASP3,CXCR4,VEGFA,TP53,TNF,STAT3,SRC,SP1,CXCL12,CX3CL1,RPS6KB1,CCND1,ROCK1,BAX,RB1,PTK2,PTGS2,MAP2K1,MAPK1,PRKACB,PIK3R2,PIK3R1,PIK3CA,PDGFRA,NRAS,NFKBIA,NFKB1,NFATC1,MYC,MDM2,RHOA,KRAS,JAK1,CXCL8,IL6,IKBKB,HRAS,HLA-G,GSK3B,PDIA3,GNAI2,MTOR,AKT2,PTK2B,AKT1,EGFR,E2F3,E2F1,MAPK14,CRKL,CRK,CREB1,TBK1
FoxO signaling pathway                                       |hsa04068     |52         |823       |107       |61686         |36.42556863992005  |3.88068e-68           |9.701689999999999e-67  |GABARAPL1,CHUK,SIRT1,CDKN1B,CDKN1A,PLK2,CDK2,KLF2,BCL2L11,CCND2,ATG12,TNFSF10,IRS2,TGFBR2,TGFBR1,TGFB2,BRAF,BNIP3,STK11,STAT3,SLC2A4,CCND1,RBL2,PTEN,MAP2K1,MAPK9,MAPK8,MAPK1,PRKAA1,PLK1,PIK3R2,PIK3R1,PIK3CA,ATM,NRAS,MDM2,SMAD4,KRAS,IRS1,IL10,IL6,IKBKB,IGF1R,HRAS,FOXO3,FOXO1,AKT2,AKT1,EGFR,S1PR1,NLK,MAPK14
Breast cancer                                                |hsa05224     |50         |823       |102       |61686         |36.741476663569436 |8.379619999999999e-66 |1.9203299999999995e-64 |CDKN1A,CDK6,FZD7,NCOA3,WNT10B,WNT1,TP53,BRCA2,BRAF,BRCA1,SP1,SHC1,RPS6KB1,CCND1,BAX,RB1,PTEN,MAP2K1,MAPK1,PIK3R2,PIK3R1,PIK3CA,NRAS,NOTCH3,NOTCH2,NOTCH1,NFKB2,MYC,LRP6,KRAS,KIT,IGF1R,APC,HRAS,GSK3B,MTOR,FOS,FGF9,AKT2,AKT1,ESR2,ESR1,ERBB2,EGFR,JAG1,TCF7L1,E2F3,E2F1,DVL2,DVL1
Endocrine resistance                                         |hsa01522     |47         |823       |86        |61686         |40.9624742151516   |5.795019999999999e-65 |1.2258699999999998e-63 |ADCY9,ADCY6,CDKN2A,CDKN1B,CDKN1A,NCOA3,TP53,BRAF,SRC,SP1,SHC1,RPS6KB1,BCL2,CCND1,BAX,RB1,PTK2,MAP2K1,MAPK9,MAPK8,MAPK1,PRKACB,PIK3R2,PIK3R1,PIK3CA,NRAS,NOTCH3,NOTCH2,NOTCH1,MMP9,MMP2,MDM2,KRAS,IGF1R,HRAS,MTOR,FOS,AKT2,AKT1,ESR2,ESR1,ERBB2,EGFR,JAG1,E2F3,E2F1,MAPK14
Shigellosis                                                  |hsa05131     |58         |823       |169       |61686         |25.723381768245773 |6.328659999999999e-65 |1.24313e-63            |GABARAPL1,CHUK,TAB2,SEPTIN7,CD44,ROCK2,ATG5,RPS6KA5,ATG12,BTRC,CAPNS1,BECN1,TRAF6,TP53,TNF,TLR4,BNIP3,SRC,RPS6KB1,BCL2L1,BCL2,ROCK1,BAX,PTK2,MAPK9,MAPK8,MAPK1,PIK3R2,PIK3R1,PIK3CA,PFN1,ATM,NFKBIB,NFKBIA,NFKB1,NAIP,MDM2,RHOA,ITGB1,ITGA5,CXCL8,IKBKB,HK2,GSK3B,TAB3,MTOR,FOXO3,FOXO1,AKT2,AKT1,EGFR,ARPC5L,ELMO2,ATG16L1,MAPK14,CRKL,CRK,TBK1
AGE-RAGE signaling pathway in diabetic complications         |hsa04933     |46         |823       |87        |61686         |39.63011689780869  |1.1176599999999998e-62|2.0490499999999997e-61 |CDKN1B,CASP3,VEGFC,VEGFA,TNF,TGFBR2,TGFBR1,TGFB2,STAT5A,STAT3,SELE,BCL2,CCND1,BAX,MAPK9,MAPK8,MAPK1,PRKCZ,PIK3R2,PIK3R1,PIK3CA,SERPINE1,NRAS,NOS3,NFKB1,NFATC1,MMP2,SMAD4,SMAD2,KRAS,JAK2,CXCL8,IL6,IL1A,ICAM1,HRAS,FN1,FOXO1,AKT2,AKT1,EGR1,MAPK14,NOX4,COL3A1,COL1A2,COL1A1
Epstein-Barr virus infection                                 |hsa05169     |53         |823       |145       |61686         |27.39647211631122  |3.887239999999999e-61 |6.681189999999999e-60  |CHUK,TAB2,CDKN1B,CDKN1A,CDK6,CDK2,CD44,BCL2L11,NCOR2,CCNE1,CCND2,CCNA2,CCNE2,RUNX3,CASP3,TRAF6,TP53,TNFAIP3,TNF,TLR2,STAT3,MAP2K4,BCL2,CCND1,BAX,RB1,MAP2K3,MAPK9,MAPK8,PIK3R2,PIK3R1,PIK3CA,NFKBIB,NFKBIA,NFKB2,NFKB1,MYC,MDM2,JAK1,IRAK1,IL6,IKBKB,ICAM1,APAF1,HLA-G,HDAC2,PDIA3,AKT2,AKT1,E2F3,E2F1,MAPK14,TBK1
Gastric cancer                                               |hsa05226     |48         |823       |106       |61686         |33.9408056122332   |4.932669999999999e-61 |7.979319999999999e-60  |CDX2,CDKN1B,CDKN1A,CDK2,CDH1,CCNE1,CCNE2,FZD7,WNT10B,WNT1,TP53,TGFBR2,TGFBR1,TGFB2,BRAF,SHC1,RPS6KB1,BCL2,CCND1,BAX,RB1,RARB,MAP2K1,MAPK1,PIK3R2,PIK3R1,PIK3CA,NRAS,MYC,MET,SMAD4,SMAD2,LRP6,KRAS,APC,HRAS,GSK3B,MTOR,FGF9,AKT2,AKT1,ERBB2,EGFR,TCF7L1,E2F3,E2F1,DVL2,DVL1
Hepatocellular carcinoma                                     |hsa05225     |47         |823       |106       |61686         |33.233705495311675 |3.1464e-59            |4.8069899999999996e-58 |CDKN2A,CDKN1A,CDK6,KEAP1,FZD7,WNT10B,WNT1,TP53,TGFBR2,TGFBR1,TGFB2,BRAF,SMARCD3,SHC1,RPS6KB1,BCL2L1,CCND1,BAX,RB1,PTEN,MAP2K1,MAPK1,PIK3R2,PIK3R1,PIK3CA,NRAS,MYC,MET,SMAD4,SMAD2,LRP6,KRAS,IGF2,IGF1R,APC,HRAS,GSK3B,MTOR,AKT2,AKT1,EGFR,TCF7L1,E2F3,E2F1,DVL2,DVL1,BRD7
Focal adhesion                                               |hsa04510     |50         |823       |145       |61686         |25.84572841161436  |3.21594e-56           |4.6546499999999996e-55 |ROCK2,CCND2,CAV1,VEGFC,VEGFA,VAV2,THBS2,THBS1,BRAF,SRC,SPP1,SHC1,BCL2,CCND1,ROCK1,RAP1B,PTK2,PTEN,MAP2K1,MAPK9,MAPK8,MAPK1,PIK3R2,PIK3R1,PIK3CA,PDGFRA,PAK1,MYLK,MET,RHOA,KDR,ITGB8,ITGB4,ITGB1,ITGA5,IGF1R,XIAP,TNC,HRAS,GSK3B,FN1,FLT1,AKT2,AKT1,ERBB2,EGFR,CRKL,CRK,COL1A2,COL1A1
Chronic myeloid leukemia                                     |hsa05220     |40         |823       |72        |61686         |41.64034021871203  |7.542889999999998e-56 |1.0371500000000001e-54 |CHUK,CDKN2A,CDKN1B,CDKN1A,CDK6,GAB2,RUNX1,TP53,TGFBR2,TGFBR1,TGFB2,BRAF,STAT5A,SHC1,BCL2L1,CCND1,BAX,RB1,MAP2K1,MAPK1,PIK3R2,PIK3R1,PIK3CA,NRAS,NFKBIA,NFKB1,MYC,MDM2,SMAD4,KRAS,IKBKB,HRAS,HDAC2,AKT2,AKT1,E2F3,E2F1,CTBP2,CRKL,CRK
Transcriptional misregulation in cancer                      |hsa05202     |47         |823       |122       |61686         |28.87518674182818  |1.2422899999999999e-55|1.4853499999999997e-54 |CEBPB,CDKN1B,CDKN1A,CDK9,CCNT1,CCND2,CCNA2,RUNX1,RUNX2,HMGA2,PAX8,TP53,TGFBR2,ZEB1,TCF3,SP1,BMI1,BCL2L1,BAX,PTK2,PPARG,PLAU,PBX3,PAX7,PAX3,ATM,ATF1,NFKB1,MYCN,MYC,MMP9,MMP3,MITF,MET,MDM2,SMAD1,CXCL8,IL6,IGFBP3,IGF1R,ID2,HOXA10,HDAC2,FLT1,FOXO1,ETV1,SLC45A3
Prostate cancer                                              |hsa05215     |42         |823       |85        |61686         |37.035408476878    |1.23376e-55           |1.5421999999999998e-54 |CHUK,CDKN1B,CDKN1A,CDK2,CREB5,CCNE1,CCNE2,TP53,ZEB1,BRAF,BCL2,CCND1,RB1,PTEN,MAP2K1,MAPK1,PLAU,PIK3R2,PIK3R1,PIK3CA,PDGFRA,NRAS,NFKBIA,NFKB1,MMP9,MMP3,MDM2,KRAS,IKBKB,IGF1R,HRAS,GSK3B,MTOR,FOXO1,AKT2,AKT1,ERBB2,EGFR,TCF7L1,E2F3,E2F1,CREB1
Signaling pathways regulating pluripotency of stem cells     |hsa04550     |42         |823       |85        |61686         |37.035408476878    |1.23376e-55           |1.5421999999999998e-54 |ACVR2B,ACVR1,KLF4,FZD7,WNT10B,WNT1,TCF3,STAT3,BMPR2,BMI1,REST,MAP2K1,MAPK1,POU5F1,PIK3R2,PIK3R1,PIK3CA,NRAS,MYC,SMAD5,SMAD4,SMAD2,SMAD1,KRAS,JAK2,JAK1,IGF1R,ID4,ID2,ID1,APC,HRAS,HOXA1,GSK3B,FGFR3,AKT2,AKT1,PCGF5,DVL2,DVL1,DLX5,MAPK14
Kaposi sarcoma-associated herpesvirus infection              |hsa05167     |49         |823       |146       |61686         |25.15532881705754  |1.9564800000000003e-54|2.2418e-53             |GABARAPL1,CHUK,CDKN1A,CDK6,CASP3,BECN1,VEGFA,TP53,STAT3,SRC,MAP2K4,CCND1,BAX,RB1,PTGS2,MAP2K1,MAPK9,MAPK8,MAPK1,PIK3R2,PIK3R1,PIK3CA,NRAS,NFKBIA,NFKB1,NFATC1,MYC,KRAS,JAK2,JAK1,CXCL8,IL6,IKBKB,ICAM1,HRAS,HLA-G,HIF1A,GSK3B,MTOR,FOS,TICAM1,AKT2,AKT1,TCF7L1,E2F3,E2F1,MAPK14,CREB1,TBK1
Autophagy - animal                                           |hsa04140     |45         |823       |112       |61686         |30.114888908175665 |2.5324400000000004e-54|2.7856799999999993e-53 |GABARAPL1,DAPK2,RRAS2,RB1CC1,ATG5,ATG12,MTMR3,BECN1,IRS2,UVRAG,TRAF6,BNIP3,STK11,RPS6KB1,BCL2L1,BCL2,RAB1A,PTEN,MAP2K1,MAPK9,MAPK8,MAPK1,PRKACB,PRKAA1,PPP2CB,PIK3R2,PIK3R1,PIK3CA,NRAS,KRAS,IRS1,IGF1R,HRAS,HMGB1,HIF1A,MTOR,AKT2,AKT1,PRAP1,DAPK3,DAPK1,ATG2B,ATG16L1,DDIT4,TBK1
Yersinia infection                                           |hsa05135     |45         |823       |114       |61686         |29.586557523821707 |6.78211e-54           |7.17339e-53            |CHUK,TAB2,ROCK2,VAV2,TRAF6,TNF,TLR4,SRC,MAP2K4,RPS6KA3,ROCK1,PTK2,MAP2K3,MAP2K1,MAPK9,MAPK8,MAPK1,PIK3R2,PIK3R1,PIK3CA,NFKBIA,NFKB1,NFATC1,RHOA,LIMK1,ITGB1,ITGA5,IRAK1,IL10,CXCL8,IL6,IKBKB,GSK3B,FOS,FN1,TICAM1,AKT2,PTK2B,AKT1,ARPC5L,ELMO2,MAPK14,CRKL,CRK,TBK1
Human immunodeficiency virus 1 infection                     |hsa05170     |49         |823       |151       |61686         |24.322370909207955 |1.35086e-53           |1.3758699999999998e-52 |CHUK,TAB2,CFL2,CDC25C,BTRC,CASP3,CUL5,CXCR4,WEE1,TRAF6,TNF,TLR4,TLR2,RPS6KB1,BCL2L1,BCL2,BAX,PTK2,MAP2K3,MAP2K1,MAPK9,MAPK8,MAPK1,PIK3R2,PIK3R1,PIK3CA,PAK1,ATM,NRAS,NFKBIA,NFKB1,NFATC1,LIMK1,KRAS,IRAK1,IKBKB,HRAS,HLA-G,PDIA3,GNAI2,MTOR,FOS,AKT2,PTK2B,AKT1,MAPK14,CRKL,CRK,TBK1
Pancreatic cancer                                            |hsa05212     |39         |823       |73        |61686         |40.04317648429568  |1.50513e-53           |1.47825e-52            |CHUK,CDKN2A,CDKN1A,CDK6,VEGFA,TP53,TGFBR2,TGFBR1,TGFB2,BRCA2,BRAF,STAT3,RPS6KB1,BCL2L1,CCND1,BAX,RB1,RAD51,MAP2K1,MAPK9,MAPK8,MAPK1,PLD1,PIK3R2,PIK3R1,PIK3CA,NFKB1,SMAD4,SMAD2,KRAS,JAK1,IKBKB,MTOR,AKT2,AKT1,ERBB2,EGFR,E2F3,E2F1
Chemokine signaling pathway                                  |hsa04062     |46         |823       |132       |61686         |26.119849773555725 |4.6815600000000004e-52|4.43941e-51            |ADCY9,CHUK,ADCY6,CCL26,ROCK2,CXCR4,VAV2,TIAM1,BRAF,STAT3,SRC,SHC1,CXCL12,CX3CL1,CCL8,CCL7,CCL1,ROCK1,RAP1B,PTK2,MAP2K1,MAPK1,PRKCZ,PRKACB,PIK3R2,PIK3R1,PIK3CA,PAK1,NRAS,NFKBIB,NFKBIA,NFKB1,RHOA,KRAS,JAK2,CXCL8,IKBKB,HRAS,GSK3B,GNAI2,FOXO3,AKT2,PTK2B,AKT1,CRKL,CRK
Measles                                                      |hsa05162     |43         |823       |111       |61686         |29.03569669304785  |4.0611600000000004e-51|3.72273e-50            |CHUK,TAB2,CDKN1B,ADAR,CDK6,CDK2,CCNE1,CCND2,CCNE2,CASP3,TRAF6,TP53,TNFAIP3,TLR4,TLR2,STAT5A,STAT3,BCL2L1,BCL2,CCND1,BAX,MAPK9,MAPK8,PIK3R2,PIK3R1,PIK3CA,NFKBIB,NFKBIA,NFKB1,MSN,JAK1,IRAK1,IL6,IL1A,IKBKB,APAF1,GSK3B,FOS,AKT2,AKT1,TLR7,TBK1,BBC3
Hepatitis C                                                  |hsa05160     |43         |823       |112       |61686         |28.776449401145634 |6.51045e-51           |5.7754e-50             |CHUK,CDKN1A,CDK6,CDK2,SCARB1,SOCS3,CASP3,YWHAZ,YWHAG,TRAF6,TP53,TNF,BRAF,STAT3,CCND1,BAX,RB1,MAP2K1,MAPK1,PPP2R2A,PPP2CB,PPARA,PIK3R2,PIK3R1,PIK3CA,NRAS,NFKBIA,NFKB1,MYC,LDLR,KRAS,JAK1,IKBKB,HRAS,APAF1,GSK3B,TICAM1,AKT2,AKT1,EGFR,E2F3,E2F1,TBK1
Neurotrophin signaling pathway                               |hsa04722     |40         |823       |96        |61686         |31.23025516403402  |3.35121e-49           |2.87994e-48            |SH2B1,RPS6KA5,TRAF6,TP53,BRAF,SHC1,BDNF,RPS6KA3,BCL2,BAX,RAP1B,MAP2K1,MAPK9,MAPK8,MAPK7,MAPK1,PIK3R2,PIK3R1,PIK3CA,NTRK2,NTF3,NRAS,NFKBIB,NFKBIA,NFKB1,MAP3K5,ARHGDIA,RHOA,KRAS,IRS1,IRAK1,IKBKB,HRAS,GSK3B,FOXO3,AKT2,AKT1,MAPK14,CRKL,CRK
Viral carcinogenesis                                         |hsa05203     |44         |823       |132       |61686         |24.984204131227216 |7.7278e-49            |6.43984e-48            |CDKN2A,CDKN1B,CDKN1A,CDK6,CDK2,HDAC4,CREB5,CCNE1,CCND2,CCNA2,CCNE2,KAT2B,CASP3,YWHAZ,YWHAG,TP53,STAT5A,STAT3,SRC,CCND1,BAX,RBL2,RBL1,RB1,MAPK1,PRKACB,PMAIP1,PIK3R2,PIK3R1,PIK3CA,NRAS,NFKBIA,NFKB2,NFKB1,MDM2,RHOA,KRAS,JAK1,HRAS,HLA-G,HDAC2,EGR2,VAC14,CREB1
Alzheimer disease                                            |hsa05010     |48         |823       |173       |61686         |20.79610054853595  |8.64119e-49           |6.9892e-48             |BACE1,CHUK,DKK1,ADAM10,TUBB3,RB1CC1,CASP3,BECN1,IRS2,FZD7,CACNA1C,WNT10B,WNT1,UQCRFS1,TNF,BRAF,PTGS2,MAP2K1,MAPK9,MAPK8,MAPK1,PIK3R2,PIK3R1,PIK3CA,ATP2A2,NRAS,NFKB1,CYTB,MAP3K5,LRP6,KRAS,IRS1,APP,IL6,IL1A,IKBKB,APC,HRAS,APAF1,GSK3B,MTOR,AKT2,AKT1,DVL2,DVL1,ATG2B,NOX4,DKK2
Relaxin signaling pathway                                    |hsa04926     |39         |823       |92        |61686         |31.773390036452007 |2.28175e-48           |1.7928099999999999e-47 |ADCY9,ADCY6,CREB5,VEGFC,VEGFA,TGFBR2,TGFBR1,SRC,SHC1,MAP2K4,MAP2K1,MAPK9,MAPK8,MAPK1,PRKCZ,PRKACB,PIK3R2,PIK3R1,PIK3CA,NRAS,NOS3,NFKBIA,NFKB1,MMP13,MMP9,MMP2,SMAD2,KRAS,HRAS,GNAI2,FOS,AKT2,AKT1,EGFR,MAPK14,CREB1,COL3A1,COL1A2,COL1A1
Ras signaling pathway                                        |hsa04014     |47         |823       |166       |61686         |21.221522786162875 |2.9190599999999996e-48|2.2298399999999997e-47 |CHUK,RRAS2,RASSF1,GAB2,BRAP,VEGFC,VEGFA,TIAM1,SHC1,BDNF,BCL2L1,RASA1,RAP1B,MAP2K1,MAPK9,MAPK8,MAPK1,PRKACB,PLD1,PIK3R2,PIK3R1,PIK3CA,PDGFRA,PAK1,NTRK2,NTF3,NRAS,NFKB1,MET,RHOA,KRAS,KIT,KDR,IKBKB,IGF2,IGF1R,HRAS,ABL2,FLT1,FGFR3,FGF9,AKT2,AKT1,ETS1,EGFR,EFNA1,TBK1
TNF signaling pathway                                        |hsa04668     |40         |823       |101       |61686         |29.684202928190754 |4.19209e-48           |3.11574e-47            |CHUK,TAB2,CEBPB,CREB5,RPS6KA5,SOCS3,RPS6KA4,CASP3,VEGFC,TNFAIP3,TNF,MAP2K4,SELE,CX3CL1,BCL3,PTGS2,MAP2K3,MAP2K1,MAPK9,MAPK8,MAPK1,PIK3R2,PIK3R1,PIK3CA,NFKBIA,NFKB1,MMP14,MMP9,MMP3,MAP3K5,IL6,IKBKB,ICAM1,TAB3,FOS,AKT2,AKT1,JAG1,MAPK14,CREB1
Colorectal cancer                                            |hsa05210     |37         |823       |79        |61686         |35.10438808311672  |5.225819999999999e-48 |3.78184e-47            |CDKN1A,BCL2L11,CASP3,TP53,TGFBR2,TGFBR1,TGFB2,BRAF,RPS6KB1,BCL2,CCND1,BAX,MAP2K1,MAPK9,MAPK8,MAPK1,PMAIP1,PIK3R2,PIK3R1,PIK3CA,NRAS,MYC,SMAD4,SMAD2,RHOA,KRAS,BIRC5,APC,HRAS,GSK3B,MTOR,FOS,AKT2,AKT1,EGFR,TCF7L1,BBC3
Bladder cancer                                               |hsa05219     |30         |823       |41        |61686         |54.84337492220608  |9.26609e-48           |6.5337799999999995e-47 |DAPK2,RASSF1,CDKN2A,CDKN1A,CDH1,RPS6KA5,VEGFA,TP53,THBS1,BRAF,SRC,CCND1,RB1,MAP2K1,MAPK1,NRAS,MYC,MMP9,MMP2,MDM2,KRAS,CXCL8,HRAS,FGFR3,ERBB2,EGFR,E2F3,E2F1,DAPK3,DAPK1
Fluid shear stress and atherosclerosis                       |hsa05418     |40         |823       |106       |61686         |28.284004676861002 |4.46618e-47           |3.0705e-46             |CHUK,CDH5,KLF2,ACVR2B,KEAP1,ACVR1,CAV1,VEGFA,TP53,TNF,BMPR2,SRC,MAP2K4,SELE,SDC1,BCL2,PTK2,MAPK9,MAPK8,MAPK7,PRKCZ,PRKAA1,PIK3R2,PIK3R1,PIK3CA,NOS3,NFKB1,MMP9,MMP2,MAP3K5,RHOA,KDR,IL1A,IKBKB,ICAM1,FOS,AKT2,AKT1,DUSP1,MAPK14
Pathways of neurodegeneration - multiple diseases            |hsa05022     |51         |823       |223       |61686         |17.141628843398045 |4.585659999999999e-47 |3.07575e-46            |GABARAPL1,DKK1,TUBB3,MFN2,RB1CC1,CASP3,BECN1,FZD7,CACNA1C,WNT10B,WNT1,UQCRFS1,TNF,BRAF,BDNF,ATXN1,BCL2L1,BCL2,BAX,RAB1A,PTGS2,MAP2K3,MAP2K1,MAPK9,MAPK8,MAPK1,ATP2A2,NRAS,NFKB1,CYTB,MAP3K10,MAP3K5,LRP6,KRAS,APP,IL6,IL1A,APC,HRAS,APAF1,GSK3B,GRIA2,MTOR,DVL2,DVL1,PINK1,ATG2B,MAPK14,NOX4,TBK1,DKK2
Hippo signaling pathway                                      |hsa04390     |38         |823       |94        |61686         |30.299992244254287 |3.53676e-46           |2.3157399999999996e-45 |RASSF1,CDH1,YAP1,CCND2,BTRC,FZD7,YWHAZ,YWHAG,WNT10B,WNT1,TGFBR2,TGFBR1,TGFB2,STK3,BMPR2,BMP2,SNAI2,CCND1,PRKCZ,PPP2R2A,PPP2CB,SERPINE1,MYC,SMAD7,SMAD4,SMAD2,SMAD1,BIRC5,ID2,ID1,APC,GSK3B,TCF7L1,DVL2,DVL1,CCN2,BBC3,LATS2
EGFR tyrosine kinase inhibitor resistance                    |hsa01521     |35         |823       |73        |61686         |35.93618402436792  |6.0168799999999994e-46|3.76055e-45            |BCL2L11,VEGFA,BRAF,STAT3,SRC,SHC1,RPS6KB1,BCL2L1,BCL2,BAX,PTEN,MAP2K1,MAPK1,PIK3R2,PIK3R1,PIK3CA,PDGFRA,NRAS,MET,KRAS,KDR,JAK2,JAK1,IL6,IGF1R,HRAS,GSK3B,MTOR,FOXO3,FGFR3,AKT2,AKT1,ERBB2,EIF4E,EGFR
Small cell lung cancer                                       |hsa05222     |35         |823       |73        |61686         |35.93618402436792  |6.0168799999999994e-46|3.76055e-45            |CHUK,CDKN1B,CDKN1A,CDK6,CDK2,CCNE1,CCNE2,CASP3,TRAF6,TP53,BCL2L1,BCL2,CCND1,BAX,RB1,RARB,PTK2,PTGS2,PTEN,PIK3R2,PIK3R1,PIK3CA,NFKBIA,NFKB1,MYC,ITGB1,IKBKB,XIAP,APAF1,FN1,FHIT,AKT2,AKT1,E2F3,E2F1
Growth hormone synthesis, secretion and action               |hsa04935     |37         |823       |93        |61686         |29.819856543722807 |1.1209799999999999e-44|6.850410000000001e-44  |ADCY9,ADCY6,CREB5,SOCS3,IRS2,SOCS1,CACNA1C,STAT5A,STAT3,SHC1,MAP2K4,PTK2,MAP2K3,MAP2K1,MAPK9,MAPK8,MAPK1,PRKACB,PIK3R2,PIK3R1,PIK3CA,NRAS,KRAS,JAK2,IRS1,IGFBP3,HRAS,GSK3B,GNAI2,MTOR,FOS,AKT2,AKT1,MAPK14,CRKL,CRK,CREB1
Salmonella infection                                         |hsa05132     |43         |823       |150       |61686         |21.48641555285541  |1.63743e-44           |9.788969999999999e-44  |CHUK,TAB2,TUBB3,ROCK2,CASP3,TNFRSF10B,TNFSF10,TRAF6,TNF,TLR4,TLR2,MAP2K4,BCL2,BAX,MAP2K3,MAP2K1,MAPK9,MAPK8,MAPK1,PIK3CA,PFN1,PAK1,NFKBIA,NFKB1,NAIP,MYO6,MYC,RHOB,RHOA,KPNA4,IRAK1,CXCL8,IL6,IKBKB,HRAS,TAB3,FOS,AKT2,AKT1,TCF7L1,ARPC5L,ELMO2,MAPK14
Cell cycle                                                   |hsa04110     |35         |823       |84        |61686         |31.230255164034023 |3.34272e-43           |1.95585e-42            |CHEK2,CDKN2A,CDKN1C,CDKN1B,CDKN1A,CDK6,CDK2,CDC25C,CDC25B,CDC25A,CCNE1,CCND2,CCNA2,CCNE2,YWHAZ,YWHAG,WEE1,TP53,TGFB2,TFDP2,CCND1,RBL2,RBL1,RB1,RAD21,PLK1,ATM,MYC,MDM2,SMAD4,SMAD2,HDAC2,GSK3B,E2F3,E2F1
Rap1 signaling pathway                                       |hsa04015     |43         |823       |161       |61686         |20.01839958340566  |4.96655e-43           |2.8454199999999998e-42 |ADCY9,ADCY6,CDH1,VEGFC,VEGFA,VAV2,TIAM1,THBS1,BRAF,SRC,RAP1B,MAP2K3,MAP2K1,MAPK1,PRKCZ,PIK3R2,PIK3R1,PIK3CA,PFN1,PDGFRA,NRAS,MET,RHOA,KRAS,KIT,KDR,ITGB1,IGF1R,ID1,HRAS,GNAI2,FLT1,FGFR3,FGF9,AKT2,AKT1,EGFR,EFNA1,LPAR1,MAPK14,ADORA2B,CRKL,CRK
Regulation of actin cytoskeleton                             |hsa04810     |41         |823       |150       |61686         |20.487047387606317 |1.5216699999999999e-41|8.539989999999998e-41  |RRAS2,CFL2,ROCK2,CXCR4,EZR,VAV2,TIAM1,BRAF,SRC,CXCL12,ROCK1,PTK2,MAP2K1,MAPK1,PIK3R2,PIK3R1,PIK3CA,PFN1,PDGFRA,PAK1,NRAS,MYLK,MYH9,MSN,RHOA,LIMK1,KRAS,ITGB8,ITGB4,ITGB1,ITGA5,APC,HRAS,FN1,FGFR3,FGF9,EGFR,ARPC5L,LPAR1,CRKL,CRK
Non-small cell lung cancer                                   |hsa05223     |31         |823       |65        |61686         |35.7466305262174   |9.60828e-41           |5.28455e-40            |RASSF1,CDKN2A,CDKN1A,CDK6,TP53,BRAF,STAT5A,STAT3,CCND1,BAX,RET,RB1,RARB,MAP2K1,MAPK1,PIK3R2,PIK3R1,PIK3CA,NRAS,MET,KRAS,HRAS,ALK,FOXO3,FHIT,AKT2,AKT1,ERBB2,EGFR,E2F3,E2F1
Apoptosis                                                    |hsa04210     |36         |823       |105       |61686         |25.69803853497657  |1.0722799999999998e-40|5.78189e-40            |CHUK,BCL2L11,CASP3,TNFRSF10B,TNFSF10,TP53,TNF,BCL2L1,BCL2,BAX,PTPN13,MAP2K1,MAPK9,MAPK8,MAPK1,PMAIP1,PIK3R2,PIK3R1,PIK3CA,ATM,NRAS,NFKBIA,NFKB1,MAP3K5,MCL1,KRAS,IKBKB,BIRC5,XIAP,HRAS,APAF1,FOS,AKT2,AKT1,PARP1,BBC3
Sphingolipid signaling pathway                               |hsa04071     |33         |823       |81        |61686         |30.536249493722156 |2.1042299999999996e-40|1.11281e-39            |GAB2,ROCK2,TP53,TNF,BCL2,ROCK1,BAX,PTEN,MAP2K1,MAPK9,MAPK8,MAPK1,PRKCZ,PPP2R5E,PPP2R2A,PPP2CB,PLD1,PIK3R2,PIK3R1,PIK3CA,NRAS,NOS3,NFKB1,MAP3K5,RHOA,KRAS,HRAS,GNAI2,AKT2,AKT1,S1PR1,MAPK14,CERS2
ErbB signaling pathway                                       |hsa04012     |32         |823       |75        |61686         |31.979781287970834 |5.06594e-40           |2.6285599999999998e-39 |CDKN1B,CDKN1A,BTC,BRAF,STAT5A,SRC,SHC1,MAP2K4,RPS6KB1,PTK2,MAP2K1,MAPK9,MAPK8,MAPK1,PIK3R2,PIK3R1,PIK3CA,PAK1,NRAS,MYC,KRAS,HRAS,GSK3B,ABL2,MTOR,AKT2,AKT1,ERBB4,ERBB2,EGFR,CRKL,CRK
Melanoma                                                     |hsa05218     |29         |823       |56        |61686         |38.814745703870855 |1.37638e-39           |7.00935e-39            |CDKN2A,CDKN1A,CDK6,CDH1,TP53,BRAF,CCND1,BAX,RB1,PTEN,MAP2K1,MAPK1,PIK3R2,PIK3R1,PIK3CA,PDGFRA,NRAS,MITF,MET,MDM2,KRAS,IGF1R,HRAS,FGF9,AKT2,AKT1,EGFR,E2F3,E2F1
PD-L1 expression and PD-1 checkpoint pathway in cancer       |hsa05235     |32         |823       |77        |61686         |31.14913761815341  |1.4602399999999998e-39|7.301189999999999e-39  |CHUK,TRAF6,TLR4,TLR2,STAT3,RPS6KB1,PTEN,MAP2K3,MAP2K1,MAPK1,PIK3R2,PIK3R1,PIK3CA,NRAS,NFKBIB,NFKBIA,NFKB1,NFATC1,KRAS,JAK2,JAK1,IKBKB,HRAS,HIF1A,MTOR,ALK,FOS,TICAM1,AKT2,AKT1,EGFR,MAPK14
Prolactin signaling pathway                                  |hsa04917     |30         |823       |63        |61686         |35.691720187467446 |1.9164599999999998e-39|9.24607e-39            |SOCS5,CCND2,SOCS6,SOCS3,SOCS1,STAT5A,STAT3,SRC,SHC1,CCND1,MAP2K1,MAPK9,MAPK8,MAPK1,PIK3R2,PIK3R1,PIK3CA,NRAS,NFKB1,KRAS,JAK2,HRAS,GSK3B,FOS,FOXO3,AKT2,AKT1,ESR2,ESR1,MAPK14
TGF-beta signaling pathway                                   |hsa04350     |30         |823       |63        |61686         |35.691720187467446 |1.9164599999999998e-39|9.24607e-39            |BAMBI,ACVR2B,ACVR1,ZFYVE9,TNF,THBS1,TGIF1,TGFBR2,TGFBR1,TGFB2,BMPR2,SP1,BMP2,RPS6KB1,ROCK1,RBL1,MAPK1,PPP2CB,MYC,SMAD7,SMAD5,SMAD4,SMAD2,SMAD1,RHOA,ID4,ID2,ID1,TGIF2,SMURF1
Wnt signaling pathway                                        |hsa04310     |33         |823       |86        |61686         |28.76088615106389  |2.39875e-39           |1.1373399999999998e-38 |BAMBI,DAAM2,DKK1,ROCK2,CCND2,BTRC,FZD7,WNT10B,WNT1,TP53,SIAH1,SFRP4,CCND1,MAPK9,MAPK8,PRKACB,ROR1,NFATC1,MYC,MMP7,SMAD4,LRP6,RHOA,APC,GSK3B,ZNRF3,TCF7L1,DVL2,DVL1,SOX17,CTBP2,NLK,DKK2
Pathogenic Escherichia coli infection                        |hsa05130     |36         |823       |115       |61686         |23.463426488456864 |4.8958299999999996e-39|2.2819499999999998e-38 |CHUK,TAB2,TUBB3,ROCK2,CASP3,TNFRSF10B,TNFSF10,EZR,TRAF6,TNF,TLR4,SRC,ROCK1,BAX,RAB1A,MAPK9,MAPK8,MAPK1,PAK1,NFKBIB,NFKBIA,NFKB1,NAIP,MYO6,MYH9,RHOA,ITGB1,IRAK1,CXCL8,IL6,IKBKB,TAB3,FOS,ARPC5L,LPAR1,MAPK14
p53 signaling pathway                                        |hsa04115     |29         |823       |58        |61686         |37.476306196840824 |5.4651800000000003e-39|2.5048799999999997e-38 |CHEK2,CDKN2A,CDKN1A,CDK6,CDK2,SIVA1,CCNG1,CCNE1,CCND2,CCNE2,CASP3,TNFRSF10B,TP53,THBS1,SIAH1,BCL2L1,BCL2,CCND1,BAX,PTEN,PMAIP1,SERPINB5,SERPINE1,ATM,MDM4,MDM2,IGFBP3,APAF1,BBC3
Toxoplasmosis                                                |hsa05145     |32         |823       |80        |61686         |29.981044957472662 |6.68074e-39           |3.01181e-38            |CHUK,TAB2,CASP3,SOCS1,TRAF6,TNF,TLR4,TLR2,TGFB2,STAT3,BCL2L1,BCL2,MAP2K3,MAPK9,MAPK8,MAPK1,NFKBIB,NFKBIA,NFKB1,LDLR,JAK2,JAK1,ITGB1,IRAK1,IL10,IKBKB,XIAP,GNAI2,ALOX5,AKT2,AKT1,MAPK14
mTOR signaling pathway                                       |hsa04150     |33         |823       |89        |61686         |27.79141807855612  |9.465049999999999e-39 |4.1982099999999994e-38 |CHUK,FZD7,WNT10B,WNT1,TNF,BRAF,STK11,RPS6KB1,RPS6KA3,PTEN,MAP2K1,MAPK1,PRKAA1,PIK3R2,PIK3R1,PIK3CA,NRAS,LRP6,RHOA,KRAS,IRS1,IKBKB,IGF1R,HRAS,GSK3B,GRB10,MTOR,AKT2,AKT1,EIF4E,DVL2,DVL1,DDIT4
Cushing syndrome                                             |hsa04934     |35         |823       |109       |61686         |24.06735260347576  |1.95876e-38           |8.550139999999999e-38  |ADCY9,ADCY6,CDKN2A,CDKN1B,CDKN1A,CDK6,CDK2,SCARB1,CREB5,CCNE1,CCNE2,FZD7,CACNA1C,WNT10B,WNT1,BRAF,SP1,CCND1,RB1,RAP1B,MAP2K1,MAPK1,PRKACB,ARNT,LDLR,APC,GSK3B,GNAI2,EGFR,TCF7L1,E2F3,E2F1,DVL2,DVL1,CREB1
Insulin resistance                                           |hsa04931     |31         |823       |77        |61686         |30.17572706758612  |7.808319999999999e-38 |3.3551399999999995e-37 |CREB5,SOCS3,IRS2,TNF,STAT3,SLC2A4,RPS6KB1,RPS6KA3,PTEN,MAPK9,MAPK8,PRKCZ,PRKAA1,PTPA,PPARA,PIK3R2,PIK3R1,PIK3CA,NOS3,NFKBIA,NFKB1,IRS1,IL6,IKBKB,GSK3B,MTOR,FOXO1,AKT2,AKT1,TRIB3,CREB1
Chagas disease                                               |hsa05142     |32         |823       |87        |61686         |27.56877697238865  |1.7623e-37            |7.45588e-37            |CHUK,TRAF6,TNF,TLR4,TLR2,TGFBR2,TGFBR1,TGFB2,MAP2K4,MAPK9,MAPK8,MAPK1,PPP2R2A,PPP2CB,PIK3R2,PIK3R1,PIK3CA,SERPINE1,NFKBIA,NFKB1,SMAD2,IRAK1,IL10,CXCL8,IL6,IKBKB,GNAI2,FOS,TICAM1,AKT2,AKT1,MAPK14
cAMP signaling pathway                                       |hsa04024     |38         |823       |153       |61686         |18.615681509541847 |7.5904e-37            |3.16266e-36            |ADCY9,ADCY6,RRAS2,CREB5,ROCK2,CACNA1C,VAV2,TIAM1,BRAF,BDNF,ROCK1,RAP1B,MAP2K1,MAPK9,MAPK8,MAPK1,PRKACB,PPARA,PLD1,PIK3R2,PIK3R1,PIK3CA,ATP2A2,PAK1,NFKBIA,NFKB1,NFATC1,RHOA,HTR1B,HTR1A,GRIA2,GNAI2,FOS,AKT2,AKT1,EDNRA,ADRB1,CREB1
Longevity regulating pathway                                 |hsa04211     |30         |823       |74        |61686         |30.386194213654722 |9.100379999999999e-37 |3.73523e-36            |ADCY9,SIRT1,ADCY6,RB1CC1,CREB5,ATG5,IRS2,TP53,STK11,RPS6KB1,BAX,PRKACB,PRKAA1,PPARG,PIK3R2,PIK3R1,PIK3CA,NRAS,NFKB1,KRAS,IRS1,IGF1R,HRAS,MTOR,FOXO3,FOXO1,AKT2,AKT1,EIF4E,CREB1
HIF-1 signaling pathway                                      |hsa04066     |31         |823       |83        |61686         |27.994349207278688 |1.34286e-36           |5.4306999999999994e-36 |CDKN1B,CDKN1A,VHL,VEGFA,TLR4,TIMP1,TF,STAT3,RPS6KB1,BCL2,MAP2K1,MAPK1,PIK3R2,PIK3R1,PIK3CA,SERPINE1,NOS3,NFKB1,ARNT,IL6,IGF1R,HK2,HIF1A,MTOR,FLT1,AKT2,AKT1,EGLN3,ERBB2,EIF4E,EGFR
Apelin signaling pathway                                     |hsa04371     |33         |823       |102       |61686         |24.24937459795583  |1.94644e-36           |7.75753e-36            |GABARAPL1,ADCY9,ADCY6,RRAS2,CDH1,KLF2,HDAC4,BECN1,TGFBR1,SPP1,RPS6KB1,CCND1,MAP2K1,MAPK1,PRKACB,PRKAA1,SERPINE1,NRAS,NOTCH3,NOS3,MYLK,MEF2D,SMAD4,SMAD2,KRAS,HRAS,GNAI2,MTOR,AKT2,AKT1,EGR1,JAG1,CCN2
Osteoclast differentiation                                   |hsa04380     |33         |823       |105       |61686         |23.55653532372852  |5.892509999999999e-36 |2.3149199999999998e-35 |CHUK,TAB2,GAB2,SOCS3,SOCS1,TRAF6,TNF,TGFBR2,TGFBR1,TGFB2,MAP2K1,MAPK9,MAPK8,MAPK1,PPARG,PIK3R2,PIK3R1,PIK3CA,NFKBIA,NFKB2,NFKB1,NFATC1,MITF,JAK1,IL1A,IKBKB,FOS,SIRPA,AKT2,AKT1,CYLD,MAPK14,CREB1
Insulin signaling pathway                                    |hsa04910     |32         |823       |96        |61686         |24.984204131227212 |7.41225e-36           |2.87094e-35            |FLOT1,SOCS3,IRS2,SOCS1,BRAF,SLC2A4,SHC1,RPS6KB1,MAP2K1,MAPK9,MAPK8,MAPK1,PRKCZ,PRKACB,PRKAA1,PIK3R2,PIK3R1,PIK3CA,NRAS,KRAS,IRS1,IKBKB,HRAS,HK2,GSK3B,MTOR,FOXO1,AKT2,AKT1,EIF4E,CRKL,CRK
Axon guidance                                                |hsa04360     |31         |823       |92        |61686         |25.25577156743621  |6.01011e-35           |2.29553e-34            |CFL2,ROCK2,NRP1,CXCR4,BMPR2,SRC,CXCL12,ROCK1,RGS3,RASA1,PTK2,MAPK1,PRKCZ,PIK3R2,PIK3R1,PIK3CA,PAK1,NRAS,MET,RHOA,LIMK1,KRAS,ITGB1,HRAS,GSK3B,GNAI2,EFNA1,DPYSL2,LRRC4,SEMA6A,SEMA4C
Thyroid hormone signaling pathway                            |hsa04919     |30         |823       |84        |61686         |26.76879014060059  |9.263459999999999e-35 |3.4424999999999995e-34 |KAT2B,NCOA3,TP53,SRC,SLC16A2,CCND1,MAP2K1,MAPK1,PRKACB,PIK3R2,PIK3R1,PIK3CA,ATP2A2,NRAS,NOTCH3,NOTCH2,NOTCH1,MYC,MDM2,KRAS,HRAS,HIF1A,HDAC2,GSK3B,GATA4,MTOR,FOXO1,AKT2,AKT1,ESR1
Glioma                                                       |hsa05214     |27         |823       |60        |61686         |33.72867557715674  |9.140379999999999e-35 |3.44329e-34            |CDKN2A,CDKN1A,CDK6,TP53,BRAF,SHC1,CCND1,BAX,RB1,PTEN,MAP2K1,MAPK1,PIK3R2,PIK3R1,PIK3CA,PDGFRA,NRAS,MDM2,KRAS,IGF1R,HRAS,MTOR,AKT2,AKT1,EGFR,E2F3,E2F1
Estrogen signaling pathway                                   |hsa04915     |30         |823       |85        |61686         |26.453863197769994 |1.4137999999999998e-34|5.18395e-34            |ADCY9,ADCY6,CREB5,NCOA3,TFF1,SRC,SP1,SHC1,BCL2,MAP2K1,MAPK1,PRKACB,PIK3R2,PIK3R1,PIK3CA,NRAS,NOS3,MMP9,MMP2,KRAS,HRAS,GNAI2,FOS,FKBP5,AKT2,AKT1,ESR2,ESR1,EGFR,CREB1
C-type lectin receptor signaling pathway                     |hsa04625     |30         |823       |87        |61686         |25.84572841161436  |3.2319400000000003e-34|1.16945e-33            |CHUK,RRAS2,TNF,SRC,BCL3,PTGS2,MAPK9,MAPK8,MAPK1,PIK3R2,PIK3R1,PIK3CA,PAK1,NRAS,NFKBIA,NFKB2,NFKB1,NFATC1,MDM2,RHOA,KRAS,IL10,IL6,IKBKB,HRAS,AKT2,AKT1,EGR2,CYLD,MAPK14
NOD-like receptor signaling pathway                          |hsa04621     |33         |823       |120       |61686         |20.611968408262452 |8.776649999999999e-34 |3.13452e-33            |GABARAPL1,CHUK,TAB2,TXNIP,MFN2,ATG5,ATG12,TRAF6,TP53BP1,TNFAIP3,TNF,TLR4,BCL2L1,BCL2,MAPK9,MAPK8,MAPK1,NFKBIB,NFKBIA,NFKB1,NAIP,RHOA,JAK1,CXCL8,IL6,IKBKB,XIAP,TAB3,TICAM1,ERBIN,ATG16L1,MAPK14,TBK1
IL-17 signaling pathway                                      |hsa04657     |28         |823       |73        |61686         |28.74894721949433  |1.41398e-33           |4.9851899999999994e-33 |CHUK,TAB2,CEBPB,CASP3,TRAF6,TNFAIP3,TNF,CCL7,PTGS2,MAPK9,MAPK8,MAPK7,MAPK1,NFKBIA,NFKB1,MMP13,MMP9,MMP3,IL13,CXCL8,IL6,IKBKB,GSK3B,TAB3,FOS,MAPK14,USP25,TBK1
JAK-STAT signaling pathway                                   |hsa04630     |32         |823       |111       |61686         |21.607960329710025 |1.5489e-33            |5.391739999999999e-33  |CDKN1A,SOCS5,CCND2,SOCS6,SOCS3,SOCS1,STAT6,STAT5A,STAT4,STAT3,BCL2L1,BCL2,CCND1,PIK3R2,PIK3R1,PIK3CA,PDGFRA,MYC,MPL,MCL1,LEPR,JAK2,JAK1,IL13RA1,IL13,IL10,IL6,HRAS,MTOR,AKT2,AKT1,EGFR
Toll-like receptor signaling pathway                         |hsa04620     |29         |823       |83        |61686         |26.188262161647806 |2.5688899999999995e-33|8.830549999999998e-33  |CHUK,TAB2,TRAF6,TNF,TLR4,TLR2,SPP1,MAP2K4,MAP2K3,MAP2K1,MAPK9,MAPK8,MAPK1,PIK3R2,PIK3R1,PIK3CA,NFKBIA,NFKB1,IRAK1,CXCL8,IL6,IKBKB,FOS,TICAM1,AKT2,AKT1,TLR7,MAPK14,TBK1
Influenza A                                                  |hsa05164     |32         |823       |117       |61686         |20.499859799981305 |1.02747e-32           |3.48833e-32            |CHUK,ADAR,CDK6,SOCS3,CASP3,TNFRSF10B,TNFSF10,TNF,TLR4,BAX,DNAJC3,MAP2K1,MAPK1,PIK3R2,PIK3R1,PIK3CA,NFKBIB,NFKBIA,NFKB1,JAK2,JAK1,CXCL8,IL6,IL1A,IKBKB,ICAM1,APAF1,TICAM1,AKT2,AKT1,TLR7,TBK1
Platinum drug resistance                                     |hsa01524     |24         |823       |49        |61686         |36.7114836213951   |3.3486099999999997e-32|1.12301e-31            |CDKN2A,CDKN1A,CASP3,TP53,BRCA1,BCL2L1,BCL2,BAX,REV3L,MAPK1,PMAIP1,PIK3R2,PIK3R1,PIK3CA,ATM,MAP3K5,MDM2,BIRC5,XIAP,APAF1,AKT2,AKT1,ERBB2,BBC3
Non-alcoholic fatty liver disease                            |hsa04932     |27         |823       |72        |61686         |28.10722964763062  |4.20124e-32           |1.3919799999999999e-31 |BCL2L11,SOCS3,CASP3,IRS2,UQCRFS1,TNF,BAX,MAPK9,MAPK8,PRKAA1,PPARA,PIK3R2,PIK3R1,PIK3CA,NFKB1,CYTB,MAP3K5,LEPR,IRS1,CXCL8,IL6,IL1A,IKBKB,GSK3B,FOS,AKT2,AKT1
Herpes simplex virus 1 infection                             |hsa05168     |32         |823       |123       |61686         |19.49986663900661  |6.07608e-32           |1.98919e-31            |CHUK,TAB2,SOCS3,CASP3,TRAF6,TP53,TNF,TLR2,SRC,BCL2L1,BCL2,BAX,PIK3R2,PIK3R1,PIK3CA,NFKBIA,NFKB1,JAK2,JAK1,ITGA5,IRAK1,IL6,IKBKB,APAF1,HLA-G,PDIA3,MTOR,TICAM1,AKT2,AKT1,RBAK,TBK1
Progesterone-mediated oocyte maturation                      |hsa04914     |26         |823       |65        |61686         |29.981044957472662 |7.47346e-32           |2.41788e-31            |ADCY9,ADCY6,CDK2,CDC25C,CDC25B,CDC25A,CCNA2,BRAF,RPS6KA3,MAP2K1,MAPK9,MAPK8,MAPK1,PRKACB,PLK1,PIK3R2,PIK3R1,PIK3CA,KRAS,IGF1R,GNAI2,CPEB2,AKT2,AKT1,CPEB1,MAPK14
Endometrial cancer                                           |hsa05213     |24         |823       |51        |61686         |35.27181759702666  |1.18631e-31           |3.7934199999999997e-31 |CDKN1A,CDH1,TP53,BRAF,CCND1,BAX,PTEN,MAP2K1,MAPK1,PIK3R2,PIK3R1,PIK3CA,NRAS,MYC,KRAS,APC,HRAS,GSK3B,FOXO3,AKT2,AKT1,ERBB2,EGFR,TCF7L1
Renal cell carcinoma                                         |hsa05211     |25         |823       |62        |61686         |30.222827578097437 |8.706619999999999e-31 |2.75209e-30            |CDKN1A,VHL,VEGFA,TGFB2,BRAF,RAP1B,MAP2K1,MAPK1,PIK3R2,PIK3R1,PIK3CA,PAK1,NRAS,MET,ARNT,KRAS,HRAS,HIF1A,AKT2,AKT1,EGLN3,ETS1,EPAS1,CRKL,CRK
Central carbon metabolism in cancer                          |hsa05230     |24         |823       |55        |61686         |32.70659449906108  |1.22307e-30           |3.8221e-30             |TP53,RET,PTEN,MAP2K1,MAPK1,PIK3R2,PIK3R1,PIK3CA,PDGFRA,NRAS,MYC,MET,KRAS,KIT,IDH2,HRAS,HK2,HIF1A,MTOR,FGFR3,AKT2,AKT1,ERBB2,EGFR
Parathyroid hormone synthesis, secretion and action          |hsa04928     |27         |823       |83        |61686         |24.382175116016924 |3.9681499999999995e-30|1.2261099999999998e-29 |ADCY9,ADCY6,CDKN1A,MAFB,CREB5,RUNX2,GCM1,VDR,BRAF,SP1,BCL2,MAP2K1,MAPK1,PRKACB,PLD1,NR4A2,MMP16,MMP14,MMP13,MEF2D,LRP6,RHOA,GNAI2,FOS,EGR1,EGFR,CREB1
Mitophagy - animal                                           |hsa04137     |23         |823       |51        |61686         |33.80215853048388  |7.74159e-30           |2.3394899999999997e-29 |GABARAPL1,RRAS2,MFN2,ATG5,BECN1,TP53,BNIP3L,BNIP3,SRC,SP1,BCL2L1,MAPK9,MAPK8,NRAS,MITF,KRAS,HRAS,HIF1A,FOXO3,E2F1,PINK1,FIS1,TBK1
Longevity regulating pathway - multiple species              |hsa04213     |23         |823       |51        |61686         |33.80215853048388  |7.74159e-30           |2.3394899999999997e-29 |ADCY9,SIRT1,ADCY6,ATG5,IRS2,RPS6KB1,PRKACB,PRKAA1,PIK3R2,PIK3R1,PIK3CA,NRAS,KRAS,IRS1,IGF1R,HRAS,FOXA2,HDAC2,MTOR,FOXO3,FOXO1,AKT2,AKT1
AMPK signaling pathway                                       |hsa04152     |27         |823       |88        |61686         |22.996824257152326 |2.4544299999999998e-29|7.33661e-29            |SIRT1,CREB5,CCNA2,IRS2,STK11,SLC2A4,RPS6KB1,CCND1,PRKAA1,PPP2R5E,PPP2R2A,PPP2CB,PPARG,PIK3R2,PIK3R1,PIK3CA,LEPR,IRS1,IGF1R,HNF4A,MTOR,FOXO3,FOXO1,AKT2,AKT1,RAB14,CREB1
Coronavirus disease - COVID-19                               |hsa05171     |29         |823       |113       |61686         |19.235626189528922 |6.9485e-29            |2.0546599999999995e-28 |CHUK,TAB2,ADAR,NRP1,TRAF6,TNF,TLR4,TLR2,STAT3,MAPK9,MAPK8,MAPK1,PIK3R2,PIK3R1,PIK3CA,NFKBIB,NFKBIA,NFKB1,MMP3,JAK1,IRAK1,CXCL8,IL6,IKBKB,FOS,EGFR,TLR7,MAPK14,TBK1
Acute myeloid leukemia                                       |hsa05221     |24         |823       |64        |61686         |28.10722964763062  |1.10064e-28           |3.21997e-28            |CHUK,CCNA2,RUNX1,BRAF,STAT5A,STAT3,RPS6KB1,CCND1,MAP2K1,MAPK1,PIK3R2,PIK3R1,PIK3CA,NRAS,NFKB1,MYC,KRAS,KIT,IKBKB,HRAS,MTOR,AKT2,AKT1,TCF7L1
Tight junction                                               |hsa04530     |26         |823       |84        |61686         |23.199618121853845 |2.05422e-28           |5.94643e-28            |CD1C,ROCK2,RUNX1,YBX3,EZR,TIAM1,STK11,SRC,CCND1,ROCK1,RAB13,MAPK9,MAPK8,PRKCZ,PRKACB,PRKAA1,PPP2R2A,PPP2CB,MYH9,MSN,MAP3K5,RHOA,ITGB1,GATA4,ERBB2,ARPC5L
Endocytosis                                                  |hsa04144     |27         |823       |95        |61686         |21.302321417151628 |2.56279e-28           |7.34133e-28            |EPN2,VPS4B,ZFYVE9,CAV1,CXCR4,TSG101,TRAF6,TGFBR2,TGFBR1,SRC,PRKCZ,PLD1,PDGFRA,MDM2,SMAD2,RHOA,LDLR,ARF4,IGF1R,HRAS,HLA-G,FGFR3,EGFR,ARPC5L,RAB11FIP1,SMURF1,DAB2
NF-kappa B signaling pathway                                 |hsa04064     |26         |823       |87        |61686         |22.39963129006578  |5.82685e-28           |1.6519399999999997e-27 |CHUK,TAB2,UBE2I,TRAF6,TNFAIP3,TNF,TLR4,CXCL12,BCL2L1,BCL2,PTGS2,PLAU,ATM,NFKBIA,NFKB2,NFKB1,IRAK1,CXCL8,IKBKB,XIAP,ICAM1,TAB3,TICAM1,CYLD,PARP1,CARD10
T cell receptor signaling pathway                            |hsa04660     |26         |823       |89        |61686         |21.896268789165426 |1.1394499999999999e-27|3.1974499999999998e-27 |CHUK,VAV2,TNF,MAP2K1,MAPK9,MAPK8,MAPK1,PIK3R2,PIK3R1,PIK3CA,PAK1,NRAS,NFKBIB,NFKBIA,NFKB1,NFATC1,RHOA,KRAS,IL10,IKBKB,HRAS,GSK3B,FOS,AKT2,AKT1,MAPK14
Tuberculosis                                                 |hsa05152     |28         |823       |122       |61686         |17.202238910025297 |1.85999e-26           |5.1666499999999997e-26 |CORO1A,CEBPB,CASP3,VDR,TRAF6,TNF,TLR4,TLR2,TGFB2,SRC,BCL2,BAX,MAPK9,MAPK8,MAPK1,NFKB1,RHOA,JAK2,JAK1,IRAK1,IL10,IL6,IL1A,APAF1,AKT2,AKT1,MAPK14,CREB1
GnRH signaling pathway                                       |hsa04912     |23         |823       |69        |61686         |24.984204131227216 |3.77819e-26           |1.039e-25              |ADCY9,ADCY6,CACNA1C,SRC,MAP2K4,MAP2K3,MAP2K1,MAPK9,MAPK8,MAPK7,MAPK1,PRKACB,PLD1,NRAS,MMP14,MMP2,MAP3K4,KRAS,HRAS,PTK2B,EGR1,EGFR,MAPK14
Adipocytokine signaling pathway                              |hsa04920     |21         |823       |54        |61686         |29.14823815309842  |1.13892e-25           |3.1010100000000004e-25 |CHUK,SOCS3,IRS2,TNF,STK11,STAT3,SLC2A4,MAPK9,MAPK8,PRKAA1,PPARA,NFKBIB,NFKBIA,NFKB1,LEPR,JAK2,IRS1,IKBKB,MTOR,AKT2,AKT1
Th17 cell differentiation                                    |hsa04659     |24         |823       |84        |61686         |21.415032112480475 |2.1947600000000005e-25|5.91724e-25            |CHUK,RUNX1,TGFBR2,TGFBR1,STAT6,STAT5A,STAT3,MAPK9,MAPK8,MAPK1,NFKBIB,NFKBIA,NFKB1,NFATC1,SMAD4,SMAD2,JAK2,JAK1,IL6,IKBKB,HIF1A,MTOR,FOS,MAPK14
Huntington disease                                           |hsa05016     |25         |823       |97        |61686         |19.31768360661898  |3.85953e-25           |1.0304599999999998e-24 |TUBB3,RB1CC1,CREB5,CASP3,BECN1,UQCRFS1,TP53,SP1,SLC1A2,BDNF,BAX,REST,MAPK9,MAPK8,PPARG,CYTB,MAP3K10,MAP3K5,APAF1,HDAC2,GRIA2,MTOR,ATG2B,CREB1,BBC3
Th1 and Th2 cell differentiation                             |hsa04658     |22         |823       |67        |61686         |24.61130556210442  |6.643789999999999e-25 |1.75677e-24            |CHUK,RUNX3,STAT6,STAT5A,STAT4,MAPK9,MAPK8,MAPK1,NOTCH3,NOTCH2,NOTCH1,NFKBIB,NFKBIA,NFKB1,NFATC1,JAK2,JAK1,IL13,IKBKB,FOS,JAG1,MAPK14
Pertussis                                                    |hsa05133     |21         |823       |58        |61686         |27.13801483219508  |6.95987e-25           |1.8228200000000002e-24 |CFL2,CASP3,TRAF6,TNF,TLR4,MAPK9,MAPK8,MAPK1,NFKB1,RHOA,ITGB1,ITGA5,IRAK1,IL10,CXCL8,IL6,IL1A,GNAI2,FOS,TICAM1,MAPK14
Prion disease                                                |hsa05020     |25         |823       |101       |61686         |18.55262683011922  |1.1682600000000002e-24|3.03087e-24            |TUBB3,CREB5,CAV1,CASP3,CACNA1C,UQCRFS1,TNF,BAX,MAPK9,MAPK8,MAPK1,PRKACB,PIK3R2,PIK3R1,PIK3CA,NOTCH1,NCAM1,CYTB,IL6,IL1A,APAF1,GSK3B,EGR1,MAPK14,CREB1
Amyotrophic lateral sclerosis                                |hsa05014     |27         |823       |127       |61686         |15.934807359286651 |1.33028e-24           |3.4189500000000006e-24 |GABARAPL1,TUBB3,RB1CC1,CASP3,BECN1,UQCRFS1,TP53,TNF,SLC1A2,BCL2L1,BCL2,BAX,RAB1A,MAP2K3,PFN1,CYTB,MAP3K5,APAF1,ANG,GRIA2,MTOR,ERBB4,PINK1,ATG2B,MAPK14,UBQLN1,TBK1
Oxytocin signaling pathway                                   |hsa04921     |24         |823       |95        |61686         |18.93539681524589  |5.83223e-24           |1.4714399999999997e-23 |ADCY9,ADCY6,CDKN1A,ROCK2,CACNA1C,SRC,CCND1,ROCK1,PTGS2,MAP2K1,MAPK7,MAPK1,PRKACB,PRKAA1,NRAS,NOS3,NFATC1,MYLK,RHOA,KRAS,HRAS,GNAI2,FOS,EGFR
Platelet activation                                          |hsa04611     |24         |823       |95        |61686         |18.93539681524589  |5.83223e-24           |1.4714399999999997e-23 |ADCY9,ADCY6,ROCK2,SRC,ROCK1,RAP1B,MAPK1,PRKG1,PRKCZ,PRKACB,PIK3R2,PIK3R1,PIK3CA,NOS3,MYLK,RHOA,ITGB1,GNAI2,AKT2,AKT1,MAPK14,COL3A1,COL1A2,COL1A1
Phospholipase D signaling pathway                            |hsa04072     |25         |823       |108       |61686         |17.350141757796678 |7.1875e-24            |1.7968800000000003e-23 |ADCY9,ADCY6,RRAS2,GAB2,SHC1,MAP2K1,MAPK1,PLD1,PIK3R2,PIK3R1,PIK3CA,PDGFRA,NRAS,RHOA,KRAS,KIT,CXCL8,HRAS,GRM4,MTOR,AKT2,PTK2B,AKT1,EGFR,LPAR1
Cytokine-cytokine receptor interaction                       |hsa04060     |28         |823       |152       |61686         |13.807060177783463 |1.22457e-23           |3.0338299999999996e-23 |CCL26,ACVR2B,ACVR1,TNFRSF10B,TNFSF10,TNFSF12,CXCR4,TNF,TGFBR2,TGFBR1,TGFB2,BMPR2,BMP2,CXCL12,CX3CL1,CCL8,CCL7,CCL1,MPL,LEPR,IL13RA1,IL13,IL10,CXCL8,IL6,IL1A,ACKR3,TNFRSF12A
Fc epsilon RI signaling pathway                              |hsa04664     |20         |823       |56        |61686         |26.76879014060059  |1.27258e-23           |3.12465e-23            |GAB2,VAV2,TNF,MAP2K4,MAP2K3,MAP2K1,MAPK9,MAPK8,MAPK1,PIK3R2,PIK3R1,PIK3CA,NRAS,KRAS,IL13,HRAS,ALOX5,AKT2,AKT1,MAPK14
B cell receptor signaling pathway                            |hsa04662     |20         |823       |61        |61686         |24.574627014321855 |9.4917e-23            |2.30993e-22            |CHUK,CD22,VAV2,MAP2K1,MAPK1,PIK3R2,PIK3R1,PIK3CA,NRAS,NFKBIB,NFKBIA,NFKB1,NFATC1,KRAS,IKBKB,HRAS,GSK3B,FOS,AKT2,AKT1
Leukocyte transendothelial migration                         |hsa04670     |21         |823       |74        |61686         |21.270335949558305 |2.5824400000000005e-22|6.229580000000001e-22  |CDH5,ROCK2,CXCR4,EZR,VAV2,CXCL12,ROCK1,RAP1B,PTK2,PIK3R2,PIK3R1,PIK3CA,MSN,MMP9,MMP2,RHOA,ITGB1,ICAM1,GNAI2,PTK2B,MAPK14
Calcium signaling pathway                                    |hsa04020     |27         |823       |155       |61686         |13.056261513738093 |3.60403e-22           |8.61833e-22            |ADCY9,CCKBR,CACNA1C,CXCR4,VEGFC,VEGFA,RET,PRKACB,ATP2A2,PDGFRA,P2RX5,NTRK2,NOS3,MYLK,MET,KDR,GDNF,FLT1,FGFR3,FGF9,PTK2B,ERBB4,ERBB2,EGFR,EDNRA,ADRB1,ADORA2B
Choline metabolism in cancer                                 |hsa05231     |20         |823       |65        |61686         |23.06234227497897  |4.10318e-22           |9.727369999999998e-22  |SP1,RPS6KB1,MAP2K1,MAPK9,MAPK8,MAPK1,PLD1,PIK3R2,PIK3R1,PIK3CA,PDGFRA,NRAS,KRAS,HRAS,HIF1A,MTOR,FOS,AKT2,AKT1,EGFR
Necroptosis                                                  |hsa04217     |22         |823       |87        |61686         |18.953534168517198 |4.33735e-22           |1.0194600000000001e-21 |VPS4B,TNFRSF10B,TNFSF10,TNFAIP3,TNF,TLR4,STAT6,STAT5A,STAT4,STAT3,BCL2,BAX,MAPK9,MAPK8,JAK2,JAK1,IL1A,XIAP,HMGB1,TICAM1,CYLD,PARP1
cGMP-PKG signaling pathway                                   |hsa04022     |24         |823       |115       |61686         |15.64228432563791  |8.0888e-22            |1.8851e-21             |ADCY9,ADCY6,CREB5,ROCK2,IRS2,CACNA1C,ROCK1,MAP2K1,MAPK1,PRKG1,ATP2A2,NOS3,NFATC1,MYLK,MEF2D,RHOA,IRS1,GNAI2,GATA4,AKT2,AKT1,EDNRA,ADRB1,CREB1
Thyroid cancer                                               |hsa05216     |16         |823       |33        |61686         |36.34066055451231  |8.242449999999999e-22 |1.9047700000000002e-21 |CDKN1A,CDH1,PAX8,TP53,BRAF,CCND1,BAX,RET,MAP2K1,MAPK1,PPARG,NRAS,MYC,KRAS,HRAS,TCF7L1
Natural killer cell mediated cytotoxicity                    |hsa04650     |21         |823       |80        |61686         |19.675060753341434 |1.598e-21             |3.66209e-21            |CASP3,TNFRSF10B,TNFSF10,VAV2,TNF,BRAF,SHC1,MAP2K1,MAPK1,PIK3R2,PIK3R1,PIK3CA,PAK1,NRAS,NFATC1,KRAS,ICAM1,HRAS,HLA-G,PTK2B,ULBP2
Leishmaniasis                                                |hsa05140     |19         |823       |59        |61686         |24.137281957287314 |1.6526500000000002e-21|3.75602e-21            |TAB2,TRAF6,TNF,TLR4,TLR2,TGFB2,PTGS2,MAPK1,NFKBIB,NFKBIA,NFKB1,JAK2,JAK1,ITGB1,IRAK1,IL10,IL1A,FOS,MAPK14
Oocyte meiosis                                               |hsa04114     |20         |823       |70        |61686         |21.41503211248047  |2.20218e-21           |4.96392e-21            |ADCY9,ADCY6,CDK2,CDC25C,CCNE1,CCNE2,BTRC,YWHAZ,YWHAG,RPS6KA3,MAP2K1,MAPK1,PRKACB,PPP2R5E,PPP2CB,PLK1,IGF1R,CPEB2,CPEB1,MAPK14
Melanogenesis                                                |hsa04916     |19         |823       |60        |61686         |23.734993924665858 |2.38858e-21           |5.340310000000001e-21  |ADCY9,ADCY6,FZD7,WNT10B,WNT1,MAP2K1,MAPK1,PRKACB,NRAS,MITF,KRAS,KIT,HRAS,GSK3B,GNAI2,TCF7L1,DVL2,DVL1,CREB1
Type II diabetes mellitus                                    |hsa04930     |17         |823       |43        |61686         |29.632428155641584 |3.48004e-21           |7.717829999999999e-21  |SOCS3,IRS2,SOCS1,CACNA1C,TNF,SLC2A4,MAPK9,MAPK8,MAPK1,PRKCZ,PIK3R2,PIK3R1,PIK3CA,IRS1,IKBKB,HK2,MTOR
VEGF signaling pathway                                       |hsa04370     |17         |823       |46        |61686         |27.699878493317136 |1.3928899999999998e-20|3.0643499999999996e-20 |VEGFA,SRC,PTK2,PTGS2,MAP2K1,MAPK1,PIK3R2,PIK3R1,PIK3CA,NRAS,NOS3,KRAS,KDR,HRAS,AKT2,AKT1,MAPK14
Cholinergic synapse                                          |hsa04725     |20         |823       |78        |61686         |19.218618562482476 |2.4380099999999997e-20|5.3210599999999997e-20 |ADCY9,ADCY6,CREB5,CACNA1C,BCL2,MAP2K1,MAPK1,PRKACB,PIK3R2,PIK3R1,PIK3CA,NRAS,KRAS,JAK2,HRAS,GNAI2,FOS,AKT2,AKT1,CREB1
Thermogenesis                                                |hsa04714     |20         |823       |79        |61686         |18.975344909792824 |3.22401e-20           |6.98112e-20            |ADCY9,ADCY6,CREB5,UQCRFS1,SMARCD3,RPS6KB1,RPS6KA3,MAP2K3,PRKG1,PRKACB,PRKAA1,PPARG,NRAS,CYTB,MAP3K5,KRAS,HRAS,MTOR,MAPK14,CREB1
Amoebiasis                                                   |hsa05146     |19         |823       |68        |61686         |20.94264169823458  |3.543869999999999e-20 |7.61377e-20            |CD1C,CASP3,TNF,TLR4,TLR2,TGFB2,PTK2,PRKACB,PIK3R2,PIK3R1,PIK3CA,NFKB1,IL10,CXCL8,IL6,FN1,COL3A1,COL1A2,COL1A1
Bacterial invasion of epithelial cells                       |hsa05100     |17         |823       |49        |61686         |26.00396756515486  |4.9847900000000003e-20|1.0626500000000001e-19 |CDH1,CAV1,SRC,SHC1,PTK2,PIK3R2,PIK3R1,PIK3CA,MET,RHOA,ITGB1,ITGA5,FN1,ARPC5L,ELMO2,CRKL,CRK
Gap junction                                                 |hsa04540     |18         |823       |62        |61686         |21.760435856230156 |1.5954000000000002e-19|3.3748799999999997e-19 |ADCY9,ADCY6,TUBB3,SRC,MAP2K1,MAPK7,MAPK1,PRKG1,PRKACB,PDGFRA,NRAS,KRAS,HRAS,GNAI2,GJA1,EGFR,LPAR1,ADRB1
Serotonergic synapse                                         |hsa04726     |19         |823       |74        |61686         |19.244589668647993 |2.1015800000000001e-19|4.41172e-19            |CASP3,CACNA1C,BRAF,SLC6A4,PTGS2,MAP2K1,MAPK1,PRKACB,NRAS,KRAS,APP,HTR1B,HTR1A,HRAS,GNAI2,ALOX5,DUSP1,CYP2C9,CYP2C8
Adherens junction                                            |hsa04520     |17         |823       |57        |61686         |22.354287906887514 |9.69832e-19           |2.02048e-18            |CDH1,YES1,TGFBR2,TGFBR1,SRC,SNAI1,SNAI2,MAPK1,MET,SMAD4,RHOA,IGF1R,SSX2IP,ERBB2,EGFR,TCF7L1,NLK
Fc gamma R-mediated phagocytosis                             |hsa04666     |18         |823       |69        |61686         |19.55285540704739  |1.36283e-18           |2.81788e-18            |CFL2,GAB2,VAV2,RPS6KB1,MAP2K1,MAPK1,PLD1,PIK3R2,PIK3R1,PIK3CA,PAK1,MARCKS,LIMK1,AKT2,AKT1,ARPC5L,CRKL,CRK
RIG-I-like receptor signaling pathway                        |hsa04622     |16         |823       |49        |61686         |24.474322414263394 |1.94002e-18           |3.98139e-18            |CHUK,ATG5,ATG12,TRAF6,TNF,MAPK9,MAPK8,PIN1,NFKBIB,NFKBIA,NFKB1,CXCL8,IKBKB,CYLD,MAPK14,TBK1
Adrenergic signaling in cardiomyocytes                       |hsa04261     |18         |823       |79        |61686         |17.07781041881354  |1.92279e-17           |3.91679e-17            |ADCY9,ADCY6,CREB5,RPS6KA5,CACNA1C,BCL2,MAPK1,PRKACB,PPP2R5E,PPP2R2A,PPP2CB,ATP2A2,GNAI2,AKT2,AKT1,ADRB1,MAPK14,CREB1
Epithelial cell signaling in Helicobacter pylori infection   |hsa05120     |15         |823       |46        |61686         |24.441069258809236 |2.32244e-17           |4.6961099999999996e-17 |CHUK,ADAM10,CASP3,SRC,MAP2K4,MAPK9,MAPK8,PAK1,NFKBIA,NFKB1,MET,CXCL8,IKBKB,EGFR,MAPK14
Apoptosis - multiple species                                 |hsa04215     |13         |823       |30        |61686         |32.47946537059538  |3.75581e-17           |7.53903e-17            |BCL2L11,CASP3,BECN1,BCL2L1,BCL2,BAX,MAPK9,MAPK8,PMAIP1,BIRC5,XIAP,APAF1,BBC3
Ubiquitin mediated proteolysis                               |hsa04120     |16         |823       |65        |61686         |18.449873819983175 |3.08038e-16           |6.138430000000001e-16  |UBE2C,KEAP1,SOCS3,BTRC,SOCS1,CUL5,VHL,UBE2I,TRAF6,BRCA1,SIAH1,MDM2,XIAP,UBE2F,SMURF1,FBXW7
Spinocerebellar ataxia                                       |hsa05017     |17         |823       |81        |61686         |15.730795193735657 |6.62368e-16           |1.31044e-15            |RB1CC1,BECN1,VLDLR,SP1,ATXN1,MAPK9,MAPK8,PIK3R2,PIK3R1,PIK3CA,ATP2A2,MAP3K5,GRIA2,MTOR,AKT2,AKT1,ATG2B
Dopaminergic synapse                                         |hsa04728     |17         |823       |82        |61686         |15.538956227958392 |8.25305e-16           |1.6211300000000002e-15 |CREB5,CLOCK,CACNA1C,MAPK9,MAPK8,PRKACB,PPP2R5E,PPP2R2A,PPP2CB,GSK3B,GRIA2,GNAI2,FOS,AKT2,AKT1,MAPK14,CREB1
Alcoholism                                                   |hsa05034     |16         |823       |72        |61686         |16.65613608748481  |1.7942799999999996e-15|3.49948e-15            |HDAC4,CREB5,BRAF,SHC1,BDNF,MAP2K1,MAPK1,PRKACB,NTRK2,NRAS,KRAS,HRAS,HDAC2,GNAI2,ADORA2B,CREB1
Inflammatory bowel disease                                   |hsa05321     |14         |823       |50        |61686         |20.98673147023086  |3.055e-15             |5.875e-15              |TNF,TLR4,TLR2,TGFB2,STAT6,STAT4,STAT3,NFKB1,NFATC1,SMAD2,IL13,IL10,IL6,IL1A
Regulation of lipolysis in adipocytes                        |hsa04923     |14         |823       |50        |61686         |20.98673147023086  |3.055e-15             |5.875e-15              |ADCY9,ADCY6,IRS2,PTGS2,PRKG1,PRKACB,PIK3R2,PIK3R1,PIK3CA,IRS1,GNAI2,AKT2,AKT1,ADRB1
Neutrophil extracellular trap formation                      |hsa04613     |17         |823       |89        |61686         |14.316791131377396 |3.5393300000000003e-15|6.75914e-15            |HDAC4,TLR4,TLR2,SRC,MAP2K1,MAPK1,PIK3R2,PIK3R1,PIK3CA,NFKB1,HMGB1,HDAC2,MTOR,AKT2,AKT1,TLR7,MAPK14
Malaria                                                      |hsa05144     |13         |823       |41        |61686         |23.765462466289303 |4.8288499999999996e-15|9.15817e-15            |TNF,TLR4,TLR2,THBS2,THBS1,TGFB2,SELE,SDC1,MET,IL10,CXCL8,IL6,ICAM1
Parkinson disease                                            |hsa05012     |16         |823       |79        |61686         |15.180275927834257 |8.62096e-15           |1.62381e-14            |TUBB3,MFN2,CASP3,UQCRFS1,TP53,BCL2L1,BAX,MAPK9,MAPK8,PRKACB,CYTB,MAP3K5,APAF1,GNAI2,DUSP1,PINK1
Legionellosis                                                |hsa05134     |13         |823       |43        |61686         |22.66009211902003  |9.78137e-15           |1.82985e-14            |CASP3,TNF,TLR4,TLR2,BNIP3,RAB1A,NFKBIA,NFKB2,NFKB1,NAIP,CXCL8,IL6,APAF1
Viral protein interaction with cytokine and cytokine receptor|hsa04061     |14         |823       |56        |61686         |18.738153098420412 |1.75636e-14           |3.26351e-14            |CCL26,TNFRSF10B,TNFSF10,CXCR4,TNF,CXCL12,CX3CL1,CCL8,CCL7,CCL1,IL10,CXCL8,IL6,ACKR3
ECM-receptor interaction                                     |hsa04512     |13         |823       |45        |61686         |21.652976913730253 |1.9050700000000002e-14|3.51607e-14            |CD44,THBS2,THBS1,SPP1,SDC1,ITGB8,ITGB4,ITGB1,ITGA5,TNC,FN1,COL1A2,COL1A1
Basal cell carcinoma                                         |hsa05217     |12         |823       |36        |61686         |24.98420413122722  |2.7435900000000004e-14|5.0299199999999997e-14 |CDKN1A,FZD7,WNT10B,WNT1,TP53,BMP2,BAX,APC,GSK3B,TCF7L1,DVL2,DVL1
Cell adhesion molecules                                      |hsa04514     |14         |823       |58        |61686         |18.09200988813005  |2.99443e-14           |5.4534400000000005e-14 |CADM1,CDH5,CDH1,CD22,SELE,SDC1,NCAM1,ITGB8,ITGB1,ICAM1,HLA-G,ALCAM,LRRC4,VCAN
GnRH secretion                                               |hsa04929     |13         |823       |51        |61686         |19.105567865056106 |1.15472e-13           |2.08913e-13            |CACNA1C,SPP1,MAP2K1,MAPK1,PIK3R2,PIK3R1,PIK3CA,NRAS,KRAS,HRAS,AKT2,AKT1,ESR2
Vascular smooth muscle contraction                           |hsa04270     |15         |823       |81        |61686         |13.880113406237342 |2.39991e-13           |4.3135600000000006e-13 |ADCY9,ADCY6,ROCK2,CACNA1C,BRAF,ROCK1,MAP2K1,MAPK1,PRKG1,PRKACB,MYLK,MYH9,RHOA,EDNRA,ADORA2B
Notch signaling pathway                                      |hsa04330     |11         |823       |33        |61686         |24.984204131227216 |3.30693e-13           |5.905229999999999e-13  |NCOR2,KAT2B,ATXN1,NOTCH3,NOTCH2,NOTCH1,HDAC2,JAG1,DVL2,DVL1,CTBP2
Rheumatoid arthritis                                         |hsa05323     |13         |823       |57        |61686         |17.094455458208095 |5.51553e-13           |9.78561e-13            |VEGFA,TNF,TLR4,TLR2,TGFB2,CXCL12,MMP3,CXCL8,IL6,IL1A,ICAM1,FOS,FLT1
Metabolic pathways                                           |hsa01100     |33         |823       |550       |61686         |4.4971567436208995 |1.28515e-12           |2.2654900000000003e-12 |ADCY9,SIRT1,ADCY6,AANAT,MTMR3,CA2,UQCRFS1,MSMO1,PTGS2,PTEN,PLD1,PIK3CA,NOS3,CYTB,MAT2A,IMPDH1,IDH2,NDST1,HK2,ALOX5,FHIT,EZH2,DPYD,DNMT3B,DNMT3A,DNMT1,DHFR,CYP19A1,CYP3A4,CYP2C9,CYP2C8,CYP2B6,CERS2
Long-term potentiation                                       |hsa04720     |11         |823       |45        |61686         |18.321749696233294 |1.49969e-11           |2.62684e-11            |CACNA1C,BRAF,RPS6KA3,RAP1B,MAP2K1,MAPK1,PRKACB,NRAS,KRAS,HRAS,GRIA2
Long-term depression                                         |hsa04730     |11         |823       |46        |61686         |17.92345078979344  |1.94729e-11           |3.38927e-11            |BRAF,MAP2K1,MAPK1,PRKG1,PPP2CB,NRAS,KRAS,IGF1R,HRAS,GRIA2,GNAI2
Dilated cardiomyopathy                                       |hsa05414     |12         |823       |60        |61686         |14.99052247873633  |2.28948e-11           |3.9598e-11             |ADCY9,ADCY6,CACNA1C,TNF,TGFB2,PRKACB,ATP2A2,ITGB8,ITGB4,ITGB1,ITGA5,ADRB1
Ovarian steroidogenesis                                      |hsa04913     |10         |823       |39        |61686         |19.218618562482476 |7.59005e-11           |1.30454e-10            |ADCY9,ADCY6,SCARB1,PTGS2,PRKACB,LDLR,IGF1R,ALOX5,CYP19A1,CYP1B1
Circadian entrainment                                        |hsa04713     |12         |823       |67        |61686         |13.424348488420593 |9.01009e-11           |1.53899e-10            |ADCY9,ADCY6,RPS6KA5,CACNA1C,MAPK1,PRKG1,PRKACB,PER1,GRIA2,GNAI2,FOS,CREB1
Autophagy - other                                            |hsa04136     |8          |823       |23        |61686         |26.070473876063183 |3.98714e-10           |6.768289999999999e-10  |GABARAPL1,ATG5,ATG12,BECN1,PPP2CB,MTOR,ATG2B,ATG16L1
Retrograde endocannabinoid signaling                         |hsa04723     |11         |823       |64        |61686         |12.882480255164035 |8.729199999999999e-10 |1.47272e-09            |ADCY9,ADCY6,CACNA1C,PTGS2,MAPK9,MAPK8,MAPK1,PRKACB,GRIA2,GNAI2,MAPK14
Inflammatory mediator regulation of TRP channels             |hsa04750     |11         |823       |65        |61686         |12.684288251238433 |1.0381099999999998e-09|1.74073e-09            |ADCY9,ADCY6,SRC,MAP2K3,MAPK9,MAPK8,PRKACB,PIK3R2,PIK3R1,PIK3CA,MAPK14
Hippo signaling pathway - multiple species                   |hsa04392     |6          |823       |10        |61686         |44.97156743620899  |1.11133e-09           |1.85221e-09            |RASSF1,YAP1,RASSF2,STK3,PAK1,LATS2
Hypertrophic cardiomyopathy                                  |hsa05410     |10         |823       |51        |61686         |14.696590665427776 |1.3206300000000002e-09|2.1877800000000005e-09 |CACNA1C,TNF,TGFB2,PRKAA1,ATP2A2,ITGB8,ITGB4,ITGB1,ITGA5,IL6
Hedgehog signaling pathway                                   |hsa04340     |8          |823       |28        |61686         |21.415032112480468 |2.3827899999999998e-09|3.92376e-09            |CCND2,BTRC,BCL2,CCND1,PRKACB,GSK3B,GAS1,SMURF1
Arrhythmogenic right ventricular cardiomyopathy              |hsa05412     |9          |823       |41        |61686         |16.453012476661826 |3.06778e-09           |5.02166e-09            |CACNA1C,ATP2A2,ITGB8,ITGB4,ITGB1,ITGA5,GJA1,TCF7L1,DSC2
Glutamatergic synapse                                        |hsa04724     |11         |823       |72        |61686         |11.451093560145809 |3.2208200000000005e-09|5.24097e-09            |ADCY9,ADCY6,CACNA1C,SLC1A2,SLC1A1,MAPK1,PRKACB,PLD1,GRM4,GRIA2,GNAI2
Aldosterone synthesis and secretion                          |hsa04925     |10         |823       |62        |61686         |12.089131031238976 |9.737749999999999e-09 |1.5752200000000002e-08 |ADCY9,ADCY6,SCARB1,CREB5,CACNA1C,PRKACB,NR4A2,ATF1,LDLR,CREB1
Cytosolic DNA-sensing pathway                                |hsa04623     |8          |823       |34        |61686         |17.63590879851333  |1.29695e-08           |2.0857399999999998e-08 |CHUK,ADAR,NFKBIB,NFKBIA,NFKB1,IL6,IKBKB,TBK1
Bile secretion                                               |hsa04976     |9          |823       |50        |61686         |13.491470230862697 |1.97104e-08           |3.13316e-08            |ADCY9,ADCY6,SCARB1,NR1H4,NR0B2,CA2,PRKACB,LDLR,CYP3A4
Cortisol synthesis and secretion                             |hsa04927     |9          |823       |50        |61686         |13.491470230862697 |1.97104e-08           |3.13316e-08            |ADCY9,ADCY6,SCARB1,CREB5,CACNA1C,SP1,PRKACB,LDLR,CREB1
Aldosterone-regulated sodium reabsorption                    |hsa04960     |7          |823       |26        |61686         |20.179549490606597 |3.86987e-08           |6.11617e-08            |MAPK1,PIK3R2,PIK3R1,PIK3CA,NR3C2,KRAS,IRS1
Glucagon signaling pathway                                   |hsa04922     |9          |823       |54        |61686         |12.492102065613608 |3.9893e-08            |6.2689e-08             |SIRT1,CREB5,PRKACB,PRKAA1,PPARA,FOXO1,AKT2,AKT1,CREB1
Protein processing in endoplasmic reticulum                  |hsa04141     |9          |823       |59        |61686         |11.433449348188727 |8.88239e-08           |1.38787e-07            |SEC23A,BCL2,BAX,DNAJC3,MAPK9,MAPK8,MAP3K5,PDIA3,UBQLN1
Phagosome                                                    |hsa04145     |10         |823       |78        |61686         |9.609309281241238  |9.406989999999999e-08 |1.46154e-07            |CORO1A,TUBB3,SCARB1,TLR4,TLR2,THBS2,THBS1,ITGB1,ITGA5,HLA-G
Gastric acid secretion                                       |hsa04971     |8          |823       |44        |61686         |13.627747707942119 |1.12551e-07           |1.73884e-07            |ADCY9,ADCY6,CCKBR,CA2,EZR,PRKACB,MYLK,GNAI2
Amphetamine addiction                                        |hsa05031     |8          |823       |46        |61686         |13.035236938031591 |1.6185400000000001e-07|2.48658e-07            |SIRT1,CREB5,CACNA1C,PRKACB,HDAC2,GRIA2,FOS,CREB1
Carbohydrate digestion and absorption                        |hsa04973     |6          |823       |23        |61686         |19.55285540704739  |4.6067799999999996e-07|7.03813e-07            |PIK3R2,PIK3R1,PIK3CA,HK2,AKT2,AKT1
Cocaine addiction                                            |hsa05030     |7          |823       |38        |61686         |13.807060177783463 |6.460309999999999e-07 |9.81538e-07            |CREB5,BDNF,PRKACB,NFKB1,GRIA2,GNAI2,CREB1
Homologous recombination                                     |hsa03440     |5          |823       |14        |61686         |26.76879014060059  |7.56712e-07           |1.14338e-06            |BRCA2,BRCA1,BARD1,RAD51,ATM
Vasopressin-regulated water reabsorption                     |hsa04962     |6          |823       |25        |61686         |17.988626974483594 |7.900310000000001e-07 |1.18075e-06            |ADCY9,ADCY6,CREB5,PRKACB,ARHGDIA,CREB1
Antifolate resistance                                        |hsa01523     |6          |823       |25        |61686         |17.988626974483594 |7.900310000000001e-07 |1.18075e-06            |CHUK,TNF,NFKB1,IL6,IKBKB,DHFR
Neuroactive ligand-receptor interaction                      |hsa04080     |12         |823       |152       |61686         |5.917311504764341  |1.08911e-06           |1.6189500000000002e-06 |CCKBR,P2RX5,LEPR,HTR1B,HTR1A,GRM4,GRIA2,EDNRA,LPAR1,S1PR1,ADRB1,ADORA2B
Thyroid hormone synthesis                                    |hsa04918     |7          |823       |42        |61686         |12.49210206561361  |1.3185299999999997e-06|1.94944e-06            |ADCY9,ADCY6,CREB5,PAX8,SLC5A5,PRKACB,CREB1
Hematopoietic cell lineage                                   |hsa04640     |8          |823       |65        |61686         |9.224936909991587  |2.50505e-06           |3.6643099999999996e-06 |CD44,CD22,CD1C,TNF,KIT,ITGA5,IL6,IL1A
Renin secretion                                              |hsa04924     |7          |823       |46        |61686         |11.405832320777643 |2.49767e-06           |3.67305e-06            |ADCY6,CACNA1C,PRKACB,GNAI2,EDNRA,ADRB1,CREB1
Taste transduction                                           |hsa04742     |6          |823       |31        |61686         |14.50695723748677  |3.0680599999999996e-06|4.44061e-06            |ADCY6,CACNA1C,PRKACB,HTR1B,HTR1A,GRM4
Chemical carcinogenesis                                      |hsa05204     |6          |823       |31        |61686         |14.50695723748677  |3.0680599999999996e-06|4.44061e-06            |PTGS2,ARNT,CYP3A4,CYP2C9,CYP2C8,CYP1B1
Fanconi anemia pathway                                       |hsa03460     |5          |823       |18        |61686         |20.820170109356017 |3.0981599999999996e-06|4.4607e-06             |BRCA2,BRCA1,REV3L,RAD51,REV1
Circadian rhythm                                             |hsa04710     |5          |823       |19        |61686         |19.724371682547805 |4.15837e-06           |5.95599e-06            |CLOCK,BTRC,PRKAA1,PER1,CREB1
GABAergic synapse                                            |hsa04727     |7          |823       |51        |61686         |10.287613465799442 |5.09917e-06           |7.26566e-06            |GABARAPL1,ADCY9,ADCY6,CACNA1C,SRC,PRKACB,GNAI2
Viral myocarditis                                            |hsa05416     |6          |823       |35        |61686         |12.849019267488282 |6.46351e-06           |9.16219e-06            |CAV1,CASP3,CCND1,ICAM1,HLA-G,ABL2
RNA transport                                                |hsa03013     |6          |823       |39        |61686         |11.531171137489485 |1.2415899999999999e-05|1.75097e-05            |PRMT5,GEMIN2,UBE2I,KPNB1,FMR1,EIF4E
Arachidonic acid metabolism                                  |hsa00590     |5          |823       |27        |61686         |13.880113406237342 |2.6427399999999997e-05|3.6890999999999996e-05 |PTGS2,ALOX5,CYP2C9,CYP2C8,CYP2B6
Protein digestion and absorption                             |hsa04974     |5          |823       |27        |61686         |13.880113406237342 |2.6427399999999997e-05|3.6890999999999996e-05 |SLC1A1,ELN,COL3A1,COL1A2,COL1A1
Endocrine and other factor-regulated calcium reabsorption    |hsa04961     |5          |823       |28        |61686         |13.384395070300295 |3.1819299999999995e-05|4.41935e-05            |ADCY9,ADCY6,VDR,PRKACB,ESR1
Maturity onset diabetes of the young                         |hsa04950     |4          |823       |15        |61686         |19.98736330498177  |3.81903e-05           |5.27755e-05            |HNF1B,HNF4A,FOXA2,NR5A2
African trypanosomiasis                                      |hsa05143     |5          |823       |30        |61686         |12.492102065613608 |4.51313e-05           |6.20556e-05            |TNF,SELE,IL10,IL6,ICAM1
Graft-versus-host disease                                    |hsa05332     |4          |823       |18        |61686         |16.65613608748481  |8.29281e-05           |0.000113459            |TNF,IL6,IL1A,HLA-G
Insulin secretion                                            |hsa04911     |6          |823       |56        |61686         |8.030637042180176  |0.000101951           |0.000138795            |ADCY9,ADCY6,CREB5,CACNA1C,PRKACB,CREB1
Phosphatidylinositol signaling system                        |hsa04070     |5          |823       |36        |61686         |10.410085054678008 |0.000111756           |0.000151394            |MTMR3,PTEN,PIK3R2,PIK3R1,PIK3CA
Pancreatic secretion                                         |hsa04972     |6          |823       |58        |61686         |7.7537185234843085 |0.000124258           |0.00016750400000000001 |ADCY9,ADCY6,CA2,RAP1B,ATP2A2,RHOA
Drug metabolism - cytochrome P450                            |hsa00982     |4          |823       |21        |61686         |14.276688074986982 |0.00015711700000000002|0.000210767            |CYP3A4,CYP2C9,CYP2C8,CYP2B6
Retinol metabolism                                           |hsa00830     |4          |823       |23        |61686         |13.035236938031591 |0.00022758599999999997|0.000303816            |CYP3A4,CYP2C9,CYP2C8,CYP2B6
Type I diabetes mellitus                                     |hsa04940     |4          |823       |24        |61686         |12.492102065613606 |0.000270226           |0.000358996            |TNF,PTPRN2,IL1A,HLA-G
Cardiac muscle contraction                                   |hsa04260     |4          |823       |25        |61686         |11.992417982989062 |0.000318311           |0.000420844            |CACNA1C,UQCRFS1,ATP2A2,CYTB
Metabolism of xenobiotics by cytochrome P450                 |hsa00980     |4          |823       |27        |61686         |11.104090724989874 |0.000432366           |0.000568903            |CYP3A4,CYP2C9,CYP2B6,CYP1B1
Salivary secretion                                           |hsa04970     |5          |823       |48        |61686         |7.807563791008505  |0.00044492            |0.0005826340000000001  |ADCY9,ADCY6,PRKG1,PRKACB,ADRB1
Cysteine and methionine metabolism                           |hsa00270     |4          |823       |28        |61686         |10.707516056240234 |0.000499124           |0.000650517            |MAT2A,DNMT3B,DNMT3A,DNMT1
Linoleic acid metabolism                                     |hsa00591     |3          |823       |13        |61686         |17.296756706234227 |0.000612427           |0.0007944219999999999  |CYP3A4,CYP2C9,CYP2C8
Intestinal immune network for IgA production                 |hsa04672     |4          |823       |31        |61686         |9.67130482499118   |0.000743113           |0.000954935            |CXCR4,CXCL12,IL10,IL6
Cholesterol metabolism                                       |hsa04979     |4          |823       |31        |61686         |9.67130482499118   |0.000743113           |0.000954935            |SCARB1,LDLR,ABCA1,MYLIP
Steroid hormone biosynthesis                                 |hsa00140     |4          |823       |32        |61686         |9.369076549210206  |0.00084036            |0.00107488             |CYP7B1,CYP19A1,CYP3A4,CYP1B1
Asthma                                                       |hsa05310     |3          |823       |15        |61686         |14.99052247873633  |0.0009551189999999999 |0.00121601             |TNF,IL13,IL10
Antigen processing and presentation                          |hsa04612     |4          |823       |35        |61686         |8.566012844992187  |0.00118553            |0.0015024              |TNF,HLA-G,PDIA3,CREB1
Glycosaminoglycan biosynthesis - heparan sulfate / heparin   |hsa00534     |2          |823       |5         |61686         |29.981044957472662 |0.00173104            |0.00218365             |HS3ST2,NDST1
Complement and coagulation cascades                          |hsa04610     |4          |823       |43        |61686         |6.972336036621549  |0.00256888            |0.00322576             |CLU,PLAUR,PLAU,SERPINE1
Drug metabolism - other enzymes                              |hsa00983     |3          |823       |21        |61686         |10.707516056240237 |0.00263052            |0.00328815             |IMPDH1,DPYD,CYP3A4
Allograft rejection                                          |hsa05330     |3          |823       |22        |61686         |10.22081078095659  |0.00301586            |0.00375277             |TNF,IL10,HLA-G
mRNA surveillance pathway                                    |hsa03015     |3          |823       |23        |61686         |9.776427703523694  |0.00343411            |0.00425396             |PPP2R5E,PPP2R2A,PPP2CB
Ferroptosis                                                  |hsa04216     |3          |823       |25        |61686         |8.994313487241797  |0.004372600000000001  |0.00539222             |ATG5,TP53,TF
Morphine addiction                                           |hsa05032     |4          |823       |51        |61686         |5.878636266171109  |0.00478387            |0.00587306             |ADCY9,ADCY6,PRKACB,GNAI2
Purine metabolism                                            |hsa00230     |4          |823       |55        |61686         |5.451099083176847  |0.00626184            |0.00765336             |ADCY9,ADCY6,IMPDH1,FHIT
Inositol phosphate metabolism                                |hsa00562     |3          |823       |30        |61686         |7.495261239368165  |0.00734741            |0.00894043             |MTMR3,PTEN,PIK3CA
Synaptic vesicle cycle                                       |hsa04721     |3          |823       |31        |61686         |7.253478618743385  |0.00805501            |0.00975828             |SLC6A4,SLC1A2,SLC1A1
Glycerophospholipid metabolism                               |hsa00564     |3          |823       |34        |61686         |6.6134657994424995 |0.0104119             |0.0125583              |TAZ,PLD1,GPD1
Base excision repair                                         |hsa03410     |2          |823       |12        |61686         |12.492102065613606 |0.0107383             |0.012895400000000001   |HMGB1,PARP1
Sphingolipid metabolism                                      |hsa00600     |2          |823       |16        |61686         |9.369076549210206  |0.018849099999999997  |0.022537               |PSAP,CERS2
Oxidative phosphorylation                                    |hsa00190     |2          |823       |19        |61686         |7.889748673019121  |0.026163099999999998  |0.031146499999999997   |UQCRFS1,CYTB
Fat digestion and absorption                                 |hsa04975     |2          |823       |20        |61686         |7.4952612393681655 |0.0288171             |0.0341582              |SCARB1,ABCA1
Olfactory transduction                                       |hsa04740     |2          |823       |21        |61686         |7.138344037493491  |0.0315736             |0.0372649              |PRKG1,PRKACB
Mineral absorption                                           |hsa04978     |2          |823       |22        |61686         |6.813873853971059  |0.0344293             |0.040461800000000006   |VDR,TF
Neomycin, kanamycin and gentamicin biosynthesis              |hsa00524     |1          |823       |3         |61686         |24.984204131227212 |0.0394943             |0.0462167              |HK2
Autoimmune thyroid disease                                   |hsa05320     |2          |823       |24        |61686         |6.246051032806803  |0.040426300000000005  |0.0471069              |IL10,HLA-G
