description                                                  |annotation_id|genes_found|input_size|term_genes|genes_universe|relative_enrichment|pval                  |pval_adj              |genes
Pathways in cancer                                           |hsa05200     |135        |757       |396       |61686         |27.77981265761979  |2.340399999999999e-156|6.59993e-154          |ADCY9,CHUK,FRAT2,RASSF1,CDKN1B,CDKN1A,CDK6,CDK2,CDC42,BCL2L11,AKT3,RBX1,KEAP1,ROCK2,CCNE1,CCND3,CCND2,CCNE2,RUNX1,CASP8,CASP7,CASP3,FADD,CAMK2D,CUL2,FZD7,FZD4,AXIN2,FZD5,VHL,VEGFA,TRAF5,TP53,TGFB1,STAT5A,STAT3,STAT1,SPI1,SP1,CXCL12,RPS6KB1,BCL2,CCND1,RB1,RAF1,RAD51,RAC1,PTGS2,PTEN,PTCH1,MAP2K1,MAPK9,PMAIP1,PIK3R1,PIM1,PDGFRB,NOTCH1,NKX3-1,NFKB1,MYC,MSH2,MMP2,MMP1,MLH1,MITF,ARNT,MDM2,SMAD4,SMAD3,SMAD2,LRP6,RHOA,LAMC2,LAMC1,KRAS,KIT,AR,JUN,JAK1,ITGB1,ITGAV,FASLG,ITGA6,IL13RA1,IL13,IL12B,CXCL8,IKBKB,IGF1R,IGF1,IFNGR1,IFNG,BIRC5,XIAP,APC,APAF1,HIF1A,HGF,MSH6,GNAI3,GNAI2,MTOR,FOS,FN1,FOXO1,FH,FGFR1,FGF7,FGF2,AKT2,AKT1,ETS1,ESR1,WNT3A,EPAS1,AGTR1,JAG1,TCF7L1,EDNRA,EDN1,LPAR1,E2F3,E2F2,E2F1,DVL2,DVL1,DAPK1,CTNNB1,WNT4,SUFU,CSF1R,CRKL,COL4A2,COL4A1,BBC3
Human papillomavirus infection                               |hsa05165     |80         |757       |198       |61686         |32.92422240903086  |2.9306399999999993e-99|4.1321999999999983e-97|CHUK,CDKN1B,CDKN1A,CDK6,CDK2,CDC42,AKT3,IKBKE,CREB5,CCNE1,CCND3,CCND2,CCNE2,CASP8,CASP3,FADD,TRADD,FZD7,FZD4,AXIN2,FZD5,VEGFA,TP53,STAT1,SPP1,RPS6KB1,CCND1,RHEB,RBL2,RBL1,RB1,RAF1,PXN,PTGS2,PTEN,ATR,MAP2K1,PRKCZ,PPP2R2A,PIK3R1,PDGFRB,ATM,NOTCH1,NFKB1,MDM2,LAMC2,LAMC1,KRAS,JAK1,ITGB3,ITGB1,ITGAV,FASLG,ITGA9,ITGA5,ITGA6,IKBKB,APC,MTOR,FN1,TICAM1,FOXO1,AKT2,AKT1,WNT3A,JAG1,TCF7L1,E2F1,DVL2,DVL1,PALS1,CTNNB1,WNT4,CSNK1A1,CREB1,TBK1,COL4A2,COL4A1,COL1A2,COL1A1
MicroRNAs in cancer                                          |hsa05206     |67         |757       |137       |61686         |39.85152686844922  |2.4403999999999993e-90|2.2939799999999995e-88|ZFPM2,SIRT1,DICER1,RASSF1,CDKN1B,CDKN1A,CDK6,CDC25A,BCL2L11,ZEB2,KIF23,CCNE1,CCND2,CCNE2,CASP3,SOCS1,RECK,HMGA2,VEGFA,UBE2I,TP53,TIMP3,ZEB1,BRCA1,STAT3,BMI1,SHC1,BCL2,CCND1,RAF1,PTGS2,PTEN,MAP2K1,PIK3R1,PIM1,SERPINB5,PDGFRB,ATM,NOTCH1,NFKB1,MYC,MMP16,MDM2,MCL1,RHOA,STMN1,KRAS,ITGB3,ITGA5,IKBKB,APC,MTOR,EZH2,BMF,WNT3A,EFNA1,E2F3,E2F2,E2F1,DNMT3B,DNMT3A,DNMT1,RPTOR,DDIT4,CRKL,PDCD4,GLS2
PI3K-Akt signaling pathway                                   |hsa04151     |79         |757       |238       |61686         |27.04835540557042  |7.7240799999999984e-90|5.445479999999998e-88 |CHUK,CDKN1B,CDKN1A,CDK6,CDK2,BCL2L11,AKT3,CREB5,CCNE1,CCND3,CCND2,CCNE2,TCL1A,YWHAZ,VEGFA,TP53,TLR4,BRCA1,SPP1,BDNF,RPS6KB1,BCL2,CCND1,RHEB,RBL2,RAF1,RAC1,PTEN,MAP2K1,PKN2,PPP2R2A,PIK3R1,PDGFRB,NTRK2,NTF3,NOS3,NFKB1,MYC,MYB,MDM2,MCL1,LAMC2,LAMC1,KRAS,KIT,KDR,JAK1,ITGB3,ITGB1,ITGAV,FASLG,ITGA9,ITGA5,ITGA6,IKBKB,IGF1R,IGF1,HGF,ANGPT2,MTOR,FN1,FLT1,FOXO3,FGFR1,FGF7,FGF2,AKT2,AKT1,EPHA2,EFNA1,LPAR1,RPTOR,DDIT4,CSF1R,CREB1,COL4A2,COL4A1,COL1A2,COL1A1
Proteoglycans in cancer                                      |hsa05205     |65         |757       |156       |61686         |33.95310435931308  |8.939509999999999e-82 |5.041889999999999e-80 |CDKN1A,CDC42,AKT3,ROCK2,CAV1,CASP3,CAMK2D,FZD7,FZD4,FZD5,VEGFA,TWIST1,TP53,TLR4,TIMP3,TIAM1,TGFB1,STAT3,SLC9A1,RPS6KB1,CCND1,RAF1,RAC1,PXN,PTCH1,MAP2K1,MAPK13,PIK3R1,PAK1,MYC,MSN,MMP2,MDM2,SMAD2,RHOA,KRAS,KDR,ITPR1,ITGB3,ITGB1,ITGAV,FASLG,ITGA5,IL12B,IGF1R,IGF1,HIF1A,HGF,MTOR,FN1,FGFR1,FGF2,AKT2,AKT1,ESR1,WNT3A,CTTN,NANOG,HBEGF,CTNNB1,WNT4,MAPK14,PDCD4,COL1A2,COL1A1
Focal adhesion                                               |hsa04510     |53         |757       |141       |61686         |30.63003457095478  |7.250879999999999e-64 |3.4079099999999993e-62|CDC42,AKT3,ROCK2,CCND3,CCND2,CAV1,ZYX,VEGFA,SPP1,SHC1,BCL2,CCND1,RAP1B,RAF1,RAC1,PXN,PTEN,MAP2K1,MAPK9,PIK3R1,PDGFRB,PAK2,PAK1,MYLK,RHOA,LAMC2,LAMC1,KDR,JUN,ITGB3,ITGB1,ITGAV,ITGA9,ITGA5,ITGA6,ILK,IGF1R,IGF1,XIAP,HGF,FYN,FN1,FLT1,AKT2,AKT1,TLN2,DOCK1,CTNNB1,CRKL,COL4A2,COL4A1,COL1A2,COL1A1
Breast cancer                                                |hsa05224     |48         |757       |103       |61686         |37.974734196047244 |1.3863999999999999e-63|4.8870699999999995e-62|FRAT2,CDKN1A,CDK6,AKT3,TNFSF11,FZD7,FZD4,AXIN2,FZD5,TP53,BRCA1,SP1,SHC1,RPS6KB1,CCND1,RB1,RAF1,PTEN,MAP2K1,PIK3R1,NOTCH1,MYC,LRP6,KRAS,KIT,JUN,IGF1R,IGF1,APC,MTOR,FOS,FGFR1,FGF7,FGF2,AKT2,AKT1,ESR1,WNT3A,JAG1,TCF7L1,E2F3,E2F2,E2F1,DVL2,DVL1,CTNNB1,WNT4,CSNK1A1
Human cytomegalovirus infection                              |hsa05163     |56         |757       |170       |61686         |26.842924858186343 |1.3506599999999998e-63|5.441219999999999e-62 |ADCY9,CHUK,CDKN1A,CDK6,AKT3,CREB5,ROCK2,CASP8,CASP3,FADD,TRADD,VEGFA,TRAF5,TP53,STAT3,SP1,CXCL12,RPS6KB1,CCND1,RHEB,RB1,RAF1,RAC1,PXN,PTGS2,MAP2K1,MAPK13,PIK3R1,NFKB1,NFATC3,MYC,MDM2,RHOA,KRAS,JAK1,ITPR1,ITGB3,ITGAV,FASLG,IL10RA,CXCL8,IKBKB,PDIA3,GNAI3,GNAI2,MTOR,AKT2,AKT1,E2F3,E2F2,E2F1,CTNNB1,MAPK14,CRKL,CREB1,TBK1
Hepatitis B                                                  |hsa05161     |52         |757       |136       |61686         |31.156966353252002 |3.788179999999999e-63 |1.1869599999999999e-61|CHUK,TAB2,CDKN1A,CDK2,TAB1,AKT3,IKBKE,CREB5,CCNE1,CCNE2,CASP8,CASP3,FADD,YWHAZ,TP53,TLR4,TGFB1,STAT5A,STAT3,STAT1,BCL2,RB1,RAF1,MAP2K1,MAPK13,MAPK9,PIK3R1,NFKB1,NFATC3,MYD88,MYC,SMAD4,SMAD3,KRAS,JUN,JAK1,FASLG,IRAK1,CXCL8,IKBKB,BIRC5,APAF1,FOS,TICAM1,AKT2,AKT1,E2F3,E2F2,E2F1,MAPK14,CREB1,TBK1
Cellular senescence                                          |hsa04218     |49         |757       |114       |61686         |35.02530765487033  |1.1497099999999998e-62|3.242169999999999e-61 |SIRT1,CHEK1,CDKN1A,CDK6,CDK2,CDC25A,AKT3,CCNE1,CCND3,CCND2,CCNE2,TP53,TGFB1,CCND1,RHEB,RBL2,RBL1,RB1,RAF1,PTEN,ATR,MAP2K1,MAPK13,PIK3R1,SERPINE1,ATM,NFKB1,NFATC3,MYC,MYBL2,MDM2,SMAD3,SMAD2,KRAS,ITPR1,CXCL8,GATA4,MTOR,FOXO3,FOXO1,FOXM1,AKT2,AKT1,ETS1,E2F5,E2F3,E2F2,E2F1,MAPK14
Shigellosis                                                  |hsa05131     |54         |757       |167       |61686         |26.34923547884416  |7.627129999999999e-61 |1.9553199999999997e-59|GABARAPL1,CHUK,TAB2,CDC42,TAB1,SEPTIN7,ACTR2,ARPC3,AKT3,RBX1,ROCK2,ATG5,TRADD,BECN1,TRAF5,TP53,TLR4,BNIP3,RPS6KB1,BCL2,RAC1,PXN,MAPK13,MAPK9,PIK3R1,ATM,NFKB1,NAIP,MYD88,MDM2,RHOA,JUN,ITPR1,ITGB1,ITGA5,ILK,CXCL8,IKBKB,HK2,H3-3A,MTOR,FOXO3,FOXO1,AKT2,AKT1,CTTN,TLN2,DOCK1,ELMO2,RPTOR,ATG16L1,MAPK14,CRKL,TBK1
Epstein-Barr virus infection                                 |hsa05169     |51         |757       |141       |61686         |29.47418420978667  |1.8576899999999997e-60|4.365559999999999e-59 |CHUK,TAB2,CDKN1B,CDKN1A,CDK6,CDK2,TAB1,BCL2L11,AKT3,IKBKE,NCOR2,CCNE1,CCND3,CCND2,CCNE2,RUNX3,MAP3K14,CASP8,CASP3,FADD,TRADD,TRAF5,TP53,STAT3,STAT1,BCL2,CCND1,RB1,RAC1,MAPK13,MAPK9,PIK3R1,NFKB1,MYD88,MYC,MDM2,JUN,JAK1,IRAK1,IKBKB,ICAM1,APAF1,PDIA3,AKT2,AKT1,E2F3,E2F2,E2F1,SAP30L,MAPK14,TBK1
Kaposi sarcoma-associated herpesvirus infection              |hsa05167     |51         |757       |142       |61686         |29.26661953225296  |2.8662099999999995e-60|6.217459999999999e-59 |GABARAPL1,CHUK,CDKN1A,CDK6,AKT3,IKBKE,CASP8,CASP3,FADD,TRADD,BECN1,VEGFA,TP53,STAT3,STAT1,CCND1,RB1,RAF1,RAC1,PTGS2,MAP2K1,MAPK13,MAPK9,PIK3R1,NFKB1,NFATC3,MYC,KRAS,JUN,JAK1,ITPR1,CXCL8,IKBKB,IFNGR1,ICAM1,HIF1A,ANGPT2,MTOR,FOS,TICAM1,FGF2,AKT2,AKT1,TCF7L1,E2F3,E2F2,E2F1,CTNNB1,MAPK14,CREB1,TBK1
Hepatocellular carcinoma                                     |hsa05225     |47         |757       |111       |61686         |34.50369524081545  |9.286379999999999e-60 |1.87054e-58           |FRAT2,CDKN1A,CDK6,AKT3,KEAP1,FZD7,FZD4,AXIN2,ARID1A,FZD5,TP53,TGFB1,SMARCB1,SMARCA4,SHC1,RPS6KB1,CCND1,RB1,RAF1,PTEN,MAP2K1,PIK3R1,MYC,SMAD4,SMAD3,SMAD2,LRP6,KRAS,IGF1R,APC,HGF,MTOR,ARID2,AKT2,AKT1,WNT3A,TCF7L1,E2F3,E2F2,E2F1,DVL2,DVL1,PBRM1,CTNNB1,WNT4,CSNK1A1,BRD7
Gastric cancer                                               |hsa05226     |46         |757       |107       |61686         |35.031988049235174 |6.8043999999999995e-59|1.2792300000000002e-57|FRAT2,CDX2,CDKN1B,CDKN1A,CDK2,AKT3,CCNE1,CCNE2,FZD7,FZD4,AXIN2,FZD5,TP53,TGFB1,SHC1,RPS6KB1,BCL2,CCND1,RB1,RAF1,MAP2K1,PIK3R1,MYC,MLH1,SMAD4,SMAD3,SMAD2,LRP6,KRAS,APC,HGF,MTOR,FGF7,FGF2,AKT2,AKT1,WNT3A,TCF7L1,E2F3,E2F2,E2F1,DVL2,DVL1,CTNNB1,WNT4,CSNK1A1
MAPK signaling pathway                                       |hsa04010     |56         |757       |202       |61686         |22.590580326196427 |8.998649999999999e-59 |1.5860099999999998e-57|CHUK,TAB2,CDC42,TAB1,AKT3,RAPGEF2,MAP3K14,CASP3,TRADD,CACNA1C,VEGFA,TP53,TGFB1,BDNF,RAP1B,RAF1,RAC1,MAP2K1,MAPK13,MAPK9,PDGFRB,PAK2,PAK1,NTRK2,NTF3,NFKB1,NFATC3,MYD88,MYC,STMN1,KRAS,KIT,KDR,JUN,FASLG,IRAK1,IKBKB,IGF1R,IGF1,HGF,ANGPT2,FOS,FLT1,FGFR1,FGF7,FGF2,AKT2,AKT1,EPHA2,EFNA1,DUSP4,DUSP1,NLK,CSF1R,MAPK14,CRKL
AGE-RAGE signaling pathway in diabetic complications         |hsa04933     |42         |757       |85        |61686         |40.26438728727951  |3.5088899999999994e-57|5.82063e-56           |CDKN1B,CDC42,AKT3,CASP3,VEGFA,TGFB1,STAT5A,STAT3,STAT1,SELE,BCL2,CCND1,RAC1,MAPK13,MAPK9,PRKCZ,PIK3R1,PIM1,SERPINE1,NOS3,NFKB1,MMP2,SMAD4,SMAD3,SMAD2,KRAS,JUN,CXCL8,ICAM1,FN1,FOXO1,AKT2,AKT1,AGTR1,EDN1,CYBB,MAPK14,COL4A2,COL4A1,COL3A1,COL1A2,COL1A1
Signaling pathways regulating pluripotency of stem cells     |hsa04550     |41         |757       |84        |61686         |39.77363653519532  |1.4921499999999999e-55|2.3377000000000001e-54|AKT3,ACVR2B,ACVR2A,KLF4,FZD7,FZD4,AXIN2,FZD5,ZIC3,STAT3,BMI1,RAF1,MAP2K1,MAPK13,PIK3R1,NODAL,MYC,MEIS1,SMAD5,SMAD4,SMAD3,SMAD2,SMAD1,KRAS,JARID2,JAK1,IGF1R,IGF1,ID2,APC,FGFR1,FGF2,AKT2,AKT1,WNT3A,DVL2,NANOG,DVL1,CTNNB1,WNT4,MAPK14
Human immunodeficiency virus 1 infection                     |hsa05170     |48         |757       |148       |61686         |26.42836231211396  |2.92259e-54           |4.337739999999999e-53 |SAMHD1,CHUK,CHEK1,TAB2,CFL2,TAB1,AKT3,RBX1,CASP8,CASP3,FADD,TRADD,CUL5,WEE1,TRAF5,TLR4,RPS6KB1,BCL2,RAF1,RAC1,PXN,ATR,MAP2K1,MAPK13,MAPK9,PIK3R1,PAK2,PAK1,ATM,NFKB1,NFATC3,MYD88,KRAS,JUN,ITPR1,FASLG,IRAK1,IKBKB,PDIA3,GNAI3,GNAI2,MTOR,FOS,AKT2,AKT1,MAPK14,CRKL,TBK1
Human T-cell leukemia virus 1 infection                      |hsa05166     |48         |757       |162       |61686         |24.144429766622633 |4.40079e-52           |6.205119999999999e-51 |ADCY9,CHUK,CHEK1,CDKN1A,CDK2,AKT3,CREB5,CCNE1,CCND3,CCND2,CCNE2,MAP3K14,KAT2B,TP53,TGFB1,STAT5A,SPI1,CCND1,RB1,PTEN,ATR,MAP2K1,MAPK9,PIK3R1,ATM,NFKB1,NFATC3,MYC,SMAD4,SMAD3,SMAD2,MAD2L1,KRAS,JUN,JAK1,IKBKB,XIAP,ICAM1,FOS,AKT2,AKT1,ETS1,TLN2,E2F3,E2F2,E2F1,VAC14,CREB1
Pathogenic Escherichia coli infection                        |hsa05130     |43         |757       |117       |61686         |29.948379229753076 |1.71206e-51           |2.29905e-50           |CHUK,TAB2,CDC42,TAB1,TUBB3,ACTR2,ARPC3,ROCK2,CLDN1,CLDN2,CASP8,CASP7,CASP3,TNFRSF10A,TNFRSF10B,FADD,TNFSF10,TRADD,TLR4,RAC1,RAB1A,MAPK13,MAPK9,PAK2,PAK1,NFKB1,NAIP,MYO10,MYO1D,MYD88,RHOA,JUN,ITGB1,FASLG,IRAK1,CXCL8,IKBKB,GAPDH,FYN,FOS,CTTN,LPAR1,MAPK14
Hepatitis C                                                  |hsa05160     |42         |757       |109       |61686         |31.398834123107875 |2.2660499999999996e-51|2.9046600000000003e-50|CHUK,CDKN1A,CDK6,CDK2,NR1H3,AKT3,SCARB1,IKBKE,CLDN1,CLDN2,SOCS3,CASP8,CASP3,FADD,TRADD,PIAS1,YWHAZ,TP53,STAT3,STAT1,CCND1,RB1,RAF1,MAP2K1,PPP2R2A,PIK3R1,NFKB1,MYC,KRAS,JAK1,FASLG,IKBKB,IFNG,APAF1,TICAM1,AKT2,AKT1,E2F3,E2F2,E2F1,CTNNB1,TBK1
FoxO signaling pathway                                       |hsa04068     |40         |757       |101       |61686         |32.27225760885204  |1.44926e-49           |1.7769199999999997e-48|GABARAPL1,CHUK,SIRT1,CDKN1B,CDKN1A,CDK2,BCL2L11,AKT3,CCND2,TNFSF10,TGFB1,BNIP3,STAT3,SOD2,SLC2A4,BCL6,CCND1,RBL2,RAF1,PTEN,MAP2K1,MAPK13,MAPK9,PIK3R1,ATM,MDM2,SMAD4,SMAD3,KRAS,FASLG,IL10,IKBKB,IGF1R,IGF1,FOXO3,FOXO1,AKT2,AKT1,NLK,MAPK14
Salmonella infection                                         |hsa05132     |45         |757       |148       |61686         |24.77658966760684  |1.79426e-49           |2.1082599999999998e-48|CHUK,TAB2,CDC42,TAB1,TUBB3,ACTR2,ARPC3,AKT3,ROCK2,CASP8,CASP7,CASP3,TNFRSF10A,TNFRSF10B,FADD,TNFSF10,TRADD,TLR4,BCL2,RAF1,RAC1,MAP2K1,MAPK13,MAPK9,PAK1,NFKB1,NAIP,MYD88,MYC,RHOA,KPNA4,JUN,IRAK1,CXCL8,IKBKB,ANXA2,GAPDH,FOS,AKT2,AKT1,TCF7L1,ELMO2,VPS18,CTNNB1,MAPK14
Prostate cancer                                              |hsa05215     |37         |757       |83        |61686         |36.32573092900002  |2.4787399999999998e-48|2.79601e-47           |CHUK,CDKN1B,CDKN1A,CDK2,AKT3,CREB5,CCNE1,CCNE2,TP53,ZEB1,BCL2,CCND1,RB1,RAF1,PTEN,MAP2K1,PIK3R1,PDGFRB,NKX3-1,NFKB1,MDM2,KRAS,AR,IKBKB,IGF1R,IGF1,MTOR,FOXO1,FGFR1,AKT2,AKT1,TCF7L1,E2F3,E2F2,E2F1,CTNNB1,CREB1
Alzheimer disease                                            |hsa05010     |46         |757       |171       |61686         |21.920600709170547 |8.968960000000001e-48 |9.72787e-47           |BACE1,CHUK,FRAT2,NCSTN,ATF6,ADAM10,TUBB3,AKT3,ULK2,CASP8,CASP7,CASP3,FADD,BECN1,FZD7,FZD4,AXIN2,CACNA1C,FZD5,UQCRFS1,RAF1,PTGS2,MAP2K1,MAPK9,PIK3R1,NFKB1,COX2,LRP6,KRAS,ITPR1,APP,IKBKB,APC,APAF1,GAPDH,MTOR,AKT2,AKT1,WNT3A,DVL2,DVL1,CYBB,CTNNB1,WNT4,CSNK1A1,DKK2
Small cell lung cancer                                       |hsa05222     |35         |757       |74        |61686         |38.541361705166196 |5.90347e-47           |6.16585e-46           |CHUK,CDKN1B,CDKN1A,CDK6,CDK2,AKT3,CCNE1,CCNE2,CASP3,TRAF5,TP53,BCL2,CCND1,RB1,PTGS2,PTEN,PIK3R1,NFKB1,MYC,LAMC2,LAMC1,ITGB1,ITGAV,ITGA6,IKBKB,XIAP,APAF1,FN1,AKT2,AKT1,E2F3,E2F2,E2F1,COL4A2,COL4A1
Herpes simplex virus 1 infection                             |hsa05168     |41         |757       |126       |61686         |26.51575769013021  |1.4183999999999998e-46|1.42853e-45           |CHUK,TAB2,TAB1,AKT3,IKBKE,ZNF254,SOCS3,CASP8,CASP3,FADD,TRADD,TRAF5,TP53,STAT1,BCL2,RHEB,PIK3R1,NFKB1,MYD88,JAK1,ITGB3,FASLG,ITGA5,IRAK1,IL12B,IKBKB,IFNGR1,IFNG,APAF1,PDIA3,MTOR,TICAM1,AKT2,AKT1,ZNF561,ZNF611,ZNF350,RBAK,ZNF248,ZNF83,TBK1
Measles                                                      |hsa05162     |39         |757       |108       |61686         |29.426023778071333 |1.8924999999999998e-46|1.8402999999999998e-45|CHUK,TAB2,CDKN1B,CDK6,CDK2,AKT3,IKBKE,CCNE1,CCND3,CCND2,CCNE2,CASP8,CASP3,FADD,TRADD,TP53,TLR4,STAT5A,STAT3,STAT1,BCL2,CCND1,MAPK9,PIK3R1,NFKB1,MYD88,MSN,JUN,JAK1,FASLG,IRAK1,IL12B,IKBKB,APAF1,FOS,AKT2,AKT1,TBK1,BBC3
Pathways of neurodegeneration - multiple diseases            |hsa05022     |49         |757       |223       |61686         |17.905314227153443 |4.21378e-46           |3.96096e-45           |GABARAPL1,FRAT2,ATF6,TUBB3,MFN2,ULK2,CASP8,CASP7,CASP3,FADD,BECN1,CAMK2D,FZD7,FZD4,AXIN2,CACNA1C,FZD5,UQCRFS1,BDNF,BCL2,RAF1,RAC1,RAB1A,PTGS2,MAP2K1,MAPK13,MAPK9,NFKB1,COX2,MAP3K10,LRP6,KRAS,ITPR1,FASLG,APP,APC,APAF1,GRIA2,MTOR,WNT3A,DVL2,DVL1,CYBB,CTNNB1,WNT4,CSNK1A1,MAPK14,TBK1,DKK2
Colorectal cancer                                            |hsa05210     |35         |757       |78        |61686         |36.564881617721774 |6.517909999999999e-46 |5.92919e-45           |CDKN1A,BCL2L11,AKT3,CASP3,AXIN2,TP53,TGFB1,RPS6KB1,BCL2,CCND1,RAF1,RAC1,MAP2K1,MAPK9,PMAIP1,PIK3R1,MYC,MSH2,MLH1,SMAD4,SMAD3,SMAD2,RHOA,KRAS,JUN,BIRC5,APC,MSH6,MTOR,FOS,AKT2,AKT1,TCF7L1,CTNNB1,BBC3
Wnt signaling pathway                                        |hsa04310     |35         |757       |84        |61686         |33.95310435931308  |1.76879e-44           |1.5587399999999998e-43|FRAT2,RBX1,ROCK2,CCND3,CCND2,CAMK2D,FZD7,FZD4,AXIN2,FZD5,TP53,TLE4,SIAH1,SFRP4,CCND1,RAC1,MAPK9,NFATC3,MYC,SMAD4,SMAD3,LRP6,RHOA,JUN,APC,WNT3A,TCF7L1,DVL2,DVL1,SOX17,CTNNB1,WNT4,NLK,CSNK1A1,DKK2
Rap1 signaling pathway                                       |hsa04015     |42         |757       |158       |61686         |21.66122100897948  |1.7879699999999998e-43|1.48296e-42           |ADCY9,CDC42,AKT3,RAPGEF2,VEGFA,TIAM1,RAP1B,RAF1,RAC1,MAP2K1,MAPK13,PRKCZ,PIK3R1,PDGFRB,RHOA,KRAS,KIT,KDR,ITGB3,ITGB1,IGF1R,IGF1,HGF,ANGPT2,GNAI3,GNAI2,FLT1,FGFR1,FGF7,FGF2,AKT2,AKT1,EPHA2,TLN2,EFNA1,LPAR1,CTNND1,CTNNB1,CSF1R,MAPK14,ADORA2A,CRKL
Hippo signaling pathway                                      |hsa04390     |36         |757       |97        |61686         |30.242765120047938 |1.7450399999999999e-43|1.49122e-42           |WWC1,RASSF1,YAP1,CCND3,CCND2,DLG5,FZD7,FZD4,AXIN2,FZD5,YWHAZ,TGFB1,BMP7,CCND1,PRKCZ,PPP2R2A,SERPINE1,MYC,SMAD7,SMAD4,SMAD3,SMAD2,SMAD1,BIRC5,ID2,APC,WNT3A,TCF7L1,DVL2,DVL1,PALS1,CTNNB1,CCN2,WNT4,BBC3,LATS2
Ras signaling pathway                                        |hsa04014     |42         |757       |159       |61686         |21.524986914583383 |2.40224e-43           |1.9355200000000003e-42|CHUK,RASSF1,CDC42,AKT3,BRAP,VEGFA,TIAM1,SHC1,BDNF,RAP1B,RAF1,RAC1,MAP2K1,MAPK9,PIK3R1,PDGFRB,PAK2,PAK1,NTRK2,NTF3,NFKB1,RHOA,KRAS,KIT,KDR,FASLG,IKBKB,IGF1R,IGF1,HGF,ANGPT2,FLT1,FGFR1,FGF7,FGF2,AKT2,AKT1,ETS1,EPHA2,EFNA1,CSF1R,TBK1
Cell cycle                                                   |hsa04110     |34         |757       |82        |61686         |33.78747945999936  |3.75177e-43           |2.7842099999999996e-42|CHEK1,CDKN1C,CDKN1B,CDKN1A,CDK6,CDK2,CDC25A,RBX1,CCNE1,CCND3,CCND2,CCNE2,CDC14A,CDC7,YWHAZ,WEE1,TP53,TGFB1,CCND1,RBL2,RBL1,RB1,ATR,ATM,MYC,MDM2,SMAD4,SMAD3,SMAD2,MAD2L1,E2F5,E2F3,E2F2,E2F1
Endocrine resistance                                         |hsa01522     |34         |757       |82        |61686         |33.78747945999936  |3.75177e-43           |2.7842099999999996e-42|ADCY9,CDKN1B,CDKN1A,AKT3,TP53,SP1,SHC1,RPS6KB1,BCL2,CCND1,RB1,RAF1,MAP2K1,MAPK13,MAPK9,PIK3R1,NOTCH1,MMP2,MDM2,KRAS,JUN,IGF1R,IGF1,MTOR,FOS,AKT2,AKT1,ESR1,JAG1,E2F3,E2F2,E2F1,HBEGF,MAPK14
Toxoplasmosis                                                |hsa05145     |34         |757       |82        |61686         |33.78747945999936  |3.75177e-43           |2.7842099999999996e-42|CHUK,TAB2,TAB1,AKT3,CASP8,CASP3,SOCS1,TLR4,TGFB1,STAT3,STAT1,BCL2,MAPK13,MAPK9,NFKB1,MYD88,LAMC2,LAMC1,JAK1,ITGB1,ITGA6,IRAK1,IL12B,IL10RA,IL10,IKBKB,IFNGR1,IFNG,XIAP,GNAI3,GNAI2,AKT2,AKT1,MAPK14
Pancreatic cancer                                            |hsa05212     |32         |757       |68        |61686         |38.34703551169477  |6.087409999999999e-43 |4.4016699999999995e-42|CHUK,CDKN1A,CDK6,CDC42,AKT3,VEGFA,TP53,TGFB1,STAT3,STAT1,RPS6KB1,CCND1,RB1,RAF1,RAD51,RAC1,MAP2K1,MAPK9,PIK3R1,NFKB1,SMAD4,SMAD3,SMAD2,KRAS,JAK1,IKBKB,MTOR,AKT2,AKT1,E2F3,E2F2,E2F1
Yersinia infection                                           |hsa05135     |37         |757       |110       |61686         |27.409415155518197 |9.018309999999999e-43 |6.357910000000001e-42 |CHUK,TAB2,CDC42,TAB1,ACTR2,ARPC3,AKT3,ROCK2,TLR4,RAC1,PXN,MAP2K1,MAPK13,MAPK9,PKN2,PIK3R1,NFKB1,NFATC3,MYD88,RHOA,JUN,ITGB1,ITGA5,IRAK1,IL10,CXCL8,IKBKB,FOS,FN1,TICAM1,AKT2,AKT1,DOCK1,ELMO2,MAPK14,CRKL,TBK1
Cushing syndrome                                             |hsa04934     |37         |757       |111       |61686         |27.162483487450462 |1.3373599999999998e-42|9.198389999999998e-42 |ADCY9,CDKN1B,CDKN1A,CDK6,CDK2,SCARB1,CREB5,CCNE1,CCNE2,CAMK2D,FZD7,FZD4,AXIN2,CACNA1C,FZD5,SP1,CCND1,RB1,RAP1B,MAP2K1,ARNT,ITPR1,APC,GNAI3,GNAI2,FH,WNT3A,AGTR1,TCF7L1,E2F3,E2F2,E2F1,DVL2,DVL1,CTNNB1,WNT4,CREB1
Apoptosis                                                    |hsa04210     |36         |757       |102       |61686         |28.760276633771078 |1.5358799999999998e-42|1.0312299999999999e-41|CHUK,BCL2L11,AKT3,MAP3K14,CASP8,CASP7,CASP3,TNFRSF10A,TNFRSF10B,FADD,TNFSF10,TRADD,TP53,BCL2,RAF1,PTPN13,MAP2K1,MAPK9,PMAIP1,PIK3R1,ATM,NFKB1,MCL1,KRAS,JUN,ITPR1,FASLG,IKBKB,BIRC5,XIAP,APAF1,FOS,AKT2,AKT1,LMNB2,BBC3
HIF-1 signaling pathway                                      |hsa04066     |32         |757       |79        |61686         |33.00757487082588  |2.78408e-40           |1.82584e-39           |CDKN1B,CDKN1A,AKT3,RBX1,CAMK2D,CUL2,VHL,VEGFA,TLR4,STAT3,RPS6KB1,BCL2,MAP2K1,PIK3R1,SERPINE1,NOS3,NFKB1,ARNT,IGF1R,IGF1,IFNGR1,IFNG,HK2,HIF1A,ANGPT2,GAPDH,MTOR,FLT1,AKT2,AKT1,EDN1,CYBB
Viral carcinogenesis                                         |hsa05203     |36         |757       |123       |61686         |23.84998550117602  |3.94003e-39           |2.5252e-38            |CHEK1,CDKN1B,CDKN1A,CDK6,CDK2,CDC42,CREB5,CCNE1,CCND3,CCND2,CCNE2,CASP8,KAT2B,CASP3,TRADD,YWHAZ,TRAF5,TP53,STAT5A,STAT3,CCND1,RBL2,RBL1,RB1,RAC1,PXN,PMAIP1,PIK3R1,NFKB1,MDM2,RHOA,KRAS,JUN,JAK1,VAC14,CREB1
Fluid shear stress and atherosclerosis                       |hsa05418     |34         |757       |103       |61686         |26.89877005553347  |4.457e-39             |2.7930499999999997e-38|CHUK,AKT3,ACVR2B,KEAP1,ACVR2A,CAV1,VEGFA,TP53,SELE,BCL2,RAC1,MAPK13,MAPK9,PRKCZ,PIK3R1,NOS3,NFKB1,MMP2,MEF2A,RHOA,KDR,JUN,ITGB3,ITGAV,IKBKB,IFNG,ICAM1,FOS,AKT2,AKT1,EDN1,DUSP1,CTNNB1,MAPK14
Neurotrophin signaling pathway                               |hsa04722     |33         |757       |94        |61686         |28.60729643891059  |5.23393e-39           |3.20863e-38           |SH2B1,PRDM4,CDC42,AKT3,CAMK2D,CAMK4,TP53,SHC1,BDNF,BCL2,RAP1B,RAF1,RAC1,MAP2K1,MAPK13,MAPK9,PIK3R1,NTRK3,NTRK2,NTF3,NFKB1,ARHGDIA,RHOA,KRAS,JUN,FASLG,IRAK1,IKBKB,FOXO3,AKT2,AKT1,MAPK14,CRKL
Influenza A                                                  |hsa05164     |35         |757       |115       |61686         |24.800528401585204 |9.30195e-39           |5.581169999999999e-38 |CHUK,CDK6,AKT3,IKBKE,CCND3,SOCS3,CASP8,CASP3,TNFRSF10A,TNFRSF10B,FADD,TNFSF10,TRADD,TLR4,STAT1,RAF1,DNAJC3,MAP2K1,PIK3R1,NFKB1,MYD88,KPNA2,JAK1,FASLG,IL12B,CXCL8,IKBKB,IFNGR1,IFNG,ICAM1,APAF1,TICAM1,AKT2,AKT1,TBK1
Relaxin signaling pathway                                    |hsa04926     |32         |757       |90        |61686         |28.97331571994716  |4.48409e-38           |2.6344e-37            |ADCY9,AKT3,CREB5,VEGFA,TGFB1,SHC1,RAF1,MAP2K1,MAPK13,MAPK9,PRKCZ,PIK3R1,NOS3,NFKB1,MMP2,MMP1,SMAD2,KRAS,JUN,GNAI3,GNAI2,FOS,AKT2,AKT1,EDN1,MAPK14,CREB1,COL4A2,COL4A1,COL3A1,COL1A2,COL1A1
Transcriptional misregulation in cancer                      |hsa05202     |35         |757       |120       |61686         |23.767173051519155 |5.10356e-38           |2.93715e-37           |CEBPB,CDKN1B,CDKN1A,CCNT2,CCND2,RUNX1,RUNX2,HMGA2,TP53,ZEB1,SPI1,SP1,BMI1,SIX1,BCL6,PBX3,ATM,NFKB1,MYCN,MYC,MITF,MEIS1,MDM2,SMAD1,CXCL8,IGF1R,IGF1,ID2,HPGD,HOXA10,H3-3A,FLT1,FLI1,FOXO1,CSF1R
Osteoclast differentiation                                   |hsa04380     |33         |757       |101       |61686         |26.62461252730293  |8.56965e-38           |4.83328e-37           |CHUK,TAB2,TAB1,AKT3,SOCS3,MAP3K14,SOCS1,TNFSF11,CAMK4,TGFB1,STAT1,SPI1,RAC1,MAP2K1,MAPK13,MAPK9,PIK3R1,NFKB1,MITF,JUN,JAK1,ITGB3,IKBKB,IFNGR1,IFNG,FYN,FOS,AKT2,AKT1,CYLD,CSF1R,MAPK14,CREB1
TNF signaling pathway                                        |hsa04668     |32         |757       |97        |61686         |26.882457884487057 |7.63568e-37           |4.22208e-36           |CHUK,TAB2,CEBPB,TAB1,AKT3,CREB5,SOCS3,MAP3K14,CASP8,CASP7,CASP3,FADD,TRADD,TRAF5,SELE,PTGS2,MAP2K1,MAPK13,MAPK9,PIK3R1,NFKB1,JUN,IKBKB,ICAM1,FOS,AKT2,AKT1,ITCH,JAG1,EDN1,MAPK14,CREB1
JAK-STAT signaling pathway                                   |hsa04630     |33         |757       |109       |61686         |24.670512525299042 |1.57526e-36           |8.381569999999999e-36 |CDKN1A,AKT3,CCND3,CCND2,SOCS6,SOCS3,SOCS2,SOCS1,PIAS1,STAT5A,STAT3,STAT1,BCL2,CCND1,RAF1,PIK3R1,PIM1,PDGFRB,MYC,MPL,MCL1,LEPR,JAK1,IL13RA1,IL13,IL12B,IL10RA,IL10,IFNGR1,IFNG,MTOR,AKT2,AKT1
p53 signaling pathway                                        |hsa04115     |27         |757       |57        |61686         |38.599318640061185 |1.57311e-36           |8.53111e-36           |CHEK1,CDKN1A,CDK6,CDK2,CCNE1,CCND3,CCND2,CCNE2,CASP8,CASP3,TNFRSF10A,TNFRSF10B,PPM1D,TP53,SIAH1,BCL2,CCND1,PTEN,ATR,PMAIP1,SERPINB5,SERPINE1,ATM,MDM2,IGF1,APAF1,BBC3
Chronic myeloid leukemia                                     |hsa05220     |28         |757       |67        |61686         |34.054456909639384 |7.020029999999999e-36 |3.6660199999999995e-35|CHUK,CDKN1B,CDKN1A,CDK6,AKT3,RUNX1,TP53,TGFB1,STAT5A,SHC1,CCND1,RB1,RAF1,MAP2K1,PIK3R1,NFKB1,MYC,MDM2,SMAD4,SMAD3,KRAS,IKBKB,AKT2,AKT1,E2F3,E2F2,E2F1,CRKL
Chagas disease                                               |hsa05142     |30         |757       |84        |61686         |29.10266087941121  |7.61568e-36           |3.90477e-35           |CHUK,AKT3,CASP8,FADD,TLR4,TGFB1,MAPK13,MAPK9,PPP2R2A,PIK3R1,SERPINE1,NFKB1,MYD88,SMAD2,JUN,FASLG,IRAK1,IL12B,IL10,CXCL8,IKBKB,IFNGR1,IFNG,GNAI3,GNAI2,FOS,TICAM1,AKT2,AKT1,MAPK14
mTOR signaling pathway                                       |hsa04150     |30         |757       |86        |61686         |28.425854812448158 |1.76647e-35           |8.895409999999999e-35 |CHUK,AKT3,ULK2,FZD7,FZD4,FZD5,RPS6KB1,RHEB,RAF1,PTEN,MAP2K1,PIK3R1,LRP6,RHOA,KRAS,IKBKB,IGF1R,IGF1,GRB10,RICTOR,MTOR,AKT2,AKT1,WNT3A,DVL2,DVL1,RPTOR,DDIT4,WNT4,CAB39
NOD-like receptor signaling pathway                          |hsa04621     |33         |757       |117       |61686         |22.983639873996545 |2.2480599999999998e-35|1.1121999999999998e-34|GABARAPL1,CHUK,TAB2,TAB1,NAMPT,MFN2,IKBKE,ATG5,CASP8,FADD,TRAF5,TLR4,STAT1,BCL2,MAPK13,MAPK9,PKN2,NFKB1,NAIP,MYD88,RHOA,JUN,JAK1,ITPR1,CXCL8,IKBKB,XIAP,TICAM1,ERBIN,ATG16L1,CYBB,MAPK14,TBK1
Apelin signaling pathway                                     |hsa04371     |31         |757       |101       |61686         |25.01099964686033  |1.3216e-34            |6.425700000000001e-34 |GABARAPL1,ADCY9,AKT3,BECN1,CAMK4,TFAM,SPP1,SLC9A1,SLC8A1,RPS6KB1,CCND1,RAF1,MAP2K1,SERPINE1,NOS3,MYLK,MEF2D,MEF2A,SMAD4,SMAD3,SMAD2,KRAS,ITPR1,GNAI3,GNAI2,MTOR,AKT2,AKT1,AGTR1,JAG1,CCN2
Renal cell carcinoma                                         |hsa05211     |26         |757       |58        |61686         |36.52885710381269  |2.04719e-34           |9.78488e-34           |CDKN1A,CDC42,AKT3,RBX1,CUL2,VHL,VEGFA,TGFB1,RAP1B,RAF1,RAC1,MAP2K1,PIK3R1,PAK2,PAK1,ARNT,KRAS,JUN,HIF1A,HGF,FH,AKT2,AKT1,ETS1,EPAS1,CRKL
PD-L1 expression and PD-1 checkpoint pathway in cancer       |hsa05235     |28         |757       |74        |61686         |30.83308936413296  |2.17796e-34           |1.0236399999999999e-33|CHUK,AKT3,TLR4,STAT3,STAT1,RPS6KB1,RAF1,PTEN,MAP2K1,MAPK13,PIK3R1,NFKB1,NFATC3,MYD88,KRAS,JUN,JAK1,IKBKB,IFNGR1,IFNG,HIF1A,MTOR,FOS,TICAM1,AKT2,AKT1,MAPK14,CD274
Melanoma                                                     |hsa05218     |25         |757       |53        |61686         |38.43747663318462  |7.368539999999999e-34 |3.40644e-33           |CDKN1A,CDK6,AKT3,TP53,CCND1,RB1,RAF1,PTEN,MAP2K1,PIK3R1,PDGFRB,MITF,MDM2,KRAS,IGF1R,IGF1,HGF,FGFR1,FGF7,FGF2,AKT2,AKT1,E2F3,E2F2,E2F1
Regulation of actin cytoskeleton                             |hsa04810     |34         |757       |144       |61686         |19.240092470277414 |1.68214e-33           |7.65103e-33           |CFL2,CDC42,ACTR2,ARPC3,ROCK2,TIAM1,SLC9A1,CXCL12,RAF1,RAC1,PXN,MAP2K1,PIK3R1,PDGFRB,PAK2,PAK1,MYLK,MSN,RHOA,KRAS,ITGB3,ITGB1,ITGAV,ITGA9,ITGA5,ITGA6,APC,FN1,FGFR1,FGF7,FGF2,LPAR1,DOCK1,CRKL
Toll-like receptor signaling pathway                         |hsa04620     |28         |757       |80        |61686         |28.52060766182299  |3.0007399999999992e-33|1.3431899999999998e-32|CHUK,TAB2,TAB1,AKT3,IKBKE,CASP8,FADD,TLR4,STAT1,SPP1,RAC1,MAP2K1,MAPK13,MAPK9,PIK3R1,NFKB1,MYD88,JUN,IRAK1,IL12B,CXCL8,IKBKB,FOS,TICAM1,AKT2,AKT1,MAPK14,TBK1
cAMP signaling pathway                                       |hsa04024     |34         |757       |148       |61686         |18.720089971080725 |4.62084e-33           |2.03606e-32           |ADCY9,AKT3,CREB5,ROCK2,CAMK2D,CAMK4,CACNA1C,TIAM1,SLC9A1,BDNF,RAP1B,RAF1,RAC1,PTCH1,MAP2K1,MAPK9,PIK3R1,PDE4B,PDE4A,ATP1B1,PAK1,NFKB1,RHOA,JUN,GRIA2,GNAI3,GNAI2,FOS,AKT2,AKT1,EDNRA,EDN1,ADORA2A,CREB1
Prolactin signaling pathway                                  |hsa04917     |25         |757       |59        |61686         |34.52858070438619  |2.30432e-32           |9.99722e-32           |AKT3,CCND2,SOCS6,SOCS3,SOCS2,SOCS1,TNFSF11,STAT5A,STAT3,STAT1,SHC1,CCND1,RAF1,MAP2K1,MAPK13,MAPK9,PIK3R1,NFKB1,KRAS,FOS,FOXO3,AKT2,AKT1,ESR1,MAPK14
Thyroid hormone signaling pathway                            |hsa04919     |27         |757       |79        |61686         |27.85014129725933  |8.870679999999999e-32 |3.7901999999999997e-31|AKT3,KAT2B,TP53,THRB,STAT1,SLC9A1,CCND1,RHEB,RAF1,MAP2K1,PIK3R1,ATP1B1,NOTCH1,MYC,MDM2,KRAS,ITGB3,ITGAV,HIF1A,GATA4,MTOR,FOXO1,AKT2,AKT1,ESR1,CTNNB1,WNT4
Growth hormone synthesis, secretion and action               |hsa04935     |28         |757       |90        |61686         |25.351651254953765 |1.42338e-31           |5.99095e-31           |ADCY9,AKT3,CREB5,SOCS3,SOCS2,SOCS1,CACNA1C,STAT5A,STAT3,STAT1,SHC1,RAF1,MAP2K1,MAPK13,MAPK9,PIK3R1,KRAS,ITPR1,IGF1,GNAI3,GNAI2,MTOR,FOS,AKT2,AKT1,MAPK14,CRKL,CREB1
Glioma                                                       |hsa05214     |24         |757       |58        |61686         |33.718945018904016 |8.214700000000001e-31 |3.4066900000000004e-30|CDKN1A,CDK6,AKT3,CAMK2D,CAMK4,TP53,SHC1,CCND1,RB1,RAF1,PTEN,MAP2K1,PIK3R1,PDGFRB,MDM2,KRAS,IGF1R,IGF1,MTOR,AKT2,AKT1,E2F3,E2F2,E2F1
Non-alcoholic fatty liver disease                            |hsa04932     |25         |757       |68        |61686         |29.958621493511544 |1.81604e-30           |7.422080000000001e-30 |CDC42,NR1H3,BCL2L11,AKT3,SOCS3,CASP8,CASP7,CASP3,UQCRFS1,TGFB1,SREBF1,RAC1,MAPK9,PIK3R1,NFKB1,COX2,LEPR,JUN,FASLG,CXCL8,IKBKB,FOS,AKT2,AKT1,ITCH
Tuberculosis                                                 |hsa05152     |30         |757       |123       |61686         |19.87498791764668  |3.55966e-30           |1.43403e-29           |CORO1A,CEBPB,AKT3,CASP8,CASP3,FADD,TRADD,CAMK2D,TLR4,TGFB1,STAT1,BCL2,RAF1,MAPK13,MAPK9,NFKB1,MYD88,RHOA,JAK1,IRAK1,IL12B,IL10RA,IL10,IFNGR1,IFNG,APAF1,AKT2,AKT1,MAPK14,CREB1
Autophagy - animal                                           |hsa04140     |28         |757       |100       |61686         |22.81648612945839  |4.09659e-30           |1.6271e-29            |GABARAPL1,AKT3,ULK2,ATG5,BECN1,BNIP3,RPS6KB1,BCL2,RHEB,RAF1,RAB1A,PTEN,MAP2K1,MAPK9,PIK3R1,KRAS,ITPR1,IGF1R,HMGB1,HIF1A,MTOR,AKT2,AKT1,RPTOR,DAPK1,ATG16L1,DDIT4,TBK1
Platinum drug resistance                                     |hsa01524     |22         |757       |47        |61686         |38.14306191854746  |7.42333e-30           |2.90747e-29           |CDKN1A,AKT3,CASP8,CASP3,FADD,TP53,BRCA1,BCL2,PMAIP1,PIK3R1,ATM,MSH2,MLH1,MDM2,FASLG,BIRC5,XIAP,APAF1,MSH6,AKT2,AKT1,BBC3
Parathyroid hormone synthesis, secretion and action          |hsa04928     |26         |757       |84        |61686         |25.222306095489717 |2.3973099999999998e-29|9.1357e-29            |ADCY9,MMP24,CDKN1A,MAFB,CREB5,RUNX2,TNFSF11,SP1,BCL2,RAF1,MAP2K1,PDE4B,PDE4A,MMP16,MMP15,MEF2D,MEF2A,LRP6,RHOA,ITPR1,GNAI3,GNAI2,FOS,FGFR1,HBEGF,CREB1
C-type lectin receptor signaling pathway                     |hsa04625     |26         |757       |84        |61686         |25.222306095489717 |2.3973099999999998e-29|9.1357e-29            |CHUK,AKT3,IKBKE,MAP3K14,CASP8,STAT1,RAF1,PTGS2,MAPK13,MAPK9,PIK3R1,PAK1,NFKB1,NFATC3,MDM2,RHOA,KRAS,JUN,ITPR1,IL12B,IL10,IKBKB,AKT2,AKT1,CYLD,MAPK14
Platelet activation                                          |hsa04611     |27         |757       |95        |61686         |23.159591184036707 |2.77217e-29           |1.04234e-28           |ADCY9,AKT3,ROCK2,STIM1,RAP1B,MAPK13,PRKCZ,PIK3R1,NOS3,MYLK,RHOA,ITPR1,ITGB3,ITGB1,GNAI3,GNAI2,FYN,FGG,FGB,FGA,AKT2,AKT1,TLN2,MAPK14,COL3A1,COL1A2,COL1A1
Sphingolipid signaling pathway                               |hsa04071     |25         |757       |75        |61686         |27.162483487450462 |3.33007e-29           |1.2356299999999998e-28|AKT3,ROCK2,TRADD,TP53,BCL2,RAF1,RAC1,PTEN,MAP2K1,MAPK13,MAPK9,PRKCZ,PPP2R2A,PIK3R1,NOS3,NFKB1,RHOA,KRAS,GNAI3,GNAI2,FYN,AKT2,AKT1,MAPK14,CERS2
Axon guidance                                                |hsa04360     |26         |757       |89        |61686         |23.805322606979058 |1.33671e-28           |4.89548e-28           |CFL2,CDC42,PLXNC1,ROCK2,CAMK2D,BMP7,CXCL12,RAF1,RAC1,PTCH1,PRKCZ,PIK3R1,PAK2,PAK1,NFATC3,RHOA,KRAS,ITGB1,ILK,GNAI3,GNAI2,FYN,EPHB2,EPHA2,EFNA1,WNT4
Coronavirus disease - COVID-19                               |hsa05171     |28         |757       |112       |61686         |20.371862615587848 |1.39523e-28           |5.04431e-28           |CHUK,TAB2,IKBKE,TLR4,STAT3,STAT1,RPS23,MAPK13,MAPK9,PIK3R1,NFKB1,MYD88,MMP1,JUN,JAK1,IRAK1,IL12B,CXCL8,IKBKB,FOS,FGG,FGB,FGA,AGTR1,HBEGF,CYBB,MAPK14,TBK1
Chemokine signaling pathway                                  |hsa04062     |29         |757       |125       |61686         |18.90508850726552  |1.57955e-28           |5.6384e-28            |ADCY9,CHUK,CDC42,AKT3,ROCK2,TIAM1,STAT3,STAT1,SHC1,CXCL12,RAP1B,RAF1,RAC1,PXN,MAP2K1,PRKCZ,PIK3R1,PAK1,NFKB1,RHOA,KRAS,CXCL8,IKBKB,GNAI3,GNAI2,FOXO3,AKT2,AKT1,CRKL
IL-17 signaling pathway                                      |hsa04657     |24         |757       |73        |61686         |26.79039467255388  |6.38322e-28           |2.25008e-27           |CHUK,TAB2,CEBPB,IKBKE,CASP8,CASP3,FADD,TRADD,TRAF5,PTGS2,MAPK13,MAPK9,NFKB1,MMP1,JUN,IL13,CXCL8,IKBKB,IFNG,FOS,IL17RB,MAPK14,USP25,TBK1
T cell receptor signaling pathway                            |hsa04660     |25         |757       |85        |61686         |23.966897194809235 |1.23223e-27           |4.28997e-27           |CHUK,CDC42,AKT3,MAP3K14,RAF1,MAP2K1,MAPK13,MAPK9,PIK3R1,PAK2,PAK1,NFKB1,NFATC3,RHOA,KRAS,JUN,IL10,IKBKB,IFNG,FYN,FOS,AKT2,AKT1,CARD11,MAPK14
Insulin signaling pathway                                    |hsa04910     |25         |757       |89        |61686         |22.889733275941403 |4.522699999999999e-27 |1.5553700000000002e-26|AKT3,SOCS3,SOCS2,SOCS1,SREBF1,SLC2A4,SHC1,RPS6KB1,RHEB,RAF1,MAP2K1,MAPK9,PRKCZ,PRKAR1A,PIK3R1,KRAS,IKBKB,HK2,MTOR,FOXO1,FASN,AKT2,AKT1,RPTOR,CRKL
EGFR tyrosine kinase inhibitor resistance                    |hsa01521     |23         |757       |69        |61686         |27.162483487450462 |5.63836e-27           |1.9156799999999998e-26|BCL2L11,AKT3,VEGFA,STAT3,SHC1,RPS6KB1,BCL2,RAF1,PTEN,MAP2K1,PIK3R1,PDGFRB,KRAS,KDR,JAK1,IGF1R,IGF1,HGF,MTOR,FOXO3,FGF2,AKT2,AKT1
Acute myeloid leukemia                                       |hsa05221     |22         |757       |60        |61686         |29.878731836195506 |6.10247e-27           |2.0486900000000003e-26|CHUK,AKT3,RUNX1,STAT5A,STAT3,SPI1,RPS6KB1,CCND1,RAF1,MAP2K1,PIK3R1,PIM1,NFKB1,MYC,KRAS,KIT,IKBKB,MTOR,AKT2,AKT1,TCF7L1,CSF1R
TGF-beta signaling pathway                                   |hsa04350     |22         |757       |61        |61686         |29.388916560192303 |9.4361e-27            |3.13056e-26           |RBX1,ACVR2B,ACVR2A,TGFB1,BMP7,SP1,RPS6KB1,RBL1,NODAL,MYC,SMAD7,SMAD5,SMAD4,SMAD3,SMAD2,SMAD1,RHOA,IFNG,ID2,FBN1,E2F5,TGIF2
Bladder cancer                                               |hsa05219     |19         |757       |39        |61686         |39.699014327812215 |2.1410599999999998e-26|7.0207e-26            |RASSF1,CDKN1A,VEGFA,TP53,CCND1,RB1,RAF1,MAP2K1,MYC,MMP2,MMP1,MDM2,KRAS,CXCL8,E2F3,E2F2,E2F1,HBEGF,DAPK1
AMPK signaling pathway                                       |hsa04152     |24         |757       |83        |61686         |23.56263627827028  |2.20328e-26           |7.141669999999999e-26 |SIRT1,AKT3,CREB5,SREBF1,SLC2A4,RPS6KB1,CCND1,RHEB,PPP2R2A,PIK3R1,LEPR,IGF1R,IGF1,HMGCR,MTOR,FOXO3,FOXO1,FASN,AKT2,AKT1,RPTOR,CAB39,RAB14,CREB1
NF-kappa B signaling pathway                                 |hsa04064     |24         |757       |87        |61686         |22.479296679269346 |7.8639e-26            |2.5200200000000003e-25|CHUK,TAB2,TAB1,MAP3K14,TRADD,TNFSF11,UBE2I,TRAF5,TLR4,CXCL12,BCL2,PTGS2,ATM,NFKB1,MYD88,IRAK1,CXCL8,IKBKB,XIAP,ICAM1,TICAM1,CARD11,CYLD,CARD10
Pertussis                                                    |hsa05133     |21         |757       |58        |61686         |29.50407689154102  |1.22177e-25           |3.8712300000000002e-25|CFL2,CASP7,CASP3,TLR4,MAPK13,MAPK9,NFKB1,MYD88,RHOA,JUN,ITGB1,ITGA5,IRAK1,IL12B,IL10,CXCL8,GNAI3,GNAI2,FOS,TICAM1,MAPK14
Longevity regulating pathway                                 |hsa04211     |22         |757       |69        |61686         |25.981505944517835 |2.2892e-25            |7.17284e-25           |ADCY9,SIRT1,AKT3,CREB5,ATG5,CAMK4,TP53,SOD2,RPS6KB1,RHEB,PIK3R1,NFKB1,KRAS,IGF1R,IGF1,MTOR,FOXO3,FOXO1,AKT2,AKT1,RPTOR,CREB1
Estrogen signaling pathway                                   |hsa04915     |23         |757       |80        |61686         |23.427642007926025 |2.8223099999999998e-25|8.74605e-25           |ADCY9,AKT3,CREB5,SP1,SHC1,BCL2,RAF1,MAP2K1,PIK3R1,OPRM1,NOS3,MMP2,KRAS,JUN,ITPR1,GNAI3,GNAI2,FOS,AKT2,AKT1,ESR1,HBEGF,CREB1
Melanogenesis                                                |hsa04916     |21         |757       |62        |61686         |27.600588059828695 |6.42871e-25           |1.97054e-24           |ADCY9,CAMK2D,FZD7,FZD4,FZD5,TYR,RAF1,MAP2K1,MITF,KRAS,KIT,GNAI3,GNAI2,WNT3A,TCF7L1,EDN1,DVL2,DVL1,CTNNB1,WNT4,CREB1
ErbB signaling pathway                                       |hsa04012     |22         |757       |72        |61686         |24.898943196829592 |6.73025e-25           |2.04078e-24           |CDKN1B,CDKN1A,AKT3,CAMK2D,BTC,STAT5A,SHC1,RPS6KB1,RAF1,MAP2K1,MAPK9,PIK3R1,PAK2,PAK1,MYC,KRAS,JUN,MTOR,AKT2,AKT1,HBEGF,CRKL
Necroptosis                                                  |hsa04217     |23         |757       |86        |61686         |21.793155356210256 |1.82305e-24           |5.46914e-24           |CASP8,TNFRSF10A,TNFRSF10B,FADD,TNFSF10,TRADD,CAMK2D,TRAF5,TLR4,STAT5A,STAT3,STAT1,BCL2,MAPK9,JAK1,FASLG,IFNGR1,IFNG,XIAP,HMGB1,TICAM1,CYLD,CYBB
Endometrial cancer                                           |hsa05213     |19         |757       |49        |61686         |31.597174669075027 |5.22363e-24           |1.55059e-23           |CDKN1A,AKT3,AXIN2,TP53,CCND1,RAF1,PTEN,MAP2K1,PIK3R1,MYC,MLH1,KRAS,ILK,APC,FOXO3,AKT2,AKT1,TCF7L1,CTNNB1
Leishmaniasis                                                |hsa05140     |20         |757       |59        |61686         |27.622864563508948 |8.35664e-24           |2.45476e-23           |TAB2,TAB1,TLR4,TGFB1,STAT1,PTGS2,MAPK13,NFKB1,MYD88,JUN,JAK1,ITGB1,IRAK1,IL12B,IL10,IFNGR1,IFNG,FOS,CYBB,MAPK14
Non-small cell lung cancer                                   |hsa05223     |20         |757       |61        |61686         |26.717196872902097 |1.8227599999999997e-23|5.29917e-23           |RASSF1,CDKN1A,CDK6,AKT3,TP53,STAT5A,STAT3,CCND1,RB1,RAF1,MAP2K1,PIK3R1,KRAS,HGF,FOXO3,AKT2,AKT1,E2F3,E2F2,E2F1
Th17 cell differentiation                                    |hsa04659     |22         |757       |83        |61686         |21.59908325508109  |2.2906099999999998e-23|6.59136e-23           |CHUK,RUNX1,TGFB1,STAT5A,STAT3,STAT1,MAPK13,MAPK9,NFKB1,NFATC3,SMAD4,SMAD3,SMAD2,JUN,JAK1,IKBKB,IFNGR1,IFNG,HIF1A,MTOR,FOS,MAPK14
Leukocyte transendothelial migration                         |hsa04670     |21         |757       |75        |61686         |22.816486129458387 |6.32828e-23           |1.8026e-22            |CDC42,ROCK2,CLDN1,CLDN2,CXCL12,RAP1B,RAC1,PXN,MAPK13,PIK3R1,MSN,MMP2,RHOA,ITGB1,ICAM1,GNAI3,GNAI2,CYBB,CTNND1,CTNNB1,MAPK14
cGMP-PKG signaling pathway                                   |hsa04022     |24         |757       |116       |61686         |16.859472509452008 |1.44668e-22           |4.07964e-22           |ADCY9,AKT3,CREB5,ROCK2,CACNA1C,SLC8A1,RAF1,MAP2K1,ATP1B1,NOS3,NFATC3,MYLK,MEF2D,MEF2A,RHOA,ITPR1,GNAI3,GNAI2,GATA4,AKT2,AKT1,AGTR1,EDNRA,CREB1
Bacterial invasion of epithelial cells                       |hsa05100     |18         |757       |49        |61686         |29.934165475965813 |2.64269e-22           |7.378589999999999e-22 |CDC42,ACTR2,ARPC3,CAV1,SHC1,RAC1,PXN,PIK3R1,RHOA,ITGB1,ITGA5,ILK,FN1,CTTN,DOCK1,ELMO2,CTNNB1,CRKL
Progesterone-mediated oocyte maturation                      |hsa04914     |19         |757       |59        |61686         |26.241721335333498 |3.4536e-22            |9.54819e-22           |ADCY9,CDK2,CDC25A,AKT3,RAF1,MAP2K1,MAPK13,MAPK9,PIK3R1,MAD2L1,KRAS,IGF1R,IGF1,GNAI3,GNAI2,AKT2,AKT1,CPEB4,MAPK14
Tight junction                                               |hsa04530     |21         |757       |81        |61686         |21.126376045794803 |3.8299000000000005e-22|1.0485699999999998e-21|CDC42,ACTR2,ARPC3,RAPGEF2,ROCK2,CLDN1,CLDN2,RUNX1,TIAM1,CCND1,RAC1,MAPK9,PRKCZ,PPP2R2A,MSN,RHOA,JUN,ITGB1,GATA4,CTTN,PALS1
Insulin resistance                                           |hsa04931     |20         |757       |70        |61686         |23.28212870352897  |4.26837e-22           |1.1573900000000002e-21|NR1H3,AKT3,CREB5,SOCS3,STAT3,SREBF1,SLC2A4,RPS6KB1,PTEN,MAPK9,PRKCZ,PIK3R1,NOS3,NFKB1,IKBKB,MTOR,FOXO1,AKT2,AKT1,CREB1
Huntington disease                                           |hsa05016     |22         |757       |95        |61686         |18.87077800180769  |5.934740000000001e-22 |1.5939e-21            |TUBB3,ULK2,CREB5,CASP8,CASP3,BECN1,UQCRFS1,TP53,TFAM,SP1,SOD2,SLC1A2,BDNF,MAPK9,COX2,MAP3K10,ITPR1,APAF1,GRIA2,MTOR,CREB1,BBC3
Central carbon metabolism in cancer                          |hsa05230     |18         |757       |52        |61686         |28.20719439081394  |9.43145e-22           |2.50912e-21           |AKT3,TP53,RAF1,PTEN,MAP2K1,PIK3R1,PDGFRB,NTRK3,MYC,KRAS,KIT,HK2,HIF1A,MTOR,FGFR1,AKT2,AKT1,GLS2
Th1 and Th2 cell differentiation                             |hsa04658     |19         |757       |66        |61686         |23.45850846643449  |3.94785e-21           |1.04046e-20           |CHUK,RUNX3,STAT5A,STAT1,MAPK13,MAPK9,NOTCH1,NFKB1,NFATC3,JUN,JAK1,IL13,IL12B,IKBKB,IFNGR1,IFNG,FOS,JAG1,MAPK14
VEGF signaling pathway                                       |hsa04370     |16         |757       |44        |61686         |29.63180016812778  |6.849500000000001e-20 |1.78848e-19           |CDC42,AKT3,VEGFA,RAF1,RAC1,PXN,PTGS2,MAP2K1,MAPK13,PIK3R1,NOS3,KRAS,KDR,AKT2,AKT1,MAPK14
Ubiquitin mediated proteolysis                               |hsa04120     |18         |757       |64        |61686         |22.918345442536328 |6.9419e-20            |1.79598e-19           |HERC4,TRIM32,RBX1,KEAP1,SOCS3,SOCS1,PIAS1,CUL2,CUL5,VHL,UBE2I,BRCA1,SIAH1,MDM2,XIAP,ITCH,FBXW7,DET1
Metabolic pathways                                           |hsa01100     |41         |757       |557       |61686         |5.998178579814017  |1.02578e-19           |2.62972e-19           |ADCY9,SIRT1,SIRT4,INPP5F,NAMPT,SLC33A1,CDS2,TUSC3,UQCRFS1,TYR,PTGS2,PTEN,PLOD2,PDE4B,PDE4A,P4HA1,NOS3,COX2,MAT2A,INPP5D,HMGCR,HK2,HAL,GATM,GAPDH,ALOX12,FH,FASN,EZH2,CYP2U1,CBR4,DNMT3B,DNMT3A,DNMT1,DHFR,CYP2C8,NSD3,CERS2,SETD2,MAT2B,GLS2
Longevity regulating pathway - multiple species              |hsa04213     |16         |757       |46        |61686         |28.343461030383093 |1.5930799999999999e-19|4.0472900000000005e-19|ADCY9,SIRT1,AKT3,ATG5,SOD2,RPS6KB1,PIK3R1,KRAS,IGF1R,IGF1,MTOR,FOXO3,FOXO1,AKT2,AKT1,RPTOR
Adrenergic signaling in cardiomyocytes                       |hsa04261     |19         |757       |80        |61686         |19.353269484808457 |2.25376e-19           |5.67465e-19           |ADCY9,AKT3,CREB5,CAMK2D,CACNA1C,SLC9A1,SLC8A1,SCN5A,BCL2,MAPK13,PPP2R2A,ATP1B1,GNAI3,GNAI2,AKT2,AKT1,AGTR1,MAPK14,CREB1
Oxytocin signaling pathway                                   |hsa04921     |20         |757       |94        |61686         |17.33775541752157  |2.7072200000000003e-19|6.75607e-19           |ADCY9,CDKN1A,ROCK2,CAMK2D,CAMK4,CACNA1C,CCND1,RAF1,PTGS2,MAP2K1,NOS3,NFATC3,MYLK,RHOA,KRAS,JUN,ITPR1,GNAI3,GNAI2,FOS
Basal cell carcinoma                                         |hsa05217     |15         |757       |39        |61686         |31.341327100904376 |3.5969600000000003e-19|8.897739999999999e-19 |CDKN1A,FZD7,FZD4,AXIN2,FZD5,TP53,PTCH1,APC,WNT3A,TCF7L1,DVL2,DVL1,CTNNB1,WNT4,SUFU
Mitophagy - animal                                           |hsa04137     |16         |757       |49        |61686         |26.60814708974739  |5.199259999999999e-19 |1.26396e-18           |GABARAPL1,MFN2,ATG5,BECN1,TP53,BNIP3L,BNIP3,SP1,MAPK9,MITF,KRAS,JUN,HIF1A,FOXO3,E2F1,TBK1
RIG-I-like receptor signaling pathway                        |hsa04622     |16         |757       |49        |61686         |26.60814708974739  |5.199259999999999e-19 |1.26396e-18           |CHUK,IKBKE,ATG5,CASP8,FADD,TRADD,MAPK13,MAPK9,PIN1,NFKB1,IL12B,CXCL8,IKBKB,CYLD,MAPK14,TBK1
Prion disease                                                |hsa05020     |20         |757       |97        |61686         |16.80153617780441  |5.27257e-19           |1.27083e-18           |TUBB3,CREB5,CAV1,CASP3,CACNA1C,UQCRFS1,RAC1,MAPK13,MAPK9,PIK3R1,NOTCH1,NCAM1,COX2,LAMC1,ITPR1,APAF1,FYN,CYBB,MAPK14,CREB1
Choline metabolism in cancer                                 |hsa05231     |17         |757       |60        |61686         |23.088110964332895 |6.442050000000001e-19 |1.53954e-18           |AKT3,SP1,RPS6KB1,RHEB,RAF1,RAC1,MAP2K1,MAPK9,PIK3R1,PDGFRB,KRAS,JUN,HIF1A,MTOR,FOS,AKT2,AKT1
Neutrophil extracellular trap formation                      |hsa04613     |19         |757       |87        |61686         |17.796109871088234 |1.25406e-18           |2.9718099999999996e-18|AKT3,TLR4,RAF1,RAC1,MAP2K1,MAPK13,PIK3R1,NFKB1,ITGB3,HMGB1,H3-3A,MTOR,FGG,FGB,FGA,AKT2,AKT1,CYBB,MAPK14
Cytokine-cytokine receptor interaction                       |hsa04060     |23         |757       |150       |61686         |12.494742404227212 |1.3581600000000001e-18|3.1916800000000003e-18|ACVR2B,ACVR2A,TNFRSF10A,TNFRSF10B,TNFSF10,TNFSF11,TGFB1,BMP7,CXCL12,NODAL,MPL,LEPR,FASLG,IL13RA1,IL13,IL12B,IL10RA,IL10,CXCL8,IFNGR1,IFNG,IL17RB,CSF1R
Calcium signaling pathway                                    |hsa04020     |23         |757       |151       |61686         |12.411995765788623 |1.58394e-18           |3.6915e-18            |ADCY9,CAMK2D,CAMK4,CACNA1C,VEGFA,STIM1,SLC8A1,PDGFRB,NTRK3,NTRK2,NOS3,MYLK,KDR,ITPR1,HRH1,HGF,FLT1,FGFR1,FGF7,FGF2,AGTR1,EDNRA,ADORA2A
Cholinergic synapse                                          |hsa04725     |18         |757       |76        |61686         |19.299659320030592 |2.1058900000000004e-18|4.8677e-18            |ADCY9,AKT3,CREB5,CAMK2D,CAMK4,CACNA1C,BCL2,MAP2K1,PIK3R1,KRAS,ITPR1,GNAI3,GNAI2,FYN,FOS,AKT2,AKT1,CREB1
Fc gamma R-mediated phagocytosis                             |hsa04666     |17         |757       |65        |61686         |21.31210242861498  |2.93556e-18           |6.730319999999999e-18 |CFL2,CDC42,ACTR2,ARPC3,AKT3,RPS6KB1,RAF1,RAC1,MAP2K1,PIK3R1,PAK1,MYO10,INPP5D,AKT2,AKT1,DOCK1,CRKL
Amoebiasis                                                   |hsa05146     |17         |757       |67        |61686         |20.67592026656677  |5.1791e-18            |1.17783e-17           |CASP3,TLR4,TGFB1,PIK3R1,NFKB1,LAMC2,LAMC1,IL12B,IL10,CXCL8,IFNG,FN1,COL4A2,COL4A1,COL3A1,COL1A2,COL1A1
ECM-receptor interaction                                     |hsa04512     |15         |757       |46        |61686         |26.57199471598415  |6.7631099999999996e-18|1.51365e-17           |CD47,SPP1,LAMC2,LAMC1,ITGB3,ITGB1,ITGAV,ITGA9,ITGA5,ITGA6,FN1,COL4A2,COL4A1,COL1A2,COL1A1
Epithelial cell signaling in Helicobacter pylori infection   |hsa05120     |15         |757       |46        |61686         |26.57199471598415  |6.7631099999999996e-18|1.51365e-17           |CHUK,ADAM10,CDC42,MAP3K14,CASP3,RAC1,MAPK13,MAPK9,PAK1,NFKB1,JUN,CXCL8,IKBKB,HBEGF,MAPK14
Amyotrophic lateral sclerosis                                |hsa05014     |21         |757       |126       |61686         |13.58124174372523  |7.20362e-18           |1.5995399999999997e-17|GABARAPL1,ATF6,TUBB3,MATR3,ULK2,CASP3,BECN1,UQCRFS1,TP53,SLC1A2,BCL2,RAC1,RAB1A,MAPK13,COX2,APAF1,GRIA2,MTOR,MAPK14,UBQLN1,TBK1
Apoptosis - multiple species                                 |hsa04215     |13         |757       |29        |61686         |36.52885710381269  |7.324169999999999e-18 |1.6136099999999998e-17|BCL2L11,CASP8,CASP7,CASP3,FADD,BECN1,BCL2,MAPK9,PMAIP1,BIRC5,XIAP,APAF1,BBC3
B cell receptor signaling pathway                            |hsa04662     |16         |757       |57        |61686         |22.87367030522144  |8.2103e-18            |1.79481e-17           |CHUK,AKT3,RAF1,RAC1,MAP2K1,PIK3R1,NFKB1,NFATC3,KRAS,JUN,INPP5D,IKBKB,FOS,AKT2,AKT1,CARD11
Oocyte meiosis                                               |hsa04114     |16         |757       |64        |61686         |20.371862615587848 |6.397589999999999e-17 |1.38778e-16           |ADCY9,CDK2,RBX1,CCNE1,CCNE2,CAMK2D,YWHAZ,MAP2K1,MAPK13,MAD2L1,AR,ITPR1,IGF1R,IGF1,CPEB4,MAPK14
Thermogenesis                                                |hsa04714     |17         |757       |80        |61686         |17.31608322324967  |1.34462e-16           |2.89453e-16           |ADCY9,CREB5,ARID1A,UQCRFS1,SMARCB1,SMARCA4,RPS6KB1,RHEB,MAPK13,COX2,KRAS,MTOR,FGFR1,RPTOR,KDM3A,MAPK14,CREB1
Protein digestion and absorption                             |hsa04974     |13         |757       |36        |61686         |29.426023778071336 |2.3049499999999996e-16|4.92422e-16           |SLC8A1,ATP1B1,ELN,COL21A1,COL15A1,COL10A1,COL7A1,COL5A2,COL4A2,COL4A1,COL3A1,COL1A2,COL1A1
Natural killer cell mediated cytotoxicity                    |hsa04650     |16         |757       |74        |61686         |17.618908208075975 |7.8625e-16            |1.66709e-15           |CASP3,TNFRSF10A,TNFRSF10B,TNFSF10,SHC1,RAF1,RAC1,MAP2K1,PIK3R1,PAK1,KRAS,FASLG,IFNGR1,IFNG,ICAM1,FYN
Phospholipase D signaling pathway                            |hsa04072     |18         |757       |104       |61686         |14.10359719540697  |8.109810000000001e-16 |1.7066900000000001e-15|ADCY9,AKT3,SHC1,RHEB,RAF1,MAP2K1,PIK3R1,PDGFRB,RHOA,KRAS,KIT,CXCL8,FYN,MTOR,AKT2,AKT1,AGTR1,LPAR1
Fc epsilon RI signaling pathway                              |hsa04664     |14         |757       |52        |61686         |21.938928970633068 |1.7950500000000002e-15|3.74965e-15           |AKT3,RAF1,RAC1,MAP2K1,MAPK13,MAPK9,PIK3R1,KRAS,INPP5D,IL13,FYN,AKT2,AKT1,MAPK14
Dopaminergic synapse                                         |hsa04728     |16         |757       |80        |61686         |16.29749009247028  |2.94377e-15           |6.10399e-15           |AKT3,CREB5,CAMK2D,CACNA1C,MAPK13,MAPK9,PPP2R2A,ITPR1,GRIA2,GNAI3,GNAI2,FOS,AKT2,AKT1,MAPK14,CREB1
Adherens junction                                            |hsa04520     |14         |757       |55        |61686         |20.742260117689447 |4.27059e-15           |8.790560000000001e-15 |CDC42,SNAI1,RAC1,SMAD4,SMAD3,RHOA,IGF1R,FYN,FGFR1,SSX2IP,TCF7L1,CTNND1,CTNNB1,NLK
Inflammatory bowel disease                                   |hsa05321     |13         |757       |50        |61686         |21.186737120211358 |3.02382e-14           |6.179099999999999e-14 |TLR4,TGFB1,STAT3,STAT1,NFKB1,SMAD3,SMAD2,JUN,IL13,IL12B,IL10,IFNGR1,IFNG
Arrhythmogenic right ventricular cardiomyopathy              |hsa05412     |12         |757       |39        |61686         |25.0730616807235   |3.09165e-14           |6.27227e-14           |CDH2,CACNA1C,SLC8A1,ITGB3,ITGB1,ITGAV,ITGA9,ITGA5,ITGA6,GJA1,TCF7L1,CTNNB1
Parkinson disease                                            |hsa05012     |15         |757       |79        |61686         |15.472300720699629 |4.90323e-14           |9.8765e-14            |ATF6,TUBB3,MFN2,CASP3,CAMK2D,UQCRFS1,TP53,MAPK9,COX2,ITPR1,APAF1,GNAI3,GNAI2,DUSP1,ADORA2A
Adipocytokine signaling pathway                              |hsa04920     |13         |757       |52        |61686         |20.371862615587848 |5.2906899999999995e-14|1.05814e-13           |CHUK,AKT3,SOCS3,TRADD,STAT3,SLC2A4,MAPK9,NFKB1,LEPR,IKBKB,MTOR,AKT2,AKT1
GnRH signaling pathway                                       |hsa04912     |14         |757       |67        |61686         |17.027228454819692 |8.3836e-14            |1.66491e-13           |ADCY9,CDC42,CAMK2D,CACNA1C,RAF1,MAP2K1,MAPK13,MAPK9,MMP2,KRAS,JUN,ITPR1,HBEGF,MAPK14
Legionellosis                                                |hsa05134     |12         |757       |43        |61686         |22.740683849958526 |1.15948e-13           |2.28653e-13           |CASP8,CASP7,CASP3,TLR4,BNIP3,RAB1A,NFKB1,NAIP,MYD88,IL12B,CXCL8,APAF1
Cell adhesion molecules                                      |hsa04514     |13         |757       |57        |61686         |18.58485712299242  |1.92831e-13           |3.77627e-13           |CADM1,CDH2,CLDN1,CLDN2,SELE,NCAM1,ITGB1,ITGAV,ITGA9,ITGA6,ICAM1,ALCAM,CD274
Serotonergic synapse                                         |hsa04726     |14         |757       |71        |61686         |16.067947978491823 |1.97116e-13           |3.80731e-13           |CASP3,CACNA1C,SLC6A4,RAF1,PTGS2,MAP2K1,KRAS,ITPR1,APP,GNAI3,GNAI2,ALOX12,DUSP1,CYP2C8
Alcoholism                                                   |hsa05034     |14         |757       |71        |61686         |16.067947978491823 |1.97116e-13           |3.80731e-13           |CREB5,CAMK4,SHC1,BDNF,RAF1,MAP2K1,PKIA,NTRK2,KRAS,H3-3A,GNAI3,GNAI2,ADORA2A,CREB1
Endocytosis                                                  |hsa04144     |15         |757       |90        |61686         |13.581241743725231 |3.67716e-13           |7.05414e-13           |RAB11FIP2,ARFGEF1,CDC42,ACTR2,ARPC3,CAV1,PRKCZ,MDM2,SMAD3,SMAD2,RHOA,ARF4,IGF1R,ITCH,DAB2
Type II diabetes mellitus                                    |hsa04930     |11         |757       |39        |61686         |22.983639873996545 |1.08521e-12           |2.0677599999999997e-12|SOCS3,SOCS2,SOCS1,CACNA1C,SLC2A4,MAPK9,PRKCZ,PIK3R1,IKBKB,HK2,MTOR
Rheumatoid arthritis                                         |hsa05323     |12         |757       |57        |61686         |17.155252728916082 |4.57122e-12           |8.65158e-12           |TNFSF11,VEGFA,TLR4,TGFB1,CXCL12,MMP1,JUN,CXCL8,IFNG,ICAM1,FOS,FLT1
Hypertrophic cardiomyopathy                                  |hsa05410     |11         |757       |49        |61686         |18.293101124201332 |1.68786e-11           |3.17317e-11           |CACNA1C,TGFB1,SLC8A1,ITGB3,ITGB1,ITGAV,ITGA9,ITGA5,ITGA6,IGF1,EDN1
Dilated cardiomyopathy                                       |hsa05414     |11         |757       |58        |61686         |15.454516466997676 |1.1934299999999997e-10|2.2287900000000003e-10|ADCY9,CACNA1C,TGFB1,SLC8A1,ITGB3,ITGB1,ITGAV,ITGA9,ITGA5,ITGA6,IGF1
Amphetamine addiction                                        |hsa05031     |10         |757       |45        |61686         |18.108322324966977 |1.5821100000000002e-10|2.9352299999999996e-10|SIRT1,ARC,CREB5,CAMK2D,CAMK4,CACNA1C,JUN,GRIA2,FOS,CREB1
Gap junction                                                 |hsa04540     |11         |757       |61        |61686         |14.694458280096152 |2.1195399999999998e-10|3.90661e-10           |ADCY9,TUBB3,RAF1,MAP2K1,PDGFRB,KRAS,ITPR1,GNAI3,GNAI2,GJA1,LPAR1
Vascular smooth muscle contraction                           |hsa04270     |12         |757       |78        |61686         |12.53653084036175  |2.21964e-10           |4.06453e-10           |ADCY9,ROCK2,CACNA1C,RAF1,MAP2K1,MYLK,RHOA,ITPR1,AGTR1,EDNRA,EDN1,ADORA2A
GnRH secretion                                               |hsa04929     |10         |757       |48        |61686         |16.97655217965654  |3.1380700000000005e-10|5.70926e-10           |AKT3,CACNA1C,SPP1,RAF1,MAP2K1,PIK3R1,KRAS,ITPR1,AKT2,AKT1
Malaria                                                      |hsa05144     |9          |757       |40        |61686         |18.334676354029064 |1.17227e-09           |2.11911e-09           |TLR4,TGFB1,SELE,MYD88,IL10,CXCL8,IFNG,ICAM1,HGF
Hippo signaling pathway - multiple species                   |hsa04392     |6          |757       |11        |61686         |44.447700252191666 |1.46827e-09           |2.63727e-09           |WWC1,RASSF1,YAP1,RASSF2,PAK1,LATS2
Spinocerebellar ataxia                                       |hsa05017     |11         |757       |74        |61686         |12.112999393052233 |1.8340599999999998e-09|3.27345e-09           |AKT3,ULK2,BECN1,SP1,MAPK9,PIK3R1,ITPR1,GRIA2,MTOR,AKT2,AKT1
Long-term potentiation                                       |hsa04720     |9          |757       |43        |61686         |17.055512887468893 |2.33956e-09           |4.14941e-09           |CAMK2D,CAMK4,CACNA1C,RAP1B,RAF1,MAP2K1,KRAS,ITPR1,GRIA2
Phagosome                                                    |hsa04145     |11         |757       |76        |61686         |11.794236251129806 |2.45784e-09           |4.33193e-09           |CORO1A,TUBB3,SCARB1,TLR4,RAC1,OLR1,ITGB3,ITGB1,ITGAV,ITGA5,CYBB
Protein processing in endoplasmic reticulum                  |hsa04141     |10         |757       |60        |61686         |13.581241743725231 |3.16868e-09           |5.5501099999999996e-09|ATF6,SEC23A,RBX1,TUSC3,SEL1L,BCL2,DNAJC3,MAPK9,PDIA3,UBQLN1
Long-term depression                                         |hsa04730     |9          |757       |45        |61686         |16.297490092470277 |3.5969099999999997e-09|6.26129e-09           |RAF1,MAP2K1,KRAS,ITPR1,IGF1R,IGF1,GRIA2,GNAI3,GNAI2
Notch signaling pathway                                      |hsa04330     |8          |757       |32        |61686         |20.371862615587848 |4.02105e-09           |6.9142399999999995e-09|NCSTN,NCOR2,KAT2B,TLE4,NOTCH1,JAG1,DVL2,DVL1
Thyroid cancer                                               |hsa05216     |8          |757       |32        |61686         |20.371862615587848 |4.02105e-09           |6.9142399999999995e-09|CDKN1A,TP53,CCND1,MAP2K1,MYC,KRAS,TCF7L1,CTNNB1
Autophagy - other                                            |hsa04136     |7          |757       |21        |61686         |27.162483487450466 |4.08286e-09           |6.977979999999999e-09 |GABARAPL1,ULK2,ATG5,BECN1,MTOR,RPTOR,ATG16L1
Aldosterone synthesis and secretion                          |hsa04925     |10         |757       |63        |61686         |12.934515946404982 |5.19669e-09           |8.72301e-09           |ADCY9,SCARB1,CREB5,CAMK2D,CAMK4,CACNA1C,ATP1B1,ITPR1,AGTR1,CREB1
Inflammatory mediator regulation of TRP channels             |hsa04750     |10         |757       |63        |61686         |12.934515946404982 |5.19669e-09           |8.72301e-09           |ADCY9,CAMK2D,MAPK13,MAPK9,PIK3R1,ITPR1,IGF1,HRH1,ALOX12,MAPK14
Retrograde endocannabinoid signaling                         |hsa04723     |10         |757       |63        |61686         |12.934515946404982 |5.19669e-09           |8.72301e-09           |ADCY9,CACNA1C,PTGS2,MAPK13,MAPK9,ITPR1,GRIA2,GNAI3,GNAI2,MAPK14
Circadian entrainment                                        |hsa04713     |10         |757       |67        |61686         |12.162306039156922 |9.64878e-09           |1.6100299999999998e-08|ADCY9,CAMK2D,CACNA1C,PER1,ITPR1,GRIA2,GNAI3,GNAI2,FOS,CREB1
Glucagon signaling pathway                                   |hsa04922     |9          |757       |53        |61686         |13.837491587946461 |1.64816e-08           |2.73401e-08           |SIRT1,AKT3,CREB5,CAMK2D,ITPR1,FOXO1,AKT2,AKT1,CREB1
Cocaine addiction                                            |hsa05030     |8          |757       |38        |61686         |17.155252728916082 |1.75205e-08           |2.88935e-08           |CREB5,BDNF,NFKB1,JUN,GRIA2,GNAI3,GNAI2,CREB1
Hedgehog signaling pathway                                   |hsa04340     |7          |757       |27        |61686         |21.126376045794803 |2.9247400000000002e-08|4.7952199999999996e-08|CCND2,BCL2,CCND1,PTCH1,GAS1,SUFU,CSNK1A1
African trypanosomiasis                                      |hsa05143     |7          |757       |30        |61686         |19.013738441215324 |6.49389e-08           |1.05854e-07           |SELE,MYD88,FASLG,IL12B,IL10,IFNG,ICAM1
Gastric acid secretion                                       |hsa04971     |8          |757       |45        |61686         |14.48665785997358  |7.15987e-08           |1.16039e-07           |ADCY9,CAMK2D,SLC9A1,ATP1B1,MYLK,ITPR1,GNAI3,GNAI2
Renin secretion                                              |hsa04924     |8          |757       |46        |61686         |14.171730515191546 |8.57409e-08           |1.38165e-07           |CACNA1C,ITPR1,GNAI3,GNAI2,AGTR1,EDNRA,EDN1,CREB1
Regulation of lipolysis in adipocytes                        |hsa04923     |8          |757       |48        |61686         |13.581241743725231 |1.2134499999999998e-07|1.9442799999999997e-07|ADCY9,AKT3,PTGS2,PIK3R1,GNAI3,GNAI2,AKT2,AKT1
Cortisol synthesis and secretion                             |hsa04927     |8          |757       |49        |61686         |13.304073544873695 |1.43465e-07           |2.28571e-07           |ADCY9,SCARB1,CREB5,CACNA1C,SP1,ITPR1,AGTR1,CREB1
Viral myocarditis                                            |hsa05416     |7          |757       |34        |61686         |16.776828036366464 |1.6444199999999998e-07|2.6052e-07            |CAV1,CASP8,CASP3,CCND1,RAC1,ICAM1,FYN
Carbohydrate digestion and absorption                        |hsa04973     |6          |757       |22        |61686         |22.223850126095833 |2.11331e-07           |3.3293500000000004e-07|AKT3,PIK3R1,ATP1B1,HK2,AKT2,AKT1
Glutamatergic synapse                                        |hsa04724     |9          |757       |72        |61686         |10.185931307793924 |2.57255e-07           |4.03033e-07           |ADCY9,SHANK2,CACNA1C,SLC1A2,ITPR1,GRIA2,GNAI3,GNAI2,GLS2
Viral protein interaction with cytokine and cytokine receptor|hsa04061     |8          |757       |53        |61686         |12.299992522619078 |2.7004100000000003e-07|4.2072699999999995e-07|TNFRSF10A,TNFRSF10B,TNFSF10,CXCL12,IL10RA,IL10,CXCL8,CSF1R
Cardiac muscle contraction                                   |hsa04260     |6          |757       |26        |61686         |18.804796260542627 |6.25392e-07           |9.637189999999999e-07 |CACNA1C,UQCRFS1,SLC9A1,SLC8A1,ATP1B1,COX2
Antifolate resistance                                        |hsa01523     |6          |757       |26        |61686         |18.804796260542627 |6.25392e-07           |9.637189999999999e-07 |CHUK,ABCG2,NFKB1,IKBKB,ALOX12,DHFR
Thyroid hormone synthesis                                    |hsa04918     |7          |757       |42        |61686         |13.581241743725233 |7.573480000000001e-07 |1.16072e-06           |ADCY9,CREB5,TTF1,TG,ATP1B1,ITPR1,CREB1
Fanconi anemia pathway                                       |hsa03460     |5          |757       |16        |61686         |25.464828269484812 |1.0726000000000001e-06|1.6349799999999999e-06|BRCA1,RAD51,ATR,MLH1,ERCC4
Bile secretion                                               |hsa04976     |7          |757       |50        |61686         |11.408243064729195 |2.5754200000000005e-06|3.90467e-06           |ADCY9,SCARB1,NR1H4,ABCG2,SLC9A1,ATP1B1,HMGCR
Phosphatidylinositol signaling system                        |hsa04070     |6          |757       |35        |61686         |13.96927722211738  |4.013780000000001e-06 |6.052869999999999e-06 |INPP5F,CDS2,PTEN,PIK3R1,ITPR1,INPP5D
Pancreatic secretion                                         |hsa04972     |7          |757       |58        |61686         |9.83469229718034   |7.121419999999999e-06 |1.06821e-05           |ADCY9,SLC9A1,RAP1B,RAC1,ATP1B1,RHOA,ITPR1
Vasopressin-regulated water reabsorption                     |hsa04962     |5          |757       |25        |61686         |16.297490092470277 |1.19056e-05           |1.77638e-05           |ADCY9,CREB5,ARHGDIA,AQP3,CREB1
Neuroactive ligand-receptor interaction                      |hsa04080     |10         |757       |148       |61686         |5.5059088150237425 |1.6282e-05            |2.4165900000000002e-05|THRB,OPRM1,LEPR,HRH1,GRIA2,AGTR1,EDNRA,EDN1,LPAR1,ADORA2A
Base excision repair                                         |hsa03410     |4          |757       |14        |61686         |23.282128703528965 |2.0423e-05            |3.0153400000000002e-05|UNG,TDG,HMGB1,POLE3
Cysteine and methionine metabolism                           |hsa00270     |5          |757       |29        |61686         |14.049560424543342 |2.55524e-05           |3.75301e-05           |MAT2A,DNMT3B,DNMT3A,DNMT1,MAT2B
GABAergic synapse                                            |hsa04727     |6          |757       |52        |61686         |9.402398130271314  |4.21792e-05           |6.16297e-05           |GABARAPL1,ADCY9,CACNA1C,GNAI3,GNAI2,GLS2
Morphine addiction                                           |hsa05032     |6          |757       |53        |61686         |9.224994391964307  |4.707229999999999e-05 |6.84247e-05           |ADCY9,PDE4B,PDE4A,OPRM1,GNAI3,GNAI2
Cytosolic DNA-sensing pathway                                |hsa04623     |5          |757       |34        |61686         |11.983448597404617 |5.69136e-05           |8.23059e-05           |CHUK,IKBKE,NFKB1,IKBKB,TBK1
Insulin secretion                                            |hsa04911     |6          |757       |57        |61686         |8.577626364458041  |7.13797e-05           |0.000102699           |ADCY9,CREB5,CAMK2D,CACNA1C,ATP1B1,CREB1
Ovarian steroidogenesis                                      |hsa04913     |5          |757       |37        |61686         |11.011817630047485 |8.64901e-05           |0.000123808           |ADCY9,SCARB1,PTGS2,IGF1R,IGF1
Allograft rejection                                          |hsa05330     |4          |757       |21        |61686         |15.52141913568598  |0.000114044           |0.00016161            |FASLG,IL12B,IL10,IFNG
Nucleotide excision repair                                   |hsa03420     |4          |757       |21        |61686         |15.52141913568598  |0.000114044           |0.00016161            |RBX1,ERCC4,ERCC3,POLE3
Aldosterone-regulated sodium reabsorption                    |hsa04960     |4          |757       |23        |61686         |14.171730515191546 |0.000165475           |0.00023332            |PIK3R1,ATP1B1,KRAS,IGF1
Ferroptosis                                                  |hsa04216     |4          |757       |25        |61686         |13.037992073976222 |0.00023183400000000002|0.00032526            |ATG5,TP53,SLC11A2,CYBB
Arachidonic acid metabolism                                  |hsa00590     |4          |757       |27        |61686         |12.072214883311316 |0.00031543799999999997|0.000438195           |PTGS2,ALOX12,CYP2U1,CYP2C8
Lysine degradation                                           |hsa00310     |4          |757       |27        |61686         |12.072214883311316 |0.00031543799999999997|0.000438195           |PLOD2,EZH2,NSD3,SETD2
Mismatch repair                                              |hsa03430     |3          |757       |12        |61686         |20.371862615587844 |0.00037285300000000003|0.0005154140000000001 |MSH2,MLH1,MSH6
Endocrine and other factor-regulated calcium reabsorption    |hsa04961     |4          |757       |29        |61686         |11.239648339634673 |0.000418675           |0.000575933           |ADCY9,SLC8A1,ATP1B1,ESR1
Nicotinate and nicotinamide metabolism                       |hsa00760     |3          |757       |13        |61686         |18.804796260542627 |0.000480289           |0.000654307           |SIRT1,SIRT4,NAMPT
Homologous recombination                                     |hsa03440     |3          |757       |13        |61686         |18.804796260542627 |0.000480289           |0.000654307           |BRCA1,RAD51,ATM
Intestinal immune network for IgA production                 |hsa04672     |4          |757       |31        |61686         |10.514509737077598 |0.000543985           |0.000737519           |MAP3K14,TGFB1,CXCL12,IL10
Circadian rhythm                                             |hsa04710     |3          |757       |16        |61686         |15.278896961690885 |0.000914968           |0.00123455            |RBX1,PER1,CREB1
RNA transport                                                |hsa03013     |4          |757       |37        |61686         |8.809454104037988  |0.0010773             |0.00144666            |UPF2,GEMIN2,UBE2I,FMR1
Hematopoietic cell lineage                                   |hsa04640     |5          |757       |64        |61686         |6.366207067371203  |0.00115251            |0.00154032            |KIT,ITGB3,ITGA5,ITGA6,CSF1R
ABC transporters                                             |hsa02010     |3          |757       |19        |61686         |12.866439546687062 |0.00154044            |0.00204908            |ABCG2,ABCG4,ABCA1
Complement and coagulation cascades                          |hsa04610     |4          |757       |43        |61686         |7.580227949986176  |0.00189955            |0.0025149             |SERPINE1,FGG,FGB,FGA
Fat digestion and absorption                                 |hsa04975     |3          |757       |21        |61686         |11.641064351764484 |0.00207613            |0.00273584            |SCARB1,MTTP,ABCA1
Type I diabetes mellitus                                     |hsa04940     |3          |757       |22        |61686         |11.111925063047916 |0.00238215            |0.00312449            |FASLG,IL12B,IFNG
PPAR signaling pathway                                       |hsa03320     |4          |757       |47        |61686         |6.935102167008629  |0.00264149            |0.00344861            |NR1H3,OLR1,MMP1,ILK
Autoimmune thyroid disease                                   |hsa05320     |3          |757       |23        |61686         |10.62879788639366  |0.00271465            |0.00349557            |TG,FASLG,IL10
mRNA surveillance pathway                                    |hsa03015     |3          |757       |23        |61686         |10.62879788639366  |0.00271465            |0.00349557            |UPF2,PPP2R2A,MSI2
Spliceosome                                                  |hsa03040     |3          |757       |23        |61686         |10.62879788639366  |0.00271465            |0.00349557            |SRSF10,PRPF38A,CDC40
Salivary secretion                                           |hsa04970     |4          |757       |48        |61686         |6.7906208718626155 |0.00285399            |0.00365829            |ADCY9,SLC9A1,ATP1B1,ITPR1
Mineral absorption                                           |hsa04978     |3          |757       |24        |61686         |10.185931307793922 |0.00307436            |0.00392294            |SLC8A1,ATP1B1,SLC11A2
Arginine and proline metabolism                              |hsa00330     |3          |757       |26        |61686         |9.402398130271314  |0.00387815            |0.004926300000000001  |P4HA1,NOS3,GATM
Ribosome                                                     |hsa03010     |2          |757       |8         |61686         |20.371862615587848 |0.00400972            |0.00507059            |RPS23,MRPL18
Inositol phosphate metabolism                                |hsa00562     |3          |757       |29        |61686         |8.429736254726004  |0.00530395            |0.00667729            |INPP5F,PTEN,INPP5D
Systemic lupus erythematosus                                 |hsa05322     |3          |757       |31        |61686         |7.885882302808198  |0.00640756            |0.00799527            |IL10,IFNG,H3-3A
Chemical carcinogenesis                                      |hsa05204     |3          |757       |31        |61686         |7.885882302808198  |0.00640756            |0.00799527            |PTGS2,ARNT,CYP2C8
RNA degradation                                              |hsa03018     |2          |757       |11        |61686         |14.81590008406389  |0.00768636            |0.00954869            |EXOSC2,CNOT6
Antigen processing and presentation                          |hsa04612     |3          |757       |34        |61686         |7.190069158442769  |0.008301799999999998  |0.010268000000000001  |IFNG,PDIA3,CREB1
Fatty acid biosynthesis                                      |hsa00061     |2          |757       |12        |61686         |13.581241743725231 |0.00914906            |0.0112175             |FASN,CBR4
Basal transcription factors                                  |hsa03022     |2          |757       |12        |61686         |13.581241743725231 |0.00914906            |0.0112175             |ERCC3,TAF5L
Staphylococcus aureus infection                              |hsa05150     |3          |757       |37        |61686         |6.60709057802849   |0.0104916             |0.012808000000000002  |IL10,ICAM1,FGG
Biosynthesis of amino acids                                  |hsa01230     |3          |757       |41        |61686         |5.962496375294004  |0.013884700000000002  |0.0168771             |MAT2A,GAPDH,MAT2B
Maturity onset diabetes of the young                         |hsa04950     |2          |757       |15        |61686         |10.864993394980184 |0.0142059             |0.017047              |HNF1B,HNF4G
Asthma                                                       |hsa05310     |2          |757       |15        |61686         |10.864993394980184 |0.0142059             |0.017047              |IL13,IL10
Proximal tubule bicarbonate reclamation                      |hsa04964     |2          |757       |15        |61686         |10.864993394980184 |0.0142059             |0.017047              |ATP1B1,GLS2
Arginine biosynthesis                                        |hsa00220     |2          |757       |16        |61686         |10.185931307793924 |0.0161046             |0.0192436             |NOS3,GLS2
Graft-versus-host disease                                    |hsa05332     |2          |757       |17        |61686         |9.586758877923693  |0.018105              |0.0215427             |FASLG,IFNG
Oxidative phosphorylation                                    |hsa00190     |2          |757       |19        |61686         |8.577626364458041  |0.022400299999999998  |0.026541500000000003  |UQCRFS1,COX2
Olfactory transduction                                       |hsa04740     |2          |757       |22        |61686         |7.407950042031945  |0.0295389             |0.0348534             |CAMK2D,SLC8A1
Purine metabolism                                            |hsa00230     |3          |757       |56        |61686         |4.365399131911681  |0.0315712             |0.0370961             |ADCY9,PDE4B,PDE4A
Biosynthesis of cofactors                                    |hsa01240     |3          |757       |57        |61686         |4.2888131822290205 |0.0330299             |0.0386491             |MAT2A,DHFR,MAT2B
Neomycin, kanamycin and gentamicin biosynthesis              |hsa00524     |1          |757       |3         |61686         |27.162483487450462 |0.0363661             |0.042377099999999994  |HK2
